[Advisors.Advisor-Mutants-1].Name;Unknown
[Advisors.Advisor-Stalkers-1].Name;Unknown
[Advisors.Advisor-Bandits-1].Name;Unknown
[Advisors.Advisor-Soldiers-1].Name;Unknown
[Advisors.Advisor-Duty-1].Name;Unknown
[Advisors.Advisor-Freedom-1].Name;Unknown
[Advisors.Advisor-Monolith-1].Name;Unknown
[Advisors.Advisor-Mercenaries-1].Name;Unknown
[Advisors.Advisor-Scientists-1].Name;Unknown
[Advisors.Advisor-Renegats-1].Name;Unknown
[Advisors.Advisor-ClearSky-1].Name;Unknown
[Advisors.Advisor-Zombie-1].Name;Unknown
[Advisors.Advisor-Mutants-KolRazum].Name;Collective mind
[Advisors.Advisor-Stalkers-Wolf].Name;Wolf
[Advisors.Advisor-Stalkers-Orest].Name;Orest
[Advisors.Advisor-Stalkers-Levsha].Name;Lefty
[Advisors.Advisor-Stalkers-Dikiy].Name;Wild Napr
[Advisors.Advisor-Stalkers-Aidar].Name;Aydar
[Advisors.Advisor-Stalkers-Drozd].Name;Thrush
[Advisors.Advisor-Stalkers-Dog].Name;Hound
[Advisors.Advisor-Stalkers-Furgon].Name;Van
[Advisors.Advisor-Stalkers-Shilov].Name;Shilov
[Advisors.Advisor-Stalkers-Avoska].Name;Stringov
[Advisors.Advisor-Stalkers-Vasiliy].Name;Vasiliy
[Advisors.Advisor-Stalkers-Vasyan].Name;Vasyan
[Advisors.Advisor-Stalkers-Goblin].Name;Goblin
[Advisors.Advisor-Stalkers-Doctor].Name;Doctor
[Advisors.Advisor-Stalkers-Puzo].Name;Belly
[Advisors.Advisor-Stalkers-Ezh].Name;Vovka the Hedgehog
[Advisors.Advisor-Bandits-Chugun].Name;Cast Iron
[Advisors.Advisor-Bandits-Borov].Name;Borov
[Advisors.Advisor-Bandits-Zhivoder].Name;Flayer
[Advisors.Advisor-Bandits-Zub].Name;Tooth
[Advisors.Advisor-Bandits-Prozrachniy].Name;Limpid
[Advisors.Advisor-Bandits-Senka].Name;Senka
[Advisors.Advisor-Bandits-Father].Name;Father
[Advisors.Advisor-Soldiers-Capitan].Name;Captain
[Advisors.Advisor-Soldiers-Ovechko].Name;Semyon Lambee
[Advisors.Advisor-Soldiers-Specialist].Name;Specialist
[Advisors.Advisor-Soldiers-Poproshayko].Name;Major Poproshaiko
[Advisors.Advisor-Soldiers-Haleckiy].Name;Major Khaletsky
[Advisors.Advisor-Soldiers-Sokolov].Name;Ensign Sokolov
[Advisors.Advisor-Duty-Zvyagincev].Name;Major Zvyagintsev
[Advisors.Advisor-Duty-Incvizitor].Name;Inquisitor
[Advisors.Advisor-Duty-Nalivayko].Name;Sergeant Nalivaiko
[Advisors.Advisor-Duty-Fekl].Name;Fyokl
[Advisors.Advisor-Duty-Kolobok].Name;Kolobok
[Advisors.Advisor-Duty-Sudar].Name;Sir
[Advisors.Advisor-Duty-Semen].Name;Semyon Semyonovich
[Advisors.Advisor-Duty-Milutin].Name;Milyutin
[Advisors.Advisor-Duty-Gromov].Name;Thunderov
[Advisors.Advisor-Duty-Mityay].Name;Mitay
[Advisors.Advisor-Duty-Lis].Name;Fox Bandicoot
[Advisors.Advisor-Duty-Galin].Name;Galin
[Advisors.Advisor-Duty-Serega].Name;Seryoga
[Advisors.Advisor-Freedom-Shukin].Name;Lingov
[Advisors.Advisor-Freedom-Voron].Name;Raven
[Advisors.Advisor-Freedom-Ganzha].Name;Ganja
[Advisors.Advisor-Freedom-Yar].Name;Yar
[Advisors.Advisor-Freedom-Kostuk].Name;Kostyan
[Advisors.Advisor-Freedom-Ashot].Name;Ashot
[Advisors.Advisor-Freedom-Zhurnalist].Name;Journalist
[Advisors.Advisor-Monolith-Propovednik].Name;Preacher
[Advisors.Advisor-Monolith-Molitvennik].Name;Devotee
[Advisors.Advisor-Monolith-Messiya].Name;Messiah
[Advisors.Advisor-Mercenaries-Hog].Name;Hog
[Advisors.Advisor-Mercenaries-Leshiy].Name;Leshiy
[Advisors.Advisor-Mercenaries-Shtyr].Name;Pin
[Advisors.Advisor-Mercenaries-Tancpol].Name;Vitya Dancefloor
[Advisors.Advisor-Mercenaries-Avtobus].Name;Lyokha Bus
[Advisors.Advisor-Mercenaries-Rzhaviy].Name;Valera Rusty
[Advisors.Advisor-Mercenaries-Shtirlic].Name;Tolyan Stirlitz
[Advisors.Advisor-Mercenaries-Dollar].Name;"Ivan ""One Dollar"""
[Advisors.Advisor-Mercenaries-Plintus].Name;Timur Plintus
[Advisors.Advisor-Scientists-Nachalnik].Name;Head of Security
[Advisors.Advisor-Scientists-Levsha].Name;Lefty
[Advisors.Advisor-Scientists-Platonov].Name;Platonov
[Advisors.Advisor-Renegats-Kosoy].Name;Oblique
[Advisors.Advisor-Renegats-Kruk].Name;Hook
[Advisors.Advisor-Renegats-Batya].Name;Dad
[Advisors.Advisor-Renegats-Krendel].Name;Pretzel
[Advisors.Advisor-Renegats-Grach].Name;Rook
[Advisors.Advisor-Renegats-Temniy].Name;Dark
[Advisors.Advisor-Renegats-Pirate].Name;Pirate
[Advisors.Advisor-Renegats-Sin].Name;Blue
[Advisors.Advisor-Renegats-Kayzer].Name;Kaiser
[Advisors.Advisor-ClearSky-Kalancha].Name;Kalancha
[Advisors.Advisor-ClearSky-Suslov].Name;Suslov
[Advisors.Advisor-ClearSky-Cold].Name;Cold
[Advisors.Advisor-ClearSky-Faster].Name;Nimble
[Advisors.Advisor-ClearSky-Tropnik].Name;Ivan Trodnik
[Advisors.Advisor-ClearSky-Petro].Name;Petro
[Advisors.Advisor-ClearSky-Vasilenko].Name;Vasilenko
[Advisors.Advisor-ClearSky-Petrenko].Name;Petrenko
[Advisors.Advisor-Zombie-Controler].Name;Controller
[Achievements.Achiv-1].Name;
[Achievements.Achiv-1].Desc;
[Achievements.Achiv-1].Desc-Logo;
[Achievements.Achiv-2].Name;
[Achievements.Achiv-2].Desc;
[Achievements.Achiv-2].Desc-Logo;
[Achievements.Achiv-3].Name;
[Achievements.Achiv-3].Desc;
[Achievements.Achiv-3].Desc-Logo;
[Achievements.Achiv-4].Name;
[Achievements.Achiv-4].Desc;
[Achievements.Achiv-4].Desc-Logo;
[Achievements.Achiv-5].Name;
[Achievements.Achiv-5].Desc;
[Achievements.Achiv-5].Desc-Logo;
[Achievements.Achiv-6].Name;
[Achievements.Achiv-6].Desc;
[Achievements.Achiv-6].Desc-Logo;
[Traders.World].Name;
[Traders.World].NeedText;
[Traders.YourGroup].Name;
[Traders.YourGroup].NeedText;
[Traders.OtherGroup].Name;
[Traders.OtherGroup].NeedText;
[Traders.Trader1].Name;
[Traders.Trader1].NeedText;
[Traders.Trader2].Name;
[Traders.Trader2].NeedText;
[Traders.Trader3].Name;
[Traders.Trader3].NeedText;
[StoryEvents.Event-Swamp-1].Name;
[StoryEvents.Event-Swamp-1].Desc-Owner;
[StoryEvents.Event-Swamp-1].Desc-NonOwner;
[StoryEvents.Event-Swamp-2].Name;
[StoryEvents.Event-Swamp-2].Desc-Owner;
[StoryEvents.Event-Swamp-2].Desc-NonOwner;
[StoryEvents.Event-Swamp-3].Name;
[StoryEvents.Event-Swamp-3].Desc-Owner;
[StoryEvents.Event-Swamp-3].Desc-NonOwner;
[StoryEvents.Event-Swamp-4].Name;
[StoryEvents.Event-Swamp-4].Desc-Owner;
[StoryEvents.Event-Swamp-4].Desc-NonOwner;
[StoryEvents.Event-Swamp-5].Name;
[StoryEvents.Event-Swamp-5].Desc-Owner;
[StoryEvents.Event-Swamp-5].Desc-NonOwner;
[StoryEvents.Event-Swamp-6].Name;
[StoryEvents.Event-Swamp-6].Desc-Owner;
[StoryEvents.Event-Swamp-6].Desc-NonOwner;
[StoryEvents.Event-Swamp-7].Name;
[StoryEvents.Event-Swamp-7].Desc-Owner;
[StoryEvents.Event-Swamp-7].Desc-NonOwner;
[StoryEvents.Event-Swamp-8].Name;
[StoryEvents.Event-Swamp-8].Desc-Owner;
[StoryEvents.Event-Swamp-8].Desc-NonOwner;
[StoryEvents.Event-Swamp-9].Name;
[StoryEvents.Event-Swamp-9].Desc-Owner;
[StoryEvents.Event-Swamp-9].Desc-NonOwner;
[StoryEvents.Event-Swamp-10].Name;
[StoryEvents.Event-Swamp-10].Desc-Owner;
[StoryEvents.Event-Swamp-10].Desc-NonOwner;
[StoryEvents.Event-Swamp-11].Name;
[StoryEvents.Event-Swamp-11].Desc-Owner;
[StoryEvents.Event-Swamp-11].Desc-NonOwner;
[StoryEvents.Event-Swamp-12].Name;
[StoryEvents.Event-Swamp-12].Desc-Owner;
[StoryEvents.Event-Swamp-12].Desc-NonOwner;
[StoryEvents.Event-Swamp-13].Name;
[StoryEvents.Event-Swamp-13].Desc-Owner;
[StoryEvents.Event-Swamp-13].Desc-NonOwner;
[StoryEvents.Event-Swamp-14].Name;
[StoryEvents.Event-Swamp-14].Desc-Owner;
[StoryEvents.Event-Swamp-14].Desc-NonOwner;
[StoryEvents.Event-Swamp-15].Name;
[StoryEvents.Event-Swamp-15].Desc-Owner;
[StoryEvents.Event-Swamp-15].Desc-NonOwner;
[StoryEvents.Event-Swamp-16].Name;
[StoryEvents.Event-Swamp-16].Desc-Owner;
[StoryEvents.Event-Swamp-16].Desc-NonOwner;
[StoryEvents.Event-Swamp-17].Name;
[StoryEvents.Event-Swamp-17].Desc-Owner;
[StoryEvents.Event-Swamp-17].Desc-NonOwner;
[StoryEvents.Event-Swamp-18].Name;
[StoryEvents.Event-Swamp-18].Desc-Owner;
[StoryEvents.Event-Swamp-18].Desc-NonOwner;
[StoryEvents.Event-Swamp-19].Name;
[StoryEvents.Event-Swamp-19].Desc-Owner;
[StoryEvents.Event-Swamp-19].Desc-NonOwner;
[StoryEvents.Event-Swamp-20].Name;
[StoryEvents.Event-Swamp-20].Desc-Owner;
[StoryEvents.Event-Swamp-20].Desc-NonOwner;
[StoryEvents.Event-Swamp-21].Name;
[StoryEvents.Event-Swamp-21].Desc-Owner;
[StoryEvents.Event-Swamp-21].Desc-NonOwner;
[StoryEvents.Event-Swamp-22].Name;
[StoryEvents.Event-Swamp-22].Desc-Owner;
[StoryEvents.Event-Swamp-22].Desc-NonOwner;
[StoryEvents.Event-Swamp-23].Name;
[StoryEvents.Event-Swamp-23].Desc-Owner;
[StoryEvents.Event-Swamp-23].Desc-NonOwner;
[StoryEvents.Event-Swamp-24].Name;
[StoryEvents.Event-Swamp-24].Desc-Owner;
[StoryEvents.Event-Swamp-24].Desc-NonOwner;
[StoryEvents.Event-Swamp-25].Name;
[StoryEvents.Event-Swamp-25].Desc-Owner;
[StoryEvents.Event-Swamp-25].Desc-NonOwner;
[StoryEvents.Event-Swamp-26].Name;
[StoryEvents.Event-Swamp-26].Desc-Owner;
[StoryEvents.Event-Swamp-26].Desc-NonOwner;
[StoryEvents.Event-Swamp-27].Name;
[StoryEvents.Event-Swamp-27].Desc-Owner;
[StoryEvents.Event-Swamp-27].Desc-NonOwner;
[StoryEvents.Event-Swamp-28].Name;
[StoryEvents.Event-Swamp-28].Desc-Owner;
[StoryEvents.Event-Swamp-28].Desc-NonOwner;
[StoryEvents.Event-Escape-Advisor-1].Name;
[StoryEvents.Event-Escape-Advisor-1].Desc-Owner;
[StoryEvents.Event-Escape-Advisor-1].Desc-NonOwner;
[StoryEvents.Event-Escape-1].Name;
[StoryEvents.Event-Escape-1].Desc-Owner;
[StoryEvents.Event-Escape-1].Desc-NonOwner;
[StoryEvents.Event-Escape-2].Name;
[StoryEvents.Event-Escape-2].Desc-Owner;
[StoryEvents.Event-Escape-2].Desc-NonOwner;
[StoryEvents.Event-Escape-3].Name;
[StoryEvents.Event-Escape-3].Desc-Owner;
[StoryEvents.Event-Escape-3].Desc-NonOwner;
[StoryEvents.Event-Escape-4].Name;
[StoryEvents.Event-Escape-4].Desc-Owner;
[StoryEvents.Event-Escape-4].Desc-NonOwner;
[StoryEvents.Event-Escape-5].Name;
[StoryEvents.Event-Escape-5].Desc-Owner;
[StoryEvents.Event-Escape-5].Desc-NonOwner;
[StoryEvents.Event-Escape-6].Name;
[StoryEvents.Event-Escape-6].Desc-Owner;
[StoryEvents.Event-Escape-6].Desc-NonOwner;
[StoryEvents.Event-Escape-7].Name;
[StoryEvents.Event-Escape-7].Desc-Owner;
[StoryEvents.Event-Escape-7].Desc-NonOwner;
[StoryEvents.Event-Escape-8].Name;
[StoryEvents.Event-Escape-8].Desc-Owner;
[StoryEvents.Event-Escape-8].Desc-NonOwner;
[StoryEvents.Event-Escape-9].Name;
[StoryEvents.Event-Escape-9].Desc-Owner;
[StoryEvents.Event-Escape-9].Desc-NonOwner;
[StoryEvents.Event-Escape-10].Name;
[StoryEvents.Event-Escape-10].Desc-Owner;
[StoryEvents.Event-Escape-10].Desc-NonOwner;
[StoryEvents.Event-Escape-11].Name;
[StoryEvents.Event-Escape-11].Desc-Owner;
[StoryEvents.Event-Escape-11].Desc-NonOwner;
[StoryEvents.Event-Escape-12].Name;
[StoryEvents.Event-Escape-12].Desc-Owner;
[StoryEvents.Event-Escape-12].Desc-NonOwner;
[StoryEvents.Event-Escape-Advisor-2].Name;
[StoryEvents.Event-Escape-Advisor-2].Desc-Owner;
[StoryEvents.Event-Escape-Advisor-2].Desc-NonOwner;
[StoryEvents.Event-Escape-13].Name;
[StoryEvents.Event-Escape-13].Desc-Owner;
[StoryEvents.Event-Escape-13].Desc-NonOwner;
[StoryEvents.Event-Escape-14].Name;
[StoryEvents.Event-Escape-14].Desc-Owner;
[StoryEvents.Event-Escape-14].Desc-NonOwner;
[StoryEvents.Event-Escape-15].Name;
[StoryEvents.Event-Escape-15].Desc-Owner;
[StoryEvents.Event-Escape-15].Desc-NonOwner;
[StoryEvents.Event-Escape-16].Name;
[StoryEvents.Event-Escape-16].Desc-Owner;
[StoryEvents.Event-Escape-16].Desc-NonOwner;
[StoryEvents.Event-Escape-17].Name;
[StoryEvents.Event-Escape-17].Desc-Owner;
[StoryEvents.Event-Escape-17].Desc-NonOwner;
[StoryEvents.Event-Escape-18].Name;
[StoryEvents.Event-Escape-18].Desc-Owner;
[StoryEvents.Event-Escape-18].Desc-NonOwner;
[StoryEvents.Event-Escape-19].Name;
[StoryEvents.Event-Escape-19].Desc-Owner;
[StoryEvents.Event-Escape-19].Desc-NonOwner;
[StoryEvents.Event-Escape-20].Name;
[StoryEvents.Event-Escape-20].Desc-Owner;
[StoryEvents.Event-Escape-20].Desc-NonOwner;
[StoryEvents.Event-Escape-21].Name;
[StoryEvents.Event-Escape-21].Desc-Owner;
[StoryEvents.Event-Escape-21].Desc-NonOwner;
[StoryEvents.Event-Escape-22].Name;
[StoryEvents.Event-Escape-22].Desc-Owner;
[StoryEvents.Event-Escape-22].Desc-NonOwner;
[StoryEvents.Event-Escape-23].Name;
[StoryEvents.Event-Escape-23].Desc-Owner;
[StoryEvents.Event-Escape-23].Desc-NonOwner;
[StoryEvents.Event-Escape-24].Name;
[StoryEvents.Event-Escape-24].Desc-Owner;
[StoryEvents.Event-Escape-24].Desc-NonOwner;
[StoryEvents.Event-Escape-25].Name;
[StoryEvents.Event-Escape-25].Desc-Owner;
[StoryEvents.Event-Escape-25].Desc-NonOwner;
[StoryEvents.Event-Escape-26].Name;
[StoryEvents.Event-Escape-26].Desc-Owner;
[StoryEvents.Event-Escape-26].Desc-NonOwner;
[StoryEvents.Event-Escape-27].Name;
[StoryEvents.Event-Escape-27].Desc-Owner;
[StoryEvents.Event-Escape-27].Desc-NonOwner;
[StoryEvents.Event-Escape-28].Name;
[StoryEvents.Event-Escape-28].Desc-Owner;
[StoryEvents.Event-Escape-28].Desc-NonOwner;
[StoryEvents.Event-Escape-Advisor-3].Name;
[StoryEvents.Event-Escape-Advisor-3].Desc-Owner;
[StoryEvents.Event-Escape-Advisor-3].Desc-NonOwner;
[StoryEvents.Event-Escape-29].Name;
[StoryEvents.Event-Escape-29].Desc-Owner;
[StoryEvents.Event-Escape-29].Desc-NonOwner;
[StoryEvents.Event-Escape-30].Name;
[StoryEvents.Event-Escape-30].Desc-Owner;
[StoryEvents.Event-Escape-30].Desc-NonOwner;
[StoryEvents.Event-Escape-Advisor-4].Name;
[StoryEvents.Event-Escape-Advisor-4].Desc-Owner;
[StoryEvents.Event-Escape-Advisor-4].Desc-NonOwner;
[StoryEvents.Event-Escape-AddRecruits-1].Name;
[StoryEvents.Event-Escape-AddRecruits-1].Desc-Owner;
[StoryEvents.Event-Escape-AddRecruits-1].Desc-NonOwner;
[StoryEvents.Event-Escape-Advisor-5].Name;
[StoryEvents.Event-Escape-Advisor-5].Desc-Owner;
[StoryEvents.Event-Escape-Advisor-5].Desc-NonOwner;
[StoryEvents.Event-Garbage1-1].Name;
[StoryEvents.Event-Garbage1-1].Desc-Owner;
[StoryEvents.Event-Garbage1-1].Desc-NonOwner;
[StoryEvents.Event-Garbage1-2].Name;
[StoryEvents.Event-Garbage1-2].Desc-Owner;
[StoryEvents.Event-Garbage1-2].Desc-NonOwner;
[StoryEvents.Event-Garbage1-3].Name;
[StoryEvents.Event-Garbage1-3].Desc-Owner;
[StoryEvents.Event-Garbage1-3].Desc-NonOwner;
[StoryEvents.Event-Garbage1-4].Name;
[StoryEvents.Event-Garbage1-4].Desc-Owner;
[StoryEvents.Event-Garbage1-4].Desc-NonOwner;
[StoryEvents.Event-Garbage1-5].Name;
[StoryEvents.Event-Garbage1-5].Desc-Owner;
[StoryEvents.Event-Garbage1-5].Desc-NonOwner;
[StoryEvents.Event-Garbage1-6].Name;
[StoryEvents.Event-Garbage1-6].Desc-Owner;
[StoryEvents.Event-Garbage1-6].Desc-NonOwner;
[StoryEvents.Event-Garbage1-7].Name;
[StoryEvents.Event-Garbage1-7].Desc-Owner;
[StoryEvents.Event-Garbage1-7].Desc-NonOwner;
[StoryEvents.Event-Garbage1-8].Name;
[StoryEvents.Event-Garbage1-8].Desc-Owner;
[StoryEvents.Event-Garbage1-8].Desc-NonOwner;
[StoryEvents.Event-Garbage1-9].Name;
[StoryEvents.Event-Garbage1-9].Desc-Owner;
[StoryEvents.Event-Garbage1-9].Desc-NonOwner;
[StoryEvents.Event-Garbage1-10].Name;
[StoryEvents.Event-Garbage1-10].Desc-Owner;
[StoryEvents.Event-Garbage1-10].Desc-NonOwner;
[StoryEvents.Event-Garbage1-Advisor-1].Name;
[StoryEvents.Event-Garbage1-Advisor-1].Desc-Owner;
[StoryEvents.Event-Garbage1-Advisor-1].Desc-NonOwner;
[StoryEvents.Event-Garbage1-Advisor-Non].Name;
[StoryEvents.Event-Garbage1-Advisor-Non].Desc-Owner;
[StoryEvents.Event-Garbage1-Advisor-Non].Desc-NonOwner;
[StoryEvents.Event-Garbage1-11].Name;
[StoryEvents.Event-Garbage1-11].Desc-Owner;
[StoryEvents.Event-Garbage1-11].Desc-NonOwner;
[StoryEvents.Event-Garbage1-12].Name;
[StoryEvents.Event-Garbage1-12].Desc-Owner;
[StoryEvents.Event-Garbage1-12].Desc-NonOwner;
[StoryEvents.Event-DarkVallery-1].Name;
[StoryEvents.Event-DarkVallery-1].Desc-Owner;
[StoryEvents.Event-DarkVallery-1].Desc-NonOwner;
[StoryEvents.Event-DarkVallery-2].Name;
[StoryEvents.Event-DarkVallery-2].Desc-Owner;
[StoryEvents.Event-DarkVallery-2].Desc-NonOwner;
[StoryEvents.Event-DarkVallery-3].Name;
[StoryEvents.Event-DarkVallery-3].Desc-Owner;
[StoryEvents.Event-DarkVallery-3].Desc-NonOwner;
[StoryEvents.Event-DarkVallery-4].Name;
[StoryEvents.Event-DarkVallery-4].Desc-Owner;
[StoryEvents.Event-DarkVallery-4].Desc-NonOwner;
[StoryEvents.Event-DarkVallery-5].Name;
[StoryEvents.Event-DarkVallery-5].Desc-Owner;
[StoryEvents.Event-DarkVallery-5].Desc-NonOwner;
[StoryEvents.Event-DarkVallery-6].Name;
[StoryEvents.Event-DarkVallery-6].Desc-Owner;
[StoryEvents.Event-DarkVallery-6].Desc-NonOwner;
[StoryEvents.Event-DarkVallery-7].Name;
[StoryEvents.Event-DarkVallery-7].Desc-Owner;
[StoryEvents.Event-DarkVallery-7].Desc-NonOwner;
[StoryEvents.Event-DarkVallery-8].Name;
[StoryEvents.Event-DarkVallery-8].Desc-Owner;
[StoryEvents.Event-DarkVallery-8].Desc-NonOwner;
[StoryEvents.Event-DarkVallery-Mutants].Name;
[StoryEvents.Event-DarkVallery-Mutants].Desc-Owner;
[StoryEvents.Event-DarkVallery-Mutants].Desc-NonOwner;
[StoryEvents.Event-DarkVallery-9].Name;
[StoryEvents.Event-DarkVallery-9].Desc-Owner;
[StoryEvents.Event-DarkVallery-9].Desc-NonOwner;
[StoryEvents.Event-DarkVallery-10].Name;
[StoryEvents.Event-DarkVallery-10].Desc-Owner;
[StoryEvents.Event-DarkVallery-10].Desc-NonOwner;
[StoryEvents.Event-DarkVallery-11].Name;
[StoryEvents.Event-DarkVallery-11].Desc-Owner;
[StoryEvents.Event-DarkVallery-11].Desc-NonOwner;
[StoryEvents.Event-DarkVallery-12].Name;
[StoryEvents.Event-DarkVallery-12].Desc-Owner;
[StoryEvents.Event-DarkVallery-12].Desc-NonOwner;
[StoryEvents.Event-DarkVallery-Advisor-1].Name;
[StoryEvents.Event-DarkVallery-Advisor-1].Desc-Owner;
[StoryEvents.Event-DarkVallery-Advisor-1].Desc-NonOwner;
[StoryEvents.Event-DarkVallery-Invasion-1].Name;
[StoryEvents.Event-DarkVallery-Invasion-1].Desc-Owner;
[StoryEvents.Event-DarkVallery-Invasion-1].Desc-NonOwner;
[StoryEvents.Event-DarkVallery-13].Name;
[StoryEvents.Event-DarkVallery-13].Desc-Owner;
[StoryEvents.Event-DarkVallery-13].Desc-NonOwner;
[StoryEvents.Event-DarkVallery-14].Name;
[StoryEvents.Event-DarkVallery-14].Desc-Owner;
[StoryEvents.Event-DarkVallery-14].Desc-NonOwner;
[StoryEvents.Event-DarkVallery-15].Name;
[StoryEvents.Event-DarkVallery-15].Desc-Owner;
[StoryEvents.Event-DarkVallery-15].Desc-NonOwner;
[StoryEvents.Event-DarkVallery-16].Name;
[StoryEvents.Event-DarkVallery-16].Desc-Owner;
[StoryEvents.Event-DarkVallery-16].Desc-NonOwner;
[StoryEvents.Event-DarkVallery-17].Name;
[StoryEvents.Event-DarkVallery-17].Desc-Owner;
[StoryEvents.Event-DarkVallery-17].Desc-NonOwner;
[StoryEvents.Event-DarkVallery-18].Name;
[StoryEvents.Event-DarkVallery-18].Desc-Owner;
[StoryEvents.Event-DarkVallery-18].Desc-NonOwner;
[StoryEvents.Event-DarkVallery-Invasion-2].Name;
[StoryEvents.Event-DarkVallery-Invasion-2].Desc-Owner;
[StoryEvents.Event-DarkVallery-Invasion-2].Desc-NonOwner;
[StoryEvents.Event-DarkVallery-19].Name;
[StoryEvents.Event-DarkVallery-19].Desc-Owner;
[StoryEvents.Event-DarkVallery-19].Desc-NonOwner;
[StoryEvents.Event-DarkVallery-20].Name;
[StoryEvents.Event-DarkVallery-20].Desc-Owner;
[StoryEvents.Event-DarkVallery-20].Desc-NonOwner;
[StoryEvents.Event-DarkVallery-21].Name;
[StoryEvents.Event-DarkVallery-21].Desc-Owner;
[StoryEvents.Event-DarkVallery-21].Desc-NonOwner;
[StoryEvents.Event-DarkVallery-22].Name;
[StoryEvents.Event-DarkVallery-22].Desc-Owner;
[StoryEvents.Event-DarkVallery-22].Desc-NonOwner;
[StoryEvents.Event-DarkVallery-23].Name;
[StoryEvents.Event-DarkVallery-23].Desc-Owner;
[StoryEvents.Event-DarkVallery-23].Desc-NonOwner;
[StoryEvents.Event-DarkVallery-24].Name;
[StoryEvents.Event-DarkVallery-24].Desc-Owner;
[StoryEvents.Event-DarkVallery-24].Desc-NonOwner;
[StoryEvents.Event-DarkVallery-25].Name;
[StoryEvents.Event-DarkVallery-25].Desc-Owner;
[StoryEvents.Event-DarkVallery-25].Desc-NonOwner;
[StoryEvents.Event-DarkVallery-26].Name;
[StoryEvents.Event-DarkVallery-26].Desc-Owner;
[StoryEvents.Event-DarkVallery-26].Desc-NonOwner;
[StoryEvents.Event-DarkVallery-27].Name;
[StoryEvents.Event-DarkVallery-27].Desc-Owner;
[StoryEvents.Event-DarkVallery-27].Desc-NonOwner;
[StoryEvents.Event-DarkVallery-28].Name;
[StoryEvents.Event-DarkVallery-28].Desc-Owner;
[StoryEvents.Event-DarkVallery-28].Desc-NonOwner;
[StoryEvents.Event-Garbage2-1].Name;
[StoryEvents.Event-Garbage2-1].Desc-Owner;
[StoryEvents.Event-Garbage2-1].Desc-NonOwner;
[StoryEvents.Event-Garbage2-2].Name;
[StoryEvents.Event-Garbage2-2].Desc-Owner;
[StoryEvents.Event-Garbage2-2].Desc-NonOwner;
[StoryEvents.Event-Garbage2-3].Name;
[StoryEvents.Event-Garbage2-3].Desc-Owner;
[StoryEvents.Event-Garbage2-3].Desc-NonOwner;
[StoryEvents.Event-Garbage2-4].Name;
[StoryEvents.Event-Garbage2-4].Desc-Owner;
[StoryEvents.Event-Garbage2-4].Desc-NonOwner;
[StoryEvents.Event-Garbage2-5].Name;
[StoryEvents.Event-Garbage2-5].Desc-Owner;
[StoryEvents.Event-Garbage2-5].Desc-NonOwner;
[StoryEvents.Event-Garbage2-6].Name;
[StoryEvents.Event-Garbage2-6].Desc-Owner;
[StoryEvents.Event-Garbage2-6].Desc-NonOwner;
[StoryEvents.Event-Garbage2-7].Name;
[StoryEvents.Event-Garbage2-7].Desc-Owner;
[StoryEvents.Event-Garbage2-7].Desc-NonOwner;
[StoryEvents.Event-Garbage2-8].Name;
[StoryEvents.Event-Garbage2-8].Desc-Owner;
[StoryEvents.Event-Garbage2-8].Desc-NonOwner;
[StoryEvents.Event-Garbage2-Advisor-1].Name;
[StoryEvents.Event-Garbage2-Advisor-1].Desc-Owner;
[StoryEvents.Event-Garbage2-Advisor-1].Desc-NonOwner;
[StoryEvents.Event-Garbage2-9].Name;
[StoryEvents.Event-Garbage2-9].Desc-Owner;
[StoryEvents.Event-Garbage2-9].Desc-NonOwner;
[StoryEvents.Event-Garbage2-10].Name;
[StoryEvents.Event-Garbage2-10].Desc-Owner;
[StoryEvents.Event-Garbage2-10].Desc-NonOwner;
[StoryEvents.Event-Garbage2-11].Name;
[StoryEvents.Event-Garbage2-11].Desc-Owner;
[StoryEvents.Event-Garbage2-11].Desc-NonOwner;
[StoryEvents.Event-Garbage2-12].Name;
[StoryEvents.Event-Garbage2-12].Desc-Owner;
[StoryEvents.Event-Garbage2-12].Desc-NonOwner;
[StoryEvents.Event-Garbage2-13].Name;
[StoryEvents.Event-Garbage2-13].Desc-Owner;
[StoryEvents.Event-Garbage2-13].Desc-NonOwner;
[StoryEvents.Event-Garbage2-14].Name;
[StoryEvents.Event-Garbage2-14].Desc-Owner;
[StoryEvents.Event-Garbage2-14].Desc-NonOwner;
[StoryEvents.Event-Agroprom-1].Name;
[StoryEvents.Event-Agroprom-1].Desc-Owner;
[StoryEvents.Event-Agroprom-1].Desc-NonOwner;
[StoryEvents.Event-Agroprom-2].Name;
[StoryEvents.Event-Agroprom-2].Desc-Owner;
[StoryEvents.Event-Agroprom-2].Desc-NonOwner;
[StoryEvents.Event-Agroprom-3].Name;
[StoryEvents.Event-Agroprom-3].Desc-Owner;
[StoryEvents.Event-Agroprom-3].Desc-NonOwner;
[StoryEvents.Event-Agroprom-4].Name;
[StoryEvents.Event-Agroprom-4].Desc-Owner;
[StoryEvents.Event-Agroprom-4].Desc-NonOwner;
[StoryEvents.Event-Agroprom-5].Name;
[StoryEvents.Event-Agroprom-5].Desc-Owner;
[StoryEvents.Event-Agroprom-5].Desc-NonOwner;
[StoryEvents.Event-Agroprom-6].Name;
[StoryEvents.Event-Agroprom-6].Desc-Owner;
[StoryEvents.Event-Agroprom-6].Desc-NonOwner;
[StoryEvents.Event-Agroprom-7].Name;
[StoryEvents.Event-Agroprom-7].Desc-Owner;
[StoryEvents.Event-Agroprom-7].Desc-NonOwner;
[StoryEvents.Event-Agroprom-8].Name;
[StoryEvents.Event-Agroprom-8].Desc-Owner;
[StoryEvents.Event-Agroprom-8].Desc-NonOwner;
[StoryEvents.Event-Agroprom-9].Name;
[StoryEvents.Event-Agroprom-9].Desc-Owner;
[StoryEvents.Event-Agroprom-9].Desc-NonOwner;
[StoryEvents.Event-Agroprom-10].Name;
[StoryEvents.Event-Agroprom-10].Desc-Owner;
[StoryEvents.Event-Agroprom-10].Desc-NonOwner;
[StoryEvents.Event-Swamp-Advisor-1].Name;
[StoryEvents.Event-Swamp-Advisor-1].Desc-Owner;
[StoryEvents.Event-Swamp-Advisor-1].Desc-NonOwner;
[StoryEvents.Event-Agroprom-11].Name;
[StoryEvents.Event-Agroprom-11].Desc-Owner;
[StoryEvents.Event-Agroprom-11].Desc-NonOwner;
[StoryEvents.Event-Agroprom-12].Name;
[StoryEvents.Event-Agroprom-12].Desc-Owner;
[StoryEvents.Event-Agroprom-12].Desc-NonOwner;
[StoryEvents.Event-Agroprom-13].Name;
[StoryEvents.Event-Agroprom-13].Desc-Owner;
[StoryEvents.Event-Agroprom-13].Desc-NonOwner;
[StoryEvents.Event-Agroprom-14].Name;
[StoryEvents.Event-Agroprom-14].Desc-Owner;
[StoryEvents.Event-Agroprom-14].Desc-NonOwner;
[StoryEvents.Event-AgropromUndeground-0].Name;
[StoryEvents.Event-AgropromUndeground-0].Desc-Owner;
[StoryEvents.Event-AgropromUndeground-0].Desc-NonOwner;
[StoryEvents.Event-AgropromUndeground-1].Name;
[StoryEvents.Event-AgropromUndeground-1].Desc-Owner;
[StoryEvents.Event-AgropromUndeground-1].Desc-NonOwner;
[StoryEvents.Event-AgropromUndeground-2].Name;
[StoryEvents.Event-AgropromUndeground-2].Desc-Owner;
[StoryEvents.Event-AgropromUndeground-2].Desc-NonOwner;
[StoryEvents.Event-Agroprom-15].Name;
[StoryEvents.Event-Agroprom-15].Desc-Owner;
[StoryEvents.Event-Agroprom-15].Desc-NonOwner;
[StoryEvents.Event-Agroprom-16].Name;
[StoryEvents.Event-Agroprom-16].Desc-Owner;
[StoryEvents.Event-Agroprom-16].Desc-NonOwner;
[StoryEvents.Event-Agroprom-17].Name;
[StoryEvents.Event-Agroprom-17].Desc-Owner;
[StoryEvents.Event-Agroprom-17].Desc-NonOwner;
[StoryEvents.Event-Agroprom-18].Name;
[StoryEvents.Event-Agroprom-18].Desc-Owner;
[StoryEvents.Event-Agroprom-18].Desc-NonOwner;
[StoryEvents.Event-Agroprom-19].Name;
[StoryEvents.Event-Agroprom-19].Desc-Owner;
[StoryEvents.Event-Agroprom-19].Desc-NonOwner;
[StoryEvents.Event-Agroprom-20].Name;
[StoryEvents.Event-Agroprom-20].Desc-Owner;
[StoryEvents.Event-Agroprom-20].Desc-NonOwner;
[StoryEvents.Event-Yantar-1].Name;
[StoryEvents.Event-Yantar-1].Desc-Owner;
[StoryEvents.Event-Yantar-1].Desc-NonOwner;
[StoryEvents.Event-Yantar-2].Name;
[StoryEvents.Event-Yantar-2].Desc-Owner;
[StoryEvents.Event-Yantar-2].Desc-NonOwner;
[StoryEvents.Event-Yantar-3].Name;
[StoryEvents.Event-Yantar-3].Desc-Owner;
[StoryEvents.Event-Yantar-3].Desc-NonOwner;
[StoryEvents.Event-Yantar-4].Name;
[StoryEvents.Event-Yantar-4].Desc-Owner;
[StoryEvents.Event-Yantar-4].Desc-NonOwner;
[StoryEvents.Event-Yantar-5].Name;
[StoryEvents.Event-Yantar-5].Desc-Owner;
[StoryEvents.Event-Yantar-5].Desc-NonOwner;
[StoryEvents.Event-Yantar-6].Name;
[StoryEvents.Event-Yantar-6].Desc-Owner;
[StoryEvents.Event-Yantar-6].Desc-NonOwner;
[StoryEvents.Event-Monolith-01].Name;
[StoryEvents.Event-Monolith-01].Desc-Owner;
[StoryEvents.Event-Monolith-01].Desc-NonOwner;
[StoryEvents.Event-Monolith-02].Name;
[StoryEvents.Event-Monolith-02].Desc-Owner;
[StoryEvents.Event-Monolith-02].Desc-NonOwner;
[StoryEvents.Event-Monolith-03].Name;
[StoryEvents.Event-Monolith-03].Desc-Owner;
[StoryEvents.Event-Monolith-03].Desc-NonOwner;
[StoryEvents.Event-Monolith-04].Name;
[StoryEvents.Event-Monolith-04].Desc-Owner;
[StoryEvents.Event-Monolith-04].Desc-NonOwner;
[StoryEvents.Event-Monolith-05].Name;
[StoryEvents.Event-Monolith-05].Desc-Owner;
[StoryEvents.Event-Monolith-05].Desc-NonOwner;
[StoryEvents.Event-Monolith-06].Name;
[StoryEvents.Event-Monolith-06].Desc-Owner;
[StoryEvents.Event-Monolith-06].Desc-NonOwner;
[StoryEvents.Event-Monolith-07].Name;
[StoryEvents.Event-Monolith-07].Desc-Owner;
[StoryEvents.Event-Monolith-07].Desc-NonOwner;
[StoryEvents.Event-Yantar-7].Name;
[StoryEvents.Event-Yantar-7].Desc-Owner;
[StoryEvents.Event-Yantar-7].Desc-NonOwner;
[StoryEvents.Event-Yantar-8].Name;
[StoryEvents.Event-Yantar-8].Desc-Owner;
[StoryEvents.Event-Yantar-8].Desc-NonOwner;
[StoryEvents.Event-Yantar-9].Name;
[StoryEvents.Event-Yantar-9].Desc-Owner;
[StoryEvents.Event-Yantar-9].Desc-NonOwner;
[StoryEvents.Event-Yantar-10].Name;
[StoryEvents.Event-Yantar-10].Desc-Owner;
[StoryEvents.Event-Yantar-10].Desc-NonOwner;
[StoryEvents.Event-Yantar-11].Name;
[StoryEvents.Event-Yantar-11].Desc-Owner;
[StoryEvents.Event-Yantar-11].Desc-NonOwner;
[StoryEvents.Event-Yantar-12].Name;
[StoryEvents.Event-Yantar-12].Desc-Owner;
[StoryEvents.Event-Yantar-12].Desc-NonOwner;
[StoryEvents.Event-Yantar-13].Name;
[StoryEvents.Event-Yantar-13].Desc-Owner;
[StoryEvents.Event-Yantar-13].Desc-NonOwner;
[StoryEvents.Event-Yantar-14].Name;
[StoryEvents.Event-Yantar-14].Desc-Owner;
[StoryEvents.Event-Yantar-14].Desc-NonOwner;
[StoryEvents.Event-Yantar-15].Name;
[StoryEvents.Event-Yantar-15].Desc-Owner;
[StoryEvents.Event-Yantar-15].Desc-NonOwner;
[StoryEvents.Event-Yantar-16].Name;
[StoryEvents.Event-Yantar-16].Desc-Owner;
[StoryEvents.Event-Yantar-16].Desc-NonOwner;
[StoryEvents.Event-Yantar-17].Name;
[StoryEvents.Event-Yantar-17].Desc-Owner;
[StoryEvents.Event-Yantar-17].Desc-NonOwner;
[StoryEvents.Event-Yantar-18].Name;
[StoryEvents.Event-Yantar-18].Desc-Owner;
[StoryEvents.Event-Yantar-18].Desc-NonOwner;
[StoryEvents.Event-Yantar-19].Name;
[StoryEvents.Event-Yantar-19].Desc-Owner;
[StoryEvents.Event-Yantar-19].Desc-NonOwner;
[StoryEvents.Event-Yantar-20].Name;
[StoryEvents.Event-Yantar-20].Desc-Owner;
[StoryEvents.Event-Yantar-20].Desc-NonOwner;
[StoryEvents.Event-Yantar-21].Name;
[StoryEvents.Event-Yantar-21].Desc-Owner;
[StoryEvents.Event-Yantar-21].Desc-NonOwner;
[StoryEvents.Event-Yantar-22].Name;
[StoryEvents.Event-Yantar-22].Desc-Owner;
[StoryEvents.Event-Yantar-22].Desc-NonOwner;
[StoryEvents.Event-Yantar-23].Name;
[StoryEvents.Event-Yantar-23].Desc-Owner;
[StoryEvents.Event-Yantar-23].Desc-NonOwner;
[StoryEvents.Event-Yantar-24].Name;
[StoryEvents.Event-Yantar-24].Desc-Owner;
[StoryEvents.Event-Yantar-24].Desc-NonOwner;
[StoryEvents.Event-Yantar-PsyFix].Name;
[StoryEvents.Event-Yantar-PsyFix].Desc-Owner;
[StoryEvents.Event-Yantar-PsyFix].Desc-NonOwner;
[StoryEvents.Event-Yantar-25].Name;
[StoryEvents.Event-Yantar-25].Desc-Owner;
[StoryEvents.Event-Yantar-25].Desc-NonOwner;
[StoryEvents.Event-Yantar-26].Name;
[StoryEvents.Event-Yantar-26].Desc-Owner;
[StoryEvents.Event-Yantar-26].Desc-NonOwner;
[StoryEvents.Event-Yantar-SpawnScientists].Name;
[StoryEvents.Event-Yantar-SpawnScientists].Desc-Owner;
[StoryEvents.Event-Yantar-SpawnScientists].Desc-NonOwner;
[StoryEvents.Event-Yantar-InvasionScientists].Name;
[StoryEvents.Event-Yantar-InvasionScientists].Desc-Owner;
[StoryEvents.Event-Yantar-InvasionScientists].Desc-NonOwner;
[StoryEvents.Event-RedForest1-1].Name;
[StoryEvents.Event-RedForest1-1].Desc-Owner;
[StoryEvents.Event-RedForest1-1].Desc-NonOwner;
[StoryEvents.Event-RedForest1-2].Name;
[StoryEvents.Event-RedForest1-2].Desc-Owner;
[StoryEvents.Event-RedForest1-2].Desc-NonOwner;
[StoryEvents.Event-Limansk-Freedom-Invasion].Name;
[StoryEvents.Event-Limansk-Freedom-Invasion].Desc-Owner;
[StoryEvents.Event-Limansk-Freedom-Invasion].Desc-NonOwner;
[StoryEvents.Event-Limansk-Duty-Invasion].Name;
[StoryEvents.Event-Limansk-Duty-Invasion].Desc-Owner;
[StoryEvents.Event-Limansk-Duty-Invasion].Desc-NonOwner;
[StoryEvents.Event-RedForest1-3].Name;
[StoryEvents.Event-RedForest1-3].Desc-Owner;
[StoryEvents.Event-RedForest1-3].Desc-NonOwner;
[StoryEvents.Event-RedForest1-4].Name;
[StoryEvents.Event-RedForest1-4].Desc-Owner;
[StoryEvents.Event-RedForest1-4].Desc-NonOwner;
[StoryEvents.Event-Limansk-Mercenaries-Invasion].Name;
[StoryEvents.Event-Limansk-Mercenaries-Invasion].Desc-Owner;
[StoryEvents.Event-Limansk-Mercenaries-Invasion].Desc-NonOwner;
[StoryEvents.Event-RedForest1-5].Name;
[StoryEvents.Event-RedForest1-5].Desc-Owner;
[StoryEvents.Event-RedForest1-5].Desc-NonOwner;
[StoryEvents.Event-RedForest1-6].Name;
[StoryEvents.Event-RedForest1-6].Desc-Owner;
[StoryEvents.Event-RedForest1-6].Desc-NonOwner;
[StoryEvents.Event-Limansk-Soldiers-Invasion].Name;
[StoryEvents.Event-Limansk-Soldiers-Invasion].Desc-Owner;
[StoryEvents.Event-Limansk-Soldiers-Invasion].Desc-NonOwner;
[StoryEvents.Event-RedForest1-7].Name;
[StoryEvents.Event-RedForest1-7].Desc-Owner;
[StoryEvents.Event-RedForest1-7].Desc-NonOwner;
[StoryEvents.Event-RedForest1-8].Name;
[StoryEvents.Event-RedForest1-8].Desc-Owner;
[StoryEvents.Event-RedForest1-8].Desc-NonOwner;
[StoryEvents.Event-Limansk-Bandits-Invasion].Name;
[StoryEvents.Event-Limansk-Bandits-Invasion].Desc-Owner;
[StoryEvents.Event-Limansk-Bandits-Invasion].Desc-NonOwner;
[StoryEvents.Event-RedForest1-9].Name;
[StoryEvents.Event-RedForest1-9].Desc-Owner;
[StoryEvents.Event-RedForest1-9].Desc-NonOwner;
[StoryEvents.Event-RedForest1-10].Name;
[StoryEvents.Event-RedForest1-10].Desc-Owner;
[StoryEvents.Event-RedForest1-10].Desc-NonOwner;
[StoryEvents.Event-RedForest1-11].Name;
[StoryEvents.Event-RedForest1-11].Desc-Owner;
[StoryEvents.Event-RedForest1-11].Desc-NonOwner;
[StoryEvents.Event-RedForest1-12].Name;
[StoryEvents.Event-RedForest1-12].Desc-Owner;
[StoryEvents.Event-RedForest1-12].Desc-NonOwner;
[StoryEvents.Event-RedForest1-13].Name;
[StoryEvents.Event-RedForest1-13].Desc-Owner;
[StoryEvents.Event-RedForest1-13].Desc-NonOwner;
[StoryEvents.Event-RedForest1-14].Name;
[StoryEvents.Event-RedForest1-14].Desc-Owner;
[StoryEvents.Event-RedForest1-14].Desc-NonOwner;
[StoryEvents.Event-RedForest1-15].Name;
[StoryEvents.Event-RedForest1-15].Desc-Owner;
[StoryEvents.Event-RedForest1-15].Desc-NonOwner;
[StoryEvents.Event-RedForest1-16].Name;
[StoryEvents.Event-RedForest1-16].Desc-Owner;
[StoryEvents.Event-RedForest1-16].Desc-NonOwner;
[StoryEvents.Event-RedForest1-17].Name;
[StoryEvents.Event-RedForest1-17].Desc-Owner;
[StoryEvents.Event-RedForest1-17].Desc-NonOwner;
[StoryEvents.Event-RedForest1-18].Name;
[StoryEvents.Event-RedForest1-18].Desc-Owner;
[StoryEvents.Event-RedForest1-18].Desc-NonOwner;
[StoryEvents.Event-RedForest1-19].Name;
[StoryEvents.Event-RedForest1-19].Desc-Owner;
[StoryEvents.Event-RedForest1-19].Desc-NonOwner;
[StoryEvents.Event-RedForest1-20].Name;
[StoryEvents.Event-RedForest1-20].Desc-Owner;
[StoryEvents.Event-RedForest1-20].Desc-NonOwner;
[StoryEvents.Event-RedForest1-21].Name;
[StoryEvents.Event-RedForest1-21].Desc-Owner;
[StoryEvents.Event-RedForest1-21].Desc-NonOwner;
[StoryEvents.Event-RedForest1-22].Name;
[StoryEvents.Event-RedForest1-22].Desc-Owner;
[StoryEvents.Event-RedForest1-22].Desc-NonOwner;
[StoryEvents.Event-RedForest1-23].Name;
[StoryEvents.Event-RedForest1-23].Desc-Owner;
[StoryEvents.Event-RedForest1-23].Desc-NonOwner;
[StoryEvents.Event-RedForest1-24].Name;
[StoryEvents.Event-RedForest1-24].Desc-Owner;
[StoryEvents.Event-RedForest1-24].Desc-NonOwner;
[StoryEvents.Event-RedForest1-25].Name;
[StoryEvents.Event-RedForest1-25].Desc-Owner;
[StoryEvents.Event-RedForest1-25].Desc-NonOwner;
[StoryEvents.Event-RedForest1-26].Name;
[StoryEvents.Event-RedForest1-26].Desc-Owner;
[StoryEvents.Event-RedForest1-26].Desc-NonOwner;
[StoryEvents.Event-Military-SpawnMercenaries].Name;
[StoryEvents.Event-Military-SpawnMercenaries].Desc-Owner;
[StoryEvents.Event-Military-SpawnMercenaries].Desc-NonOwner;
[StoryEvents.Event-Military-InvasionMercenaries].Name;
[StoryEvents.Event-Military-InvasionMercenaries].Desc-Owner;
[StoryEvents.Event-Military-InvasionMercenaries].Desc-NonOwner;
[StoryEvents.Event-Military1-1].Name;
[StoryEvents.Event-Military1-1].Desc-Owner;
[StoryEvents.Event-Military1-1].Desc-NonOwner;
[StoryEvents.Event-Military1-2].Name;
[StoryEvents.Event-Military1-2].Desc-Owner;
[StoryEvents.Event-Military1-2].Desc-NonOwner;
[StoryEvents.Event-RedForest-Renegats-Spawn].Name;
[StoryEvents.Event-RedForest-Renegats-Spawn].Desc-Owner;
[StoryEvents.Event-RedForest-Renegats-Spawn].Desc-NonOwner;
[StoryEvents.Event-RedForest-Renegats-Invasion].Name;
[StoryEvents.Event-RedForest-Renegats-Invasion].Desc-Owner;
[StoryEvents.Event-RedForest-Renegats-Invasion].Desc-NonOwner;
[StoryEvents.Event-Military1-3].Name;
[StoryEvents.Event-Military1-3].Desc-Owner;
[StoryEvents.Event-Military1-3].Desc-NonOwner;
[StoryEvents.Event-Military1-4].Name;
[StoryEvents.Event-Military1-4].Desc-Owner;
[StoryEvents.Event-Military1-4].Desc-NonOwner;
[StoryEvents.Event-Military1-5].Name;
[StoryEvents.Event-Military1-5].Desc-Owner;
[StoryEvents.Event-Military1-5].Desc-NonOwner;
[StoryEvents.Event-Military1-6].Name;
[StoryEvents.Event-Military1-6].Desc-Owner;
[StoryEvents.Event-Military1-6].Desc-NonOwner;
[StoryEvents.Event-RedForest2-1].Name;
[StoryEvents.Event-RedForest2-1].Desc-Owner;
[StoryEvents.Event-RedForest2-1].Desc-NonOwner;
[StoryEvents.Event-RedForest2-2].Name;
[StoryEvents.Event-RedForest2-2].Desc-Owner;
[StoryEvents.Event-RedForest2-2].Desc-NonOwner;
[StoryEvents.Event-RedForest2-3].Name;
[StoryEvents.Event-RedForest2-3].Desc-Owner;
[StoryEvents.Event-RedForest2-3].Desc-NonOwner;
[StoryEvents.Event-RedForest2-4].Name;
[StoryEvents.Event-RedForest2-4].Desc-Owner;
[StoryEvents.Event-RedForest2-4].Desc-NonOwner;
[StoryEvents.Event-RedForest2-5].Name;
[StoryEvents.Event-RedForest2-5].Desc-Owner;
[StoryEvents.Event-RedForest2-5].Desc-NonOwner;
[StoryEvents.Event-RedForest2-6].Name;
[StoryEvents.Event-RedForest2-6].Desc-Owner;
[StoryEvents.Event-RedForest2-6].Desc-NonOwner;
[StoryEvents.Event-RedForest2-7].Name;
[StoryEvents.Event-RedForest2-7].Desc-Owner;
[StoryEvents.Event-RedForest2-7].Desc-NonOwner;
[StoryEvents.Event-RedForest2-8].Name;
[StoryEvents.Event-RedForest2-8].Desc-Owner;
[StoryEvents.Event-RedForest2-8].Desc-NonOwner;
[StoryEvents.Event-RedForest2-9].Name;
[StoryEvents.Event-RedForest2-9].Desc-Owner;
[StoryEvents.Event-RedForest2-9].Desc-NonOwner;
[StoryEvents.Event-RedForest2-10].Name;
[StoryEvents.Event-RedForest2-10].Desc-Owner;
[StoryEvents.Event-RedForest2-10].Desc-NonOwner;
[StoryEvents.Event-RedForest2-11].Name;
[StoryEvents.Event-RedForest2-11].Desc-Owner;
[StoryEvents.Event-RedForest2-11].Desc-NonOwner;
[StoryEvents.Event-RedForest2-12].Name;
[StoryEvents.Event-RedForest2-12].Desc-Owner;
[StoryEvents.Event-RedForest2-12].Desc-NonOwner;
[StoryEvents.Event-RedForest2-13].Name;
[StoryEvents.Event-RedForest2-13].Desc-Owner;
[StoryEvents.Event-RedForest2-13].Desc-NonOwner;
[StoryEvents.Event-RedForest2-14].Name;
[StoryEvents.Event-RedForest2-14].Desc-Owner;
[StoryEvents.Event-RedForest2-14].Desc-NonOwner;
[StoryEvents.Event-RedForest2-15].Name;
[StoryEvents.Event-RedForest2-15].Desc-Owner;
[StoryEvents.Event-RedForest2-15].Desc-NonOwner;
[StoryEvents.Event-RedForest2-16].Name;
[StoryEvents.Event-RedForest2-16].Desc-Owner;
[StoryEvents.Event-RedForest2-16].Desc-NonOwner;
[StoryEvents.Event-RedForest2-17].Name;
[StoryEvents.Event-RedForest2-17].Desc-Owner;
[StoryEvents.Event-RedForest2-17].Desc-NonOwner;
[StoryEvents.Event-RedForest2-18].Name;
[StoryEvents.Event-RedForest2-18].Desc-Owner;
[StoryEvents.Event-RedForest2-18].Desc-NonOwner;
[StoryEvents.Event-Military2-1].Name;
[StoryEvents.Event-Military2-1].Desc-Owner;
[StoryEvents.Event-Military2-1].Desc-NonOwner;
[StoryEvents.Event-Military2-2].Name;
[StoryEvents.Event-Military2-2].Desc-Owner;
[StoryEvents.Event-Military2-2].Desc-NonOwner;
[StoryEvents.Event-Military2-3].Name;
[StoryEvents.Event-Military2-3].Desc-Owner;
[StoryEvents.Event-Military2-3].Desc-NonOwner;
[StoryEvents.Event-Military2-4].Name;
[StoryEvents.Event-Military2-4].Desc-Owner;
[StoryEvents.Event-Military2-4].Desc-NonOwner;
[StoryEvents.Event-Military2-5].Name;
[StoryEvents.Event-Military2-5].Desc-Owner;
[StoryEvents.Event-Military2-5].Desc-NonOwner;
[StoryEvents.Event-Military2-6].Name;
[StoryEvents.Event-Military2-6].Desc-Owner;
[StoryEvents.Event-Military2-6].Desc-NonOwner;
[StoryEvents.Event-Military2-7].Name;
[StoryEvents.Event-Military2-7].Desc-Owner;
[StoryEvents.Event-Military2-7].Desc-NonOwner;
[StoryEvents.Event-Military2-8].Name;
[StoryEvents.Event-Military2-8].Desc-Owner;
[StoryEvents.Event-Military2-8].Desc-NonOwner;
[StoryEvents.Event-Military2-9].Name;
[StoryEvents.Event-Military2-9].Desc-Owner;
[StoryEvents.Event-Military2-9].Desc-NonOwner;
[StoryEvents.Event-Military2-10].Name;
[StoryEvents.Event-Military2-10].Desc-Owner;
[StoryEvents.Event-Military2-10].Desc-NonOwner;
[StoryEvents.Event-Military2-11].Name;
[StoryEvents.Event-Military2-11].Desc-Owner;
[StoryEvents.Event-Military2-11].Desc-NonOwner;
[StoryEvents.Event-Military2-12].Name;
[StoryEvents.Event-Military2-12].Desc-Owner;
[StoryEvents.Event-Military2-12].Desc-NonOwner;
[StoryEvents.Event-Military2-13].Name;
[StoryEvents.Event-Military2-13].Desc-Owner;
[StoryEvents.Event-Military2-13].Desc-NonOwner;
[StoryEvents.Event-Military2-14].Name;
[StoryEvents.Event-Military2-14].Desc-Owner;
[StoryEvents.Event-Military2-14].Desc-NonOwner;
[StoryEvents.Event-Military2-15].Name;
[StoryEvents.Event-Military2-15].Desc-Owner;
[StoryEvents.Event-Military2-15].Desc-NonOwner;
[StoryEvents.Event-Military2-16].Name;
[StoryEvents.Event-Military2-16].Desc-Owner;
[StoryEvents.Event-Military2-16].Desc-NonOwner;
[StoryEvents.Event-Military2-17].Name;
[StoryEvents.Event-Military2-17].Desc-Owner;
[StoryEvents.Event-Military2-17].Desc-NonOwner;
[StoryEvents.Event-Military2-18].Name;
[StoryEvents.Event-Military2-18].Desc-Owner;
[StoryEvents.Event-Military2-18].Desc-NonOwner;
[StoryEvents.Event-Military2-19].Name;
[StoryEvents.Event-Military2-19].Desc-Owner;
[StoryEvents.Event-Military2-19].Desc-NonOwner;
[StoryEvents.Event-Military2-20].Name;
[StoryEvents.Event-Military2-20].Desc-Owner;
[StoryEvents.Event-Military2-20].Desc-NonOwner;
[StoryEvents.Event-RedForest3-SpawnClearSky].Name;
[StoryEvents.Event-RedForest3-SpawnClearSky].Desc-Owner;
[StoryEvents.Event-RedForest3-SpawnClearSky].Desc-NonOwner;
[StoryEvents.Event-RedForest3-InvasionClearSky].Name;
[StoryEvents.Event-RedForest3-InvasionClearSky].Desc-Owner;
[StoryEvents.Event-RedForest3-InvasionClearSky].Desc-NonOwner;
[StoryEvents.Event-RedForest3-1].Name;
[StoryEvents.Event-RedForest3-1].Desc-Owner;
[StoryEvents.Event-RedForest3-1].Desc-NonOwner;
[StoryEvents.Event-RedForest3-2].Name;
[StoryEvents.Event-RedForest3-2].Desc-Owner;
[StoryEvents.Event-RedForest3-2].Desc-NonOwner;
[StoryEvents.Event-RedForest3-3].Name;
[StoryEvents.Event-RedForest3-3].Desc-Owner;
[StoryEvents.Event-RedForest3-3].Desc-NonOwner;
[StoryEvents.Event-RedForest3-4].Name;
[StoryEvents.Event-RedForest3-4].Desc-Owner;
[StoryEvents.Event-RedForest3-4].Desc-NonOwner;
[StoryEvents.Event-RedForest3-5].Name;
[StoryEvents.Event-RedForest3-5].Desc-Owner;
[StoryEvents.Event-RedForest3-5].Desc-NonOwner;
[StoryEvents.Event-RedForest3-6].Name;
[StoryEvents.Event-RedForest3-6].Desc-Owner;
[StoryEvents.Event-RedForest3-6].Desc-NonOwner;
[StoryEvents.Event-RedForest3-7].Name;
[StoryEvents.Event-RedForest3-7].Desc-Owner;
[StoryEvents.Event-RedForest3-7].Desc-NonOwner;
[StoryEvents.Event-RedForest3-8].Name;
[StoryEvents.Event-RedForest3-8].Desc-Owner;
[StoryEvents.Event-RedForest3-8].Desc-NonOwner;
[StoryEvents.Event-RedForest3-9].Name;
[StoryEvents.Event-RedForest3-9].Desc-Owner;
[StoryEvents.Event-RedForest3-9].Desc-NonOwner;
[StoryEvents.Event-RedForest3-10].Name;
[StoryEvents.Event-RedForest3-10].Desc-Owner;
[StoryEvents.Event-RedForest3-10].Desc-NonOwner;
[StoryEvents.Event-RedForest3-SpawnMercenaries].Name;
[StoryEvents.Event-RedForest3-SpawnMercenaries].Desc-Owner;
[StoryEvents.Event-RedForest3-SpawnMercenaries].Desc-NonOwner;
[StoryEvents.Event-RedForest3-InvasionMercenaries].Name;
[StoryEvents.Event-RedForest3-InvasionMercenaries].Desc-Owner;
[StoryEvents.Event-RedForest3-InvasionMercenaries].Desc-NonOwner;
[StoryEvents.Event-RedForest3-11].Name;
[StoryEvents.Event-RedForest3-11].Desc-Owner;
[StoryEvents.Event-RedForest3-11].Desc-NonOwner;
[StoryEvents.Event-RedForest3-12].Name;
[StoryEvents.Event-RedForest3-12].Desc-Owner;
[StoryEvents.Event-RedForest3-12].Desc-NonOwner;
[StoryEvents.Event-RedForest3-13].Name;
[StoryEvents.Event-RedForest3-13].Desc-Owner;
[StoryEvents.Event-RedForest3-13].Desc-NonOwner;
[StoryEvents.Event-RedForest3-14].Name;
[StoryEvents.Event-RedForest3-14].Desc-Owner;
[StoryEvents.Event-RedForest3-14].Desc-NonOwner;
[StoryEvents.Event-Yantar-ScientistsAddResources].Name;
[StoryEvents.Event-Yantar-ScientistsAddResources].Desc-Owner;
[StoryEvents.Event-Yantar-ScientistsAddResources].Desc-NonOwner;
[StoryEvents.Event-Limansk-1].Name;
[StoryEvents.Event-Limansk-1].Desc-Owner;
[StoryEvents.Event-Limansk-1].Desc-NonOwner;
[StoryEvents.Event-Limansk-2].Name;
[StoryEvents.Event-Limansk-2].Desc-Owner;
[StoryEvents.Event-Limansk-2].Desc-NonOwner;
[StoryEvents.Event-Limansk-3].Name;
[StoryEvents.Event-Limansk-3].Desc-Owner;
[StoryEvents.Event-Limansk-3].Desc-NonOwner;
[StoryEvents.Event-Limansk-4].Name;
[StoryEvents.Event-Limansk-4].Desc-Owner;
[StoryEvents.Event-Limansk-4].Desc-NonOwner;
[StoryEvents.Event-Limansk-5].Name;
[StoryEvents.Event-Limansk-5].Desc-Owner;
[StoryEvents.Event-Limansk-5].Desc-NonOwner;
[StoryEvents.Event-Limansk-6].Name;
[StoryEvents.Event-Limansk-6].Desc-Owner;
[StoryEvents.Event-Limansk-6].Desc-NonOwner;
[StoryEvents.Event-Limansk-7].Name;
[StoryEvents.Event-Limansk-7].Desc-Owner;
[StoryEvents.Event-Limansk-7].Desc-NonOwner;
[StoryEvents.Event-Limansk-8].Name;
[StoryEvents.Event-Limansk-8].Desc-Owner;
[StoryEvents.Event-Limansk-8].Desc-NonOwner;
[StoryEvents.Event-Limansk-9].Name;
[StoryEvents.Event-Limansk-9].Desc-Owner;
[StoryEvents.Event-Limansk-9].Desc-NonOwner;
[StoryEvents.Event-Limansk-10].Name;
[StoryEvents.Event-Limansk-10].Desc-Owner;
[StoryEvents.Event-Limansk-10].Desc-NonOwner;
[StoryEvents.Event-Limansk-11].Name;
[StoryEvents.Event-Limansk-11].Desc-Owner;
[StoryEvents.Event-Limansk-11].Desc-NonOwner;
[StoryEvents.Event-Limansk-12].Name;
[StoryEvents.Event-Limansk-12].Desc-Owner;
[StoryEvents.Event-Limansk-12].Desc-NonOwner;
[StoryEvents.Event-Limansk-13].Name;
[StoryEvents.Event-Limansk-13].Desc-Owner;
[StoryEvents.Event-Limansk-13].Desc-NonOwner;
[StoryEvents.Event-Limansk-14].Name;
[StoryEvents.Event-Limansk-14].Desc-Owner;
[StoryEvents.Event-Limansk-14].Desc-NonOwner;
[StoryEvents.Event-Limansk-InvasionClearSky].Name;
[StoryEvents.Event-Limansk-InvasionClearSky].Desc-Owner;
[StoryEvents.Event-Limansk-InvasionClearSky].Desc-NonOwner;
[StoryEvents.Event-Limansk-15].Name;
[StoryEvents.Event-Limansk-15].Desc-Owner;
[StoryEvents.Event-Limansk-15].Desc-NonOwner;
[StoryEvents.Event-Limansk-16].Name;
[StoryEvents.Event-Limansk-16].Desc-Owner;
[StoryEvents.Event-Limansk-16].Desc-NonOwner;
[StoryEvents.Event-Limansk-17].Name;
[StoryEvents.Event-Limansk-17].Desc-Owner;
[StoryEvents.Event-Limansk-17].Desc-NonOwner;
[StoryEvents.Event-Limansk-18].Name;
[StoryEvents.Event-Limansk-18].Desc-Owner;
[StoryEvents.Event-Limansk-18].Desc-NonOwner;
[StoryEvents.Event-Limansk-19].Name;
[StoryEvents.Event-Limansk-19].Desc-Owner;
[StoryEvents.Event-Limansk-19].Desc-NonOwner;
[StoryEvents.Event-Limansk-20].Name;
[StoryEvents.Event-Limansk-20].Desc-Owner;
[StoryEvents.Event-Limansk-20].Desc-NonOwner;
[StoryEvents.Event-Hospital-1].Name;
[StoryEvents.Event-Hospital-1].Desc-Owner;
[StoryEvents.Event-Hospital-1].Desc-NonOwner;
[StoryEvents.Event-Hospital-2].Name;
[StoryEvents.Event-Hospital-2].Desc-Owner;
[StoryEvents.Event-Hospital-2].Desc-NonOwner;
[StoryEvents.Event-Hospital-3].Name;
[StoryEvents.Event-Hospital-3].Desc-Owner;
[StoryEvents.Event-Hospital-3].Desc-NonOwner;
[StoryEvents.Event-Hospital-4].Name;
[StoryEvents.Event-Hospital-4].Desc-Owner;
[StoryEvents.Event-Hospital-4].Desc-NonOwner;
[StoryEvents.Event-Hospital-5].Name;
[StoryEvents.Event-Hospital-5].Desc-Owner;
[StoryEvents.Event-Hospital-5].Desc-NonOwner;
[StoryEvents.Event-Hospital-6].Name;
[StoryEvents.Event-Hospital-6].Desc-Owner;
[StoryEvents.Event-Hospital-6].Desc-NonOwner;
[StoryEvents.Event-CHAES-0].Name;
[StoryEvents.Event-CHAES-0].Desc-Owner;
[StoryEvents.Event-CHAES-0].Desc-NonOwner;
[StoryEvents.Event-CHAES-1].Name;
[StoryEvents.Event-CHAES-1].Desc-Owner;
[StoryEvents.Event-CHAES-1].Desc-NonOwner;
[StoryEvents.Event-CHAES-2].Name;
[StoryEvents.Event-CHAES-2].Desc-Owner;
[StoryEvents.Event-CHAES-2].Desc-NonOwner;
[StoryEvents.Event-CHAES-3].Name;
[StoryEvents.Event-CHAES-3].Desc-Owner;
[StoryEvents.Event-CHAES-3].Desc-NonOwner;
[StoryEvents.Event-CHAES-4].Name;
[StoryEvents.Event-CHAES-4].Desc-Owner;
[StoryEvents.Event-CHAES-4].Desc-NonOwner;
[StoryEvents.Event-CHAES-5].Name;
[StoryEvents.Event-CHAES-5].Desc-Owner;
[StoryEvents.Event-CHAES-5].Desc-NonOwner;
[StoryEvents.Event-CHAES-6].Name;
[StoryEvents.Event-CHAES-6].Desc-Owner;
[StoryEvents.Event-CHAES-6].Desc-NonOwner;
[StoryEvents.Event-End-1].Name;
[StoryEvents.Event-End-1].Desc-Owner;
[StoryEvents.Event-End-1].Desc-NonOwner;
[StoryEvents.Event-End-2].Name;
[StoryEvents.Event-End-2].Desc-Owner;
[StoryEvents.Event-End-2].Desc-NonOwner;
[StoryEvents.Event-End-3].Name;
[StoryEvents.Event-End-3].Desc-Owner;
[StoryEvents.Event-End-3].Desc-NonOwner;
ScenarioName;
ScenarioDescription;
ScenarioVictoryDescription;
ScenarioLoseDescription;
[Groups.bandits.:main].Spy1-Name;
[Groups.bandits.:main].Spy2-Name;
[Groups.bandits.:main].Spy3-Name;
[Groups.bandits.:main].Spy4-Name;
[Groups.bandits.:main].Name;
[Groups.bandits.:main].Description;
[Groups.bandits.:main].DiplomacyText-Question-War;
[Groups.bandits.:main].DiplomacyText-Question-Neutral;
[Groups.bandits.:main].DiplomacyText-Question-Alliance;
[Groups.bandits.:main].DiplomacyText-Question-BreakAlliance;
[Groups.bandits.:main].DiplomacyText-RequestMoney-Ask;
[Groups.bandits.:main].DiplomacyText-Ans-0-Down;
[Groups.bandits.:main].DiplomacyText-Ans-1-Down;
[Groups.bandits.:main].DiplomacyText-Ans-1-No;
[Groups.bandits.:main].DiplomacyText-Ans-1-Yes;
[Groups.bandits.:main].DiplomacyText-Ans-2-No;
[Groups.bandits.:main].DiplomacyText-Ans-2-Yes;
[Groups.bandits.:main].DiplomacyText-RequestMoney-Ans-No;
[Groups.bandits.:main].DiplomacyText-RequestMoney-Ans-Yes;
[Groups.bandits.:main].DiplomacyText-Question-Neutral-No;
[Groups.bandits.:main].DiplomacyText-Question-Neutral-Yes;
[Groups.bandits.:main].DiplomacyText-Question-Alliance-No;
[Groups.bandits.:main].DiplomacyText-Question-Alliance-Yes;
[Groups.bandits.:main].Text-End-Step-Victory;
[Groups.bandits.:main].Text-End-EventFlag-Victory;
[Groups.bandits.:main].Text-End-Standart-Lose;
[Groups.bandits.:main].Text-End-Step-Lose;
[Groups.bandits.:main].Text-End-EventFlag-Lose;
[Groups.bandits.Anarchy].Text-End-Standart-Victory;
[Groups.bandits.AntiZone].Text-End-Standart-Victory;
[Groups.bandits.Control].Text-End-Standart-Victory;
[Groups.bandits.Crime].Text-End-Standart-Victory;
[Groups.bandits.Crime].Text-End-Standart-Lose;
[Groups.bandits.Crime].Text-End-Step-Lose;
[Groups.bandits.Crime].Text-End-EventFlag-Lose;
[Groups.bandits.Exploring].Text-End-Standart-Victory;
[Groups.bandits.Growth].Text-End-Standart-Victory;
[Groups.bandits.Growth].Text-End-Standart-Lose;
[Groups.bandits.Growth].Text-End-Step-Lose;
[Groups.bandits.Growth].Text-End-EventFlag-Lose;
[Groups.bandits.Mercenary].Text-End-Standart-Victory;
[Groups.bandits.Sectarianism].Text-End-Standart-Victory;
[Groups.bandits.Stability].Text-End-Standart-Victory;
[Groups.bandits.Stalkers].Text-End-Standart-Victory;
[Groups.bandits.Unknow].Text-End-Standart-Victory;
[Groups.bandits.Unknow].Text-End-Standart-Lose;
[Groups.bandits.Unknow].Text-End-Step-Lose;
[Groups.bandits.Unknow].Text-End-EventFlag-Lose;
[Groups.bandits.Zombie].Text-End-Standart-Victory;
[Groups.Duty.:main].Spy1-Name;
[Groups.Duty.:main].Spy2-Name;
[Groups.Duty.:main].Spy3-Name;
[Groups.Duty.:main].Spy4-Name;
[Groups.Duty.:main].Name;
[Groups.Duty.:main].Description;
[Groups.Duty.:main].DiplomacyText-Question-War;
[Groups.Duty.:main].DiplomacyText-Question-Neutral;
[Groups.Duty.:main].DiplomacyText-Question-Alliance;
[Groups.Duty.:main].DiplomacyText-Question-BreakAlliance;
[Groups.Duty.:main].DiplomacyText-RequestMoney-Ask;
[Groups.Duty.:main].DiplomacyText-Ans-0-Down;
[Groups.Duty.:main].DiplomacyText-Ans-1-Down;
[Groups.Duty.:main].DiplomacyText-Ans-1-No;
[Groups.Duty.:main].DiplomacyText-Ans-1-Yes;
[Groups.Duty.:main].DiplomacyText-Ans-2-No;
[Groups.Duty.:main].DiplomacyText-Ans-2-Yes;
[Groups.Duty.:main].DiplomacyText-RequestMoney-Ans-No;
[Groups.Duty.:main].DiplomacyText-RequestMoney-Ans-Yes;
[Groups.Duty.:main].DiplomacyText-Question-Neutral-No;
[Groups.Duty.:main].DiplomacyText-Question-Neutral-Yes;
[Groups.Duty.:main].DiplomacyText-Question-Alliance-No;
[Groups.Duty.:main].DiplomacyText-Question-Alliance-Yes;
[Groups.Duty.:main].Text-End-Step-Victory;
[Groups.Duty.:main].Text-End-EventFlag-Victory;
[Groups.Duty.:main].Text-End-Standart-Lose;
[Groups.Duty.:main].Text-End-Step-Lose;
[Groups.Duty.:main].Text-End-EventFlag-Lose;
[Groups.Duty.Anarchy].Text-End-Standart-Victory;
[Groups.Duty.AntiZone].Text-End-Standart-Victory;
[Groups.Duty.AntiZone].Text-End-Standart-Lose;
[Groups.Duty.Control].Text-End-Standart-Victory;
[Groups.Duty.Crime].Text-End-Standart-Victory;
[Groups.Duty.Exploring].Text-End-Standart-Victory;
[Groups.Duty.Growth].Text-End-Standart-Victory;
[Groups.Duty.Growth].Text-End-Standart-Lose;
[Groups.Duty.Mercenary].Text-End-Standart-Victory;
[Groups.Duty.Sectarianism].Text-End-Standart-Victory;
[Groups.Duty.Stability].Text-End-Standart-Victory;
[Groups.Duty.Stalkers].Text-End-Standart-Victory;
[Groups.Duty.Unknow].Text-End-Standart-Victory;
[Groups.Duty.Unknow].Text-End-Standart-Lose;
[Groups.Duty.Zombie].Text-End-Standart-Victory;
[Groups.freedom.:main].Spy1-Name;
[Groups.freedom.:main].Spy2-Name;
[Groups.freedom.:main].Spy3-Name;
[Groups.freedom.:main].Spy4-Name;
[Groups.freedom.:main].Name;
[Groups.freedom.:main].Description;
[Groups.freedom.:main].DiplomacyText-Question-War;
[Groups.freedom.:main].DiplomacyText-Question-Neutral;
[Groups.freedom.:main].DiplomacyText-Question-Alliance;
[Groups.freedom.:main].DiplomacyText-Question-BreakAlliance;
[Groups.freedom.:main].DiplomacyText-RequestMoney-Ask;
[Groups.freedom.:main].DiplomacyText-Ans-0-Down;
[Groups.freedom.:main].DiplomacyText-Ans-1-Down;
[Groups.freedom.:main].DiplomacyText-Ans-1-No;
[Groups.freedom.:main].DiplomacyText-Ans-1-Yes;
[Groups.freedom.:main].DiplomacyText-Ans-2-No;
[Groups.freedom.:main].DiplomacyText-Ans-2-Yes;
[Groups.freedom.:main].DiplomacyText-RequestMoney-Ans-No;
[Groups.freedom.:main].DiplomacyText-RequestMoney-Ans-Yes;
[Groups.freedom.:main].DiplomacyText-Question-Neutral-No;
[Groups.freedom.:main].DiplomacyText-Question-Neutral-Yes;
[Groups.freedom.:main].DiplomacyText-Question-Alliance-No;
[Groups.freedom.:main].DiplomacyText-Question-Alliance-Yes;
[Groups.freedom.:main].Text-End-Step-Victory;
[Groups.freedom.:main].Text-End-EventFlag-Victory;
[Groups.freedom.:main].Text-End-Standart-Lose;
[Groups.freedom.:main].Text-End-Step-Lose;
[Groups.freedom.:main].Text-End-EventFlag-Lose;
[Groups.freedom.Anarchy].Text-End-Standart-Victory;
[Groups.freedom.Anarchy].Text-End-Standart-Lose;
[Groups.freedom.AntiZone].Text-End-Standart-Victory;
[Groups.freedom.Control].Text-End-Standart-Victory;
[Groups.freedom.Crime].Text-End-Standart-Victory;
[Groups.freedom.Exploring].Text-End-Standart-Victory;
[Groups.freedom.Growth].Text-End-Standart-Victory;
[Groups.freedom.Growth].Text-End-Standart-Lose;
[Groups.freedom.Mercenary].Text-End-Standart-Victory;
[Groups.freedom.Sectarianism].Text-End-Standart-Victory;
[Groups.freedom.Stability].Text-End-Standart-Victory;
[Groups.freedom.Stalkers].Text-End-Standart-Victory;
[Groups.freedom.Unknow].Text-End-Standart-Victory;
[Groups.freedom.Unknow].Text-End-Standart-Lose;
[Groups.freedom.Zombie].Text-End-Standart-Victory;
[Groups.Mercenaries.:main].Spy1-Name;
[Groups.Mercenaries.:main].Spy2-Name;
[Groups.Mercenaries.:main].Spy3-Name;
[Groups.Mercenaries.:main].Spy4-Name;
[Groups.Mercenaries.:main].Name;
[Groups.Mercenaries.:main].Description;
[Groups.Mercenaries.:main].DiplomacyText-Question-War;
[Groups.Mercenaries.:main].DiplomacyText-Question-Neutral;
[Groups.Mercenaries.:main].DiplomacyText-Question-Alliance;
[Groups.Mercenaries.:main].DiplomacyText-Question-BreakAlliance;
[Groups.Mercenaries.:main].DiplomacyText-RequestMoney-Ask;
[Groups.Mercenaries.:main].DiplomacyText-Ans-0-Down;
[Groups.Mercenaries.:main].DiplomacyText-Ans-1-Down;
[Groups.Mercenaries.:main].DiplomacyText-Ans-1-No;
[Groups.Mercenaries.:main].DiplomacyText-Ans-1-Yes;
[Groups.Mercenaries.:main].DiplomacyText-Ans-2-No;
[Groups.Mercenaries.:main].DiplomacyText-Ans-2-Yes;
[Groups.Mercenaries.:main].DiplomacyText-RequestMoney-Ans-No;
[Groups.Mercenaries.:main].DiplomacyText-RequestMoney-Ans-Yes;
[Groups.Mercenaries.:main].DiplomacyText-Question-Neutral-No;
[Groups.Mercenaries.:main].DiplomacyText-Question-Neutral-Yes;
[Groups.Mercenaries.:main].DiplomacyText-Question-Alliance-No;
[Groups.Mercenaries.:main].DiplomacyText-Question-Alliance-Yes;
[Groups.Mercenaries.:main].Text-End-Step-Victory;
[Groups.Mercenaries.:main].Text-End-EventFlag-Victory;
[Groups.Mercenaries.:main].Text-End-Standart-Lose;
[Groups.Mercenaries.:main].Text-End-Step-Lose;
[Groups.Mercenaries.:main].Text-End-EventFlag-Lose;
[Groups.Mercenaries.Anarchy].Text-End-Standart-Victory;
[Groups.Mercenaries.AntiZone].Text-End-Standart-Victory;
[Groups.Mercenaries.Control].Text-End-Standart-Victory;
[Groups.Mercenaries.Crime].Text-End-Standart-Victory;
[Groups.Mercenaries.Exploring].Text-End-Standart-Victory;
[Groups.Mercenaries.Growth].Text-End-Standart-Victory;
[Groups.Mercenaries.Growth].Text-End-Standart-Lose;
[Groups.Mercenaries.Mercenary].Text-End-Standart-Victory;
[Groups.Mercenaries.Mercenary].Text-End-Standart-Lose;
[Groups.Mercenaries.Sectarianism].Text-End-Standart-Victory;
[Groups.Mercenaries.Stability].Text-End-Standart-Victory;
[Groups.Mercenaries.Stalkers].Text-End-Standart-Victory;
[Groups.Mercenaries.Unknow].Text-End-Standart-Victory;
[Groups.Mercenaries.Unknow].Text-End-Standart-Lose;
[Groups.Mercenaries.Zombie].Text-End-Standart-Victory;
[Groups.monolith.:main].Spy1-Name;
[Groups.monolith.:main].Spy2-Name;
[Groups.monolith.:main].Spy3-Name;
[Groups.monolith.:main].Spy4-Name;
[Groups.monolith.:main].Name;
[Groups.monolith.:main].Description;
[Groups.monolith.:main].DiplomacyText-Question-War;
[Groups.monolith.:main].DiplomacyText-Question-Neutral;
[Groups.monolith.:main].DiplomacyText-Question-Alliance;
[Groups.monolith.:main].DiplomacyText-Question-BreakAlliance;
[Groups.monolith.:main].DiplomacyText-RequestMoney-Ask;
[Groups.monolith.:main].DiplomacyText-Ans-0-Down;
[Groups.monolith.:main].DiplomacyText-Ans-1-Down;
[Groups.monolith.:main].DiplomacyText-Ans-1-No;
[Groups.monolith.:main].DiplomacyText-Ans-1-Yes;
[Groups.monolith.:main].DiplomacyText-Ans-2-No;
[Groups.monolith.:main].DiplomacyText-Ans-2-Yes;
[Groups.monolith.:main].DiplomacyText-RequestMoney-Ans-No;
[Groups.monolith.:main].DiplomacyText-RequestMoney-Ans-Yes;
[Groups.monolith.:main].DiplomacyText-Question-Neutral-No;
[Groups.monolith.:main].DiplomacyText-Question-Neutral-Yes;
[Groups.monolith.:main].DiplomacyText-Question-Alliance-No;
[Groups.monolith.:main].DiplomacyText-Question-Alliance-Yes;
[Groups.monolith.:main].Text-End-Step-Victory;
[Groups.monolith.:main].Text-End-EventFlag-Victory;
[Groups.monolith.:main].Text-End-Standart-Lose;
[Groups.monolith.:main].Text-End-Step-Lose;
[Groups.monolith.:main].Text-End-EventFlag-Lose;
[Groups.monolith.Anarchy].Text-End-Standart-Victory;
[Groups.monolith.AntiZone].Text-End-Standart-Victory;
[Groups.monolith.Control].Text-End-Standart-Victory;
[Groups.monolith.Crime].Text-End-Standart-Victory;
[Groups.monolith.Exploring].Text-End-Standart-Victory;
[Groups.monolith.Growth].Text-End-Standart-Victory;
[Groups.monolith.Growth].Text-End-Standart-Lose;
[Groups.monolith.Mercenary].Text-End-Standart-Victory;
[Groups.monolith.Sectarianism].Text-End-Standart-Victory;
[Groups.monolith.Sectarianism].Text-End-Standart-Lose;
[Groups.monolith.Stability].Text-End-Standart-Victory;
[Groups.monolith.Stalkers].Text-End-Standart-Victory;
[Groups.monolith.Unknow].Text-End-Standart-Victory;
[Groups.monolith.Unknow].Text-End-Standart-Lose;
[Groups.monolith.Zombie].Text-End-Standart-Victory;
[Groups.scientists.:main].Spy1-Name;
[Groups.scientists.:main].Spy2-Name;
[Groups.scientists.:main].Spy3-Name;
[Groups.scientists.:main].Spy4-Name;
[Groups.scientists.:main].Name;
[Groups.scientists.:main].Description;
[Groups.scientists.:main].DiplomacyText-Question-War;
[Groups.scientists.:main].DiplomacyText-Question-Neutral;
[Groups.scientists.:main].DiplomacyText-Question-Alliance;
[Groups.scientists.:main].DiplomacyText-Question-BreakAlliance;
[Groups.scientists.:main].DiplomacyText-RequestMoney-Ask;
[Groups.scientists.:main].DiplomacyText-Ans-0-Down;
[Groups.scientists.:main].DiplomacyText-Ans-1-Down;
[Groups.scientists.:main].DiplomacyText-Ans-1-No;
[Groups.scientists.:main].DiplomacyText-Ans-1-Yes;
[Groups.scientists.:main].DiplomacyText-Ans-2-No;
[Groups.scientists.:main].DiplomacyText-Ans-2-Yes;
[Groups.scientists.:main].DiplomacyText-RequestMoney-Ans-No;
[Groups.scientists.:main].DiplomacyText-RequestMoney-Ans-Yes;
[Groups.scientists.:main].DiplomacyText-Question-Neutral-No;
[Groups.scientists.:main].DiplomacyText-Question-Neutral-Yes;
[Groups.scientists.:main].DiplomacyText-Question-Alliance-No;
[Groups.scientists.:main].DiplomacyText-Question-Alliance-Yes;
[Groups.scientists.:main].Text-End-Step-Victory;
[Groups.scientists.:main].Text-End-EventFlag-Victory;
[Groups.scientists.:main].Text-End-Standart-Lose;
[Groups.scientists.:main].Text-End-Step-Lose;
[Groups.scientists.:main].Text-End-EventFlag-Lose;
[Groups.scientists.Anarchy].Text-End-Standart-Victory;
[Groups.scientists.AntiZone].Text-End-Standart-Victory;
[Groups.scientists.Control].Text-End-Standart-Victory;
[Groups.scientists.Crime].Text-End-Standart-Victory;
[Groups.scientists.Exploring].Text-End-Standart-Victory;
[Groups.scientists.Exploring].Text-End-Standart-Lose;
[Groups.scientists.Growth].Text-End-Standart-Victory;
[Groups.scientists.Growth].Text-End-Standart-Lose;
[Groups.scientists.Mercenary].Text-End-Standart-Victory;
[Groups.scientists.Sectarianism].Text-End-Standart-Victory;
[Groups.scientists.Stability].Text-End-Standart-Victory;
[Groups.scientists.Stalkers].Text-End-Standart-Victory;
[Groups.scientists.Unknow].Text-End-Standart-Victory;
[Groups.scientists.Unknow].Text-End-Standart-Lose;
[Groups.scientists.Zombie].Text-End-Standart-Victory;
[Groups.soldiers.:main].Spy1-Name;
[Groups.soldiers.:main].Spy2-Name;
[Groups.soldiers.:main].Spy3-Name;
[Groups.soldiers.:main].Spy4-Name;
[Groups.soldiers.:main].Name;
[Groups.soldiers.:main].Description;
[Groups.soldiers.:main].DiplomacyText-Question-War;
[Groups.soldiers.:main].DiplomacyText-Question-Neutral;
[Groups.soldiers.:main].DiplomacyText-Question-Alliance;
[Groups.soldiers.:main].DiplomacyText-Question-BreakAlliance;
[Groups.soldiers.:main].DiplomacyText-RequestMoney-Ask;
[Groups.soldiers.:main].DiplomacyText-Ans-0-Down;
[Groups.soldiers.:main].DiplomacyText-Ans-1-Down;
[Groups.soldiers.:main].DiplomacyText-Ans-1-No;
[Groups.soldiers.:main].DiplomacyText-Ans-1-Yes;
[Groups.soldiers.:main].DiplomacyText-Ans-2-No;
[Groups.soldiers.:main].DiplomacyText-Ans-2-Yes;
[Groups.soldiers.:main].DiplomacyText-RequestMoney-Ans-No;
[Groups.soldiers.:main].DiplomacyText-RequestMoney-Ans-Yes;
[Groups.soldiers.:main].DiplomacyText-Question-Neutral-No;
[Groups.soldiers.:main].DiplomacyText-Question-Neutral-Yes;
[Groups.soldiers.:main].DiplomacyText-Question-Alliance-No;
[Groups.soldiers.:main].DiplomacyText-Question-Alliance-Yes;
[Groups.soldiers.:main].Text-End-Step-Victory;
[Groups.soldiers.:main].Text-End-EventFlag-Victory;
[Groups.soldiers.:main].Text-End-Standart-Lose;
[Groups.soldiers.:main].Text-End-Step-Lose;
[Groups.soldiers.:main].Text-End-EventFlag-Lose;
[Groups.soldiers.Anarchy].Text-End-Standart-Victory;
[Groups.soldiers.AntiZone].Text-End-Standart-Victory;
[Groups.soldiers.Control].Text-End-Standart-Victory;
[Groups.soldiers.Control].Text-End-Standart-Lose;
[Groups.soldiers.Crime].Text-End-Standart-Victory;
[Groups.soldiers.Exploring].Text-End-Standart-Victory;
[Groups.soldiers.Growth].Text-End-Standart-Victory;
[Groups.soldiers.Growth].Text-End-Standart-Lose;
[Groups.soldiers.Mercenary].Text-End-Standart-Victory;
[Groups.soldiers.Sectarianism].Text-End-Standart-Victory;
[Groups.soldiers.Stability].Text-End-Standart-Victory;
[Groups.soldiers.Stalkers].Text-End-Standart-Victory;
[Groups.soldiers.Unknow].Text-End-Standart-Victory;
[Groups.soldiers.Unknow].Text-End-Standart-Lose;
[Groups.soldiers.Zombie].Text-End-Standart-Victory;
[Groups.soldiers.Zombie].Text-End-Step-Lose;
[Groups.stalkers.:main].Spy1-Name;
[Groups.stalkers.:main].Spy2-Name;
[Groups.stalkers.:main].Spy3-Name;
[Groups.stalkers.:main].Spy4-Name;
[Groups.stalkers.:main].Name;
[Groups.stalkers.:main].Description;
[Groups.stalkers.:main].DiplomacyText-Question-War;
[Groups.stalkers.:main].DiplomacyText-Question-Neutral;
[Groups.stalkers.:main].DiplomacyText-Question-Alliance;
[Groups.stalkers.:main].DiplomacyText-Question-BreakAlliance;
[Groups.stalkers.:main].DiplomacyText-RequestMoney-Ask;
[Groups.stalkers.:main].DiplomacyText-Ans-0-Down;
[Groups.stalkers.:main].DiplomacyText-Ans-1-Down;
[Groups.stalkers.:main].DiplomacyText-Ans-1-No;
[Groups.stalkers.:main].DiplomacyText-Ans-1-Yes;
[Groups.stalkers.:main].DiplomacyText-Ans-2-No;
[Groups.stalkers.:main].DiplomacyText-Ans-2-Yes;
[Groups.stalkers.:main].DiplomacyText-RequestMoney-Ans-No;
[Groups.stalkers.:main].DiplomacyText-RequestMoney-Ans-Yes;
[Groups.stalkers.:main].DiplomacyText-Question-Neutral-No;
[Groups.stalkers.:main].DiplomacyText-Question-Neutral-Yes;
[Groups.stalkers.:main].DiplomacyText-Question-Alliance-No;
[Groups.stalkers.:main].DiplomacyText-Question-Alliance-Yes;
[Groups.stalkers.:main].Text-End-Step-Victory;
[Groups.stalkers.:main].Text-End-EventFlag-Victory;
[Groups.stalkers.:main].Text-End-Standart-Lose;
[Groups.stalkers.:main].Text-End-Step-Lose;
[Groups.stalkers.:main].Text-End-EventFlag-Lose;
[Groups.stalkers.Anarchy].Text-End-Standart-Victory;
[Groups.stalkers.AntiZone].Text-End-Standart-Victory;
[Groups.stalkers.Control].Text-End-Standart-Victory;
[Groups.stalkers.Crime].Text-End-Standart-Victory;
[Groups.stalkers.Exploring].Text-End-Standart-Victory;
[Groups.stalkers.Growth].Text-End-Standart-Victory;
[Groups.stalkers.Growth].Text-End-Standart-Lose;
[Groups.stalkers.Mercenary].Text-End-Standart-Victory;
[Groups.stalkers.Sectarianism].Text-End-Standart-Victory;
[Groups.stalkers.Stability].Text-End-Standart-Victory;
[Groups.stalkers.Stalkers].Text-End-Standart-Victory;
[Groups.stalkers.Stalkers].Text-End-Standart-Lose;
[Groups.stalkers.Unknow].Text-End-Standart-Victory;
[Groups.stalkers.Unknow].Text-End-Standart-Lose;
[Groups.stalkers.Zombie].Text-End-Standart-Victory;
