[Form_World].LT_4;Группировка изменила состояние вентиляции на территории %s локации %s
[Form_World].FilterHint_6;Биологическая опасность
[Form_ZonaMenu].FT_11;, присутствует пульт вентиляции
[Form_ZonaMenu].FHint9;Наличие смертельного уровня биологической опасности
[Form_ZonaMenu].BTNHint9;Управлять состоянием вентиляции
[Form_PsyControl].TitleText;Действия с ветиляцией
[Form_PsyControl].LT_2;Состояние вентиляции: %s
[Form_PsyControl].LT_3;Вы можете как включать, так и выключать вентиляцию. Стоимость действия %s КР. Учтите, что опасный воздух может воздействовать не только на эту территорию, но и на соседние. Будьте готовы к грядущим непредсказуемым изменениям!
[Form_PsyControl].FT_1;Вы не можете включать или выключать вентиляцию. Учтите, что опасный воздух может воздействовать не только на эту территорию, но и на другие. Будьте осторожны!
[Form_PsyControl].FT_2;Выключена
[Form_PsyControl].FT_3;Включена
[Buttons].BTN_PsyControl.Text;Вентиляция
[Advisors.Advisor-Mutants-1].Name;Неизвестно
[Advisors.Advisor-Stalkers-1].Name;Неизвестно
[Advisors.Advisor-Bandits-1].Name;Неизвестно
[Advisors.Advisor-Mercenaries-1].Name;Неизвестно
[Advisors.Advisor-Zombie-1].Name;Неизвестно
[Advisors.Advisor-Mutants-KolRazum].Name;Коллективный разум
[Advisors.Advisor-Stalkers-Azot].Name;Азот
[Advisors.Advisor-Stalkers-Senka].Name;Сенька
[Advisors.Advisor-Stalkers-Boroda].Name;Борода
[Advisors.Advisor-Stalkers-Vano].Name;Вано
[Advisors.Advisor-Stalkers-Vobla].Name;Вобла
[Advisors.Advisor-Stalkers-Gavaec].Name;Гаваец
[Advisors.Advisor-Stalkers-Garmata].Name;Гармата
[Advisors.Advisor-Stalkers-Gluhar].Name;Глухарь
[Advisors.Advisor-Stalkers-Gonta].Name;Гонта
[Advisors.Advisor-Stalkers-Greben].Name;Гребень
[Advisors.Advisor-Stalkers-Zveroboy].Name;Зверобой
[Advisors.Advisor-Stalkers-Zulus].Name;Зулус
[Advisors.Advisor-Stalkers-Kardan].Name;Кардан
[Advisors.Advisor-Stalkers-Koryaga].Name;Коряга
[Advisors.Advisor-Stalkers-Kostropav].Name;Костоправ
[Advisors.Advisor-Stalkers-Krab].Name;Краб
[Advisors.Advisor-Stalkers-Kuvalda].Name;Кувалда
[Advisors.Advisor-Stalkers-Locman].Name;Лоцман
[Advisors.Advisor-Stalkers-Medved].Name;Медведь
[Advisors.Advisor-Stalkers-Mityai].Name;Митяй
[Advisors.Advisor-Stalkers-Noy].Name;Ной
[Advisors.Advisor-Stalkers-Petruha].Name;Петруха
[Advisors.Advisor-Stalkers-Spartak].Name;Спартак
[Advisors.Advisor-Stalkers-Sych].Name;Сыч
[Advisors.Advisor-Stalkers-Torba].Name;Торба
[Advisors.Advisor-Stalkers-Tremor].Name;Тремор
[Advisors.Advisor-Stalkers-Shilo].Name;Шило
[Advisors.Advisor-Bandits-Valet].Name;Валет
[Advisors.Advisor-Bandits-Gnom].Name;Гном
[Advisors.Advisor-Bandits-Kastet].Name;Кастет
[Advisors.Advisor-Bandits-Sultan].Name;Султан
[Advisors.Advisor-Bandits-Shishak].Name;Шишак
[Advisors.Advisor-Bandits-Babtist].Name;Баптист
[Advisors.Advisor-76].Name;Крюк
[Advisors.Advisor-77].Name;Тесак
[Advisors.Advisor-78].Name;Гриф
[Advisors.Advisor-79].Name;Газон
[Advisors.Advisor-80].Name;Труп
[Advisors.Advisor-81].Name;Дуб
[Advisors.Advisor-82].Name;Кол
[Advisors.Advisor-83].Name;Пианист
[Advisors.Advisor-84].Name;Хирург
[Advisors.Advisor-85].Name;Кирзач
[Advisors.Advisor-86].Name;Кощей
[Advisors.Advisor-87].Name;Гоблин
[Advisors.Advisor-88].Name;Череп
[Advisors.Advisor-89].Name;Дуплет
[Advisors.Advisor-90].Name;Хребет
[Advisors.Advisor-91].Name;Танк
[Advisors.Advisor-92].Name;Черный
[Advisors.Advisor-93].Name;Рыло
[Advisors.Advisor-94].Name;Сербин
[Advisors.Advisor-Zombie-Kontroler].Name;Контролер
[Achievements.Achiv-1].Name;Нет криминалу!
[Achievements.Achiv-1].Desc;Получено новое достижение! Взять под контроль весь Скадовск за Вольных сталкеров на уровне сложности Мастер в течении 5 ходов с момента старта игры и удерживать 1 ход.
[Achievements.Achiv-1].Desc-Logo;Взять под контроль весь Скадовск за Вольных сталкеров на уровне сложности Мастер в течении 5 ходов с момента старта игры и удерживать 1 ход.
[Achievements.Achiv-2].Name;Султанск!
[Achievements.Achiv-2].Desc;Получено новое достижение! Взять под контроль весь Скадовск за Бандитов на уровне сложности Мастер в течении 5 ходов с момента старта игры и удерживать 1 ход.
[Achievements.Achiv-2].Desc-Logo;Взять под контроль весь Скадовск за Бандитов на уровне сложности Мастер в течении 5 ходов с момента старта игры и удерживать 1 ход.
[Achievements.Achiv-3].Name;Сталкерская борода!
[Achievements.Achiv-3].Desc;Получено новое достижение! Захватить локацию Затон за группировку Вольных сталкеров и удерживать 1 ход на уровне сложности Ветеран или выше.
[Achievements.Achiv-3].Desc-Logo;Захватить локацию Затон за группировку Вольных сталкеров и удерживать 1 ход на уровне сложности Ветеран или выше.
[Achievements.Achiv-4].Name;Затонский султанат!
[Achievements.Achiv-4].Desc;Получено новое достижение! Захватить локацию Затон за группировку Бандиты и удерживать 1 ход на уровне сложности Ветеран или выше.
[Achievements.Achiv-4].Desc-Logo;Захватить локацию Затон за группировку Бандиты и удерживать 1 ход на уровне сложности Ветеран или выше.
[Achievements.Achiv-5].Name;Скадовское небо!
[Achievements.Achiv-5].Desc;Получено новое достижение! Принять идеологию Стабильность за группировку Вольных сталкеров на уровне сложности Опытный или выше и продержаться 1 ход.
[Achievements.Achiv-5].Desc-Logo;Принять идеологию Стабильность за группировку Вольных сталкеров на уровне сложности Опытный или выше и продержаться 1 ход.
[Achievements.Achiv-6].Name;Третья сила!
[Achievements.Achiv-6].Desc;Получено новое достижение! Принять идеологию Наёмничество за группировку Вольных сталкеров на уровне сложности Опытный или выше и продержаться 1 ход.
[Achievements.Achiv-6].Desc-Logo;Принять идеологию Наёмничество за группировку Вольных сталкеров на уровне сложности Опытный или выше и продержаться 1 ход.
[Traders.World].Name;Внешний мир
[Traders.World].NeedText;Связь с внешним миром не всегда удается установить. Шанс 50%. Цена попытки установить связь:
[Traders.YourGroup].Name;Торговец вашей группировки
[Traders.YourGroup].NeedText;Вы всегда можете поторговать со своим торговцем. Цена:
[Traders.OtherGroup].Name;Торговец чужой группировки
[Traders.OtherGroup].NeedText;Чтобы торговать с чужими группировками сначала выберите на карте чужую территорию
[Traders.Trader1].Name;Борода
[Traders.Trader1].NeedText;Торговать с ним можно при условии контролирования территории Сталкерский Скадовск на Затоне. Цена:
[Traders.Trader2].Name;Сыч
[Traders.Trader2].NeedText;Торговать с ним можно при условии контролирования территории Сталкерский Скадовск на Затоне. Цена:
[Traders.Trader4].Name;Шустрый
[Traders.Trader4].NeedText;Торговать с ним можно при условии контролирования территории Сталкерский Скадовск на Затоне. Цена:
[StoryEvents.Event-NewWay].Name;Группа Дегтярёва в подземке
[StoryEvents.Event-NewWay].Desc-Owner;К нам поступила информация, что Дегтярёв и группа сталкеров спустились в Путепровод Припять.
[StoryEvents.Event-NewWay].Desc-NonOwner;К нам поступила информация, что Дегтярёв и группа сталкеров спустились в Путепровод Припять.
[StoryEvents.Event-LeaveMerc-RemoveUnit-1].Name;Технический ивент 1
[StoryEvents.Event-LeaveMerc-RemoveUnit-1].Desc-Owner;Технический ивент, который можно увидеть только в дебаге
[StoryEvents.Event-LeaveMerc-RemoveUnit-1].Desc-NonOwner;Технический ивент, который можно увидеть только в дебаге
[StoryEvents.Event-LeaveMerc-RemoveUnit-2].Name;Технический ивент 2
[StoryEvents.Event-LeaveMerc-RemoveUnit-2].Desc-Owner;Технический ивент, который можно увидеть только в дебаге
[StoryEvents.Event-LeaveMerc-RemoveUnit-2].Desc-NonOwner;Технический ивент, который можно увидеть только в дебаге
[StoryEvents.Event-LeaveMerc-ChangeOwner-1].Name;Группа Крюка покидает Затон
[StoryEvents.Event-LeaveMerc-ChangeOwner-1].Desc-Owner;Если игрок видит эту строку в игре, то это баг ивента Event-LeaveMerc-ChangeOwner-1
[StoryEvents.Event-LeaveMerc-ChangeOwner-1].Desc-NonOwner;От разведчиков нам поступила информация, что группа наёмников покинула территорию %0:s локации %1:s и направилась куда-то в неизвестное направление...
[StoryEvents.Event-LeaveMerc-ChangeOwner-2].Name;Группа Тесака покидает Затон
[StoryEvents.Event-LeaveMerc-ChangeOwner-2].Desc-Owner;Если игрок видит эту строку в игре, то это баг ивента Event-LeaveMerc-ChangeOwner-2
[StoryEvents.Event-LeaveMerc-ChangeOwner-2].Desc-NonOwner;От разведчиков нам поступила информация, что группа наёмников покинула территорию %0:s локации %1:s и направилась куда-то в неизвестное направление...
[StoryEvents.Event-LeaveMerc-AddUnit-1].Name;Технический ивент 3
[StoryEvents.Event-LeaveMerc-AddUnit-1].Desc-Owner;Технический ивент, который можно увидеть только в дебаге
[StoryEvents.Event-LeaveMerc-AddUnit-1].Desc-NonOwner;Технический ивент, который можно увидеть только в дебаге
[StoryEvents.Event-LeaveMerc-AddUnit-2].Name;Технический ивент 4
[StoryEvents.Event-LeaveMerc-AddUnit-2].Desc-Owner;Технический ивент, который можно увидеть только в дебаге
[StoryEvents.Event-LeaveMerc-AddUnit-2].Desc-NonOwner;Технический ивент, который можно увидеть только в дебаге
[StoryEvents.Event-150].Name;Дягтярёв появился на Затоне
[StoryEvents.Event-150].Desc-Owner;На нашей территории %0:s локации %1:s замечен сталкер Дегтярёв. Наш гарнизон пропустил его.
[StoryEvents.Event-150].Desc-NonOwner;Ходят слухи, что сталкер Дегтярёв был замечен на территории %0:s локации %1:s.
[StoryEvents.Event-151].Name;Дегтярёв напал на гарнизон территории
[StoryEvents.Event-151].Desc-Owner;Вот черт! Какой-то сталкер развязал бой на территории %0:s локации %1:s! Наши потери:
[StoryEvents.Event-151].Desc-NonOwner;Ходят слухи, что какой-то неизвестный сталкер вступил в бой на территории %0:s локации %1:s.
[StoryEvents.Event-152].Name;Дягтярёв разговаривал с Карданом
[StoryEvents.Event-152].Desc-Owner;На нашей территории %0:s локации %1:s замечен сталкер Дегтярёв. Наш гарнизон пропустил его.
[StoryEvents.Event-152].Desc-NonOwner;Ходят слухи, что сталкер Дегтярёв был замечен на территории %0:s локации %1:s.
[StoryEvents.Event-153].Name;Дегтярёв напал на гарнизон территории
[StoryEvents.Event-153].Desc-Owner;Вот черт! Какой-то сталкер развязал бой на территории %0:s локации %1:s! Наши потери:
[StoryEvents.Event-153].Desc-NonOwner;Ходят слухи, что какой-то неизвестный сталкер вступил в бой на территории %0:s локации %1:s.
[StoryEvents.Event-154].Name;Дегтярёв продолжает идти
[StoryEvents.Event-154].Desc-Owner;На нашей территории %0:s локации %1:s замечен сталкер Дегтярёв. Наш гарнизон пропустил его.
[StoryEvents.Event-154].Desc-NonOwner;Ходят слухи, что сталкер Дегтярёв был замечен на территории %0:s локации %1:s.
[StoryEvents.Event-155].Name;Дегтярёв напал на гарнизон территории
[StoryEvents.Event-155].Desc-Owner;Вот черт! Какой-то сталкер развязал бой на территории %0:s локации %1:s! Наши потери:
[StoryEvents.Event-155].Desc-NonOwner;Ходят слухи, что какой-то неизвестный сталкер вступил в бой на территории %0:s локации %1:s.
[StoryEvents.Event-156].Name;Дегтярёв продолжает идти
[StoryEvents.Event-156].Desc-Owner;На нашей территории %0:s локации %1:s замечен сталкер Дегтярёв. Наш гарнизон пропустил его.
[StoryEvents.Event-156].Desc-NonOwner;Ходят слухи, что сталкер Дегтярёв был замечен на территории %0:s локации %1:s.
[StoryEvents.Event-157].Name;Дегтярёв напал на гарнизон территории
[StoryEvents.Event-157].Desc-Owner;Вот черт! Какой-то сталкер развязал бой на территории %0:s локации %1:s! Наши потери:
[StoryEvents.Event-157].Desc-NonOwner;Ходят слухи, что какой-то неизвестный сталкер вступил в бой на территории %0:s локации %1:s.
[StoryEvents.Event-158].Name;Дегтярёв продолжает идти
[StoryEvents.Event-158].Desc-Owner;На нашей территории %0:s локации %1:s замечен сталкер Дегтярёв. Наш гарнизон пропустил его.
[StoryEvents.Event-158].Desc-NonOwner;Ходят слухи, что сталкер Дегтярёв был замечен на территории %0:s локации %1:s.
[StoryEvents.Event-159].Name;Дегтярёв напал на гарнизон территории
[StoryEvents.Event-159].Desc-Owner;Вот черт! Какой-то сталкер развязал бой на территории %0:s локации %1:s! Наши потери:
[StoryEvents.Event-159].Desc-NonOwner;Ходят слухи, что какой-то неизвестный сталкер вступил в бой на территории %0:s локации %1:s.
[StoryEvents.Event-160].Name;Дегтярёв продолжает идти
[StoryEvents.Event-160].Desc-Owner;На нашей территории %0:s локации %1:s замечен сталкер Дегтярёв. Наш гарнизон пропустил его.
[StoryEvents.Event-160].Desc-NonOwner;Ходят слухи, что сталкер Дегтярёв был замечен на территории %0:s локации %1:s.
[StoryEvents.Event-161].Name;Дегтярёв напал на гарнизон территории
[StoryEvents.Event-161].Desc-Owner;Вот черт! Какой-то сталкер развязал бой на территории %0:s локации %1:s! Наши потери:
[StoryEvents.Event-161].Desc-NonOwner;Ходят слухи, что какой-то неизвестный сталкер вступил в бой на территории %0:s локации %1:s.
[StoryEvents.Event-162].Name;Дегтярёв продолжает идти
[StoryEvents.Event-162].Desc-Owner;На нашей территории %0:s локации %1:s замечен сталкер Дегтярёв. Наш гарнизон пропустил его.
[StoryEvents.Event-162].Desc-NonOwner;Ходят слухи, что сталкер Дегтярёв был замечен на территории %0:s локации %1:s.
[StoryEvents.Event-163].Name;Дегтярёв напал на гарнизон территории
[StoryEvents.Event-163].Desc-Owner;Вот черт! Какой-то сталкер развязал бой на территории %0:s локации %1:s! Наши потери:
[StoryEvents.Event-163].Desc-NonOwner;Ходят слухи, что какой-то неизвестный сталкер вступил в бой на территории %0:s локации %1:s.
[StoryEvents.Event-164].Name;Дегтярёв продолжает идти
[StoryEvents.Event-164].Desc-Owner;На нашей территории %0:s локации %1:s замечен сталкер Дегтярёв. Наш гарнизон пропустил его.
[StoryEvents.Event-164].Desc-NonOwner;Ходят слухи, что сталкер Дегтярёв был замечен на территории %0:s локации %1:s.
[StoryEvents.Event-165].Name;Дегтярёв напал на гарнизон территории
[StoryEvents.Event-165].Desc-Owner;Вот черт! Какой-то сталкер развязал бой на территории %0:s локации %1:s! Наши потери:
[StoryEvents.Event-165].Desc-NonOwner;Ходят слухи, что какой-то неизвестный сталкер вступил в бой на территории %0:s локации %1:s.
[StoryEvents.Event-166].Name;Дегтярёв в лаборатории цеха
[StoryEvents.Event-166].Desc-Owner;На нашей территории %0:s локации %1:s замечен сталкер Дегтярёв. Наш гарнизон пропустил его.
[StoryEvents.Event-166].Desc-NonOwner;Ходят слухи, что сталкер Дегтярёв был замечен на территории %0:s локации %1:s.
[StoryEvents.Event-167].Name;Дегтярёв напал на гарнизон территории
[StoryEvents.Event-167].Desc-Owner;Вот черт! Какой-то сталкер развязал бой на территории %0:s локации %1:s! Наши потери:
[StoryEvents.Event-167].Desc-NonOwner;Ходят слухи, что какой-то неизвестный сталкер вступил в бой на территории %0:s локации %1:s.
[StoryEvents.Event-168].Name;Дегтярёв продолжает идти
[StoryEvents.Event-168].Desc-Owner;На нашей территории %0:s локации %1:s замечен сталкер Дегтярёв. Наш гарнизон пропустил его.
[StoryEvents.Event-168].Desc-NonOwner;Ходят слухи, что сталкер Дегтярёв был замечен на территории %0:s локации %1:s.
[StoryEvents.Event-169].Name;Дегтярёв напал на гарнизон территории
[StoryEvents.Event-169].Desc-Owner;Вот черт! Какой-то сталкер развязал бой на территории %0:s локации %1:s! Наши потери:
[StoryEvents.Event-169].Desc-NonOwner;Ходят слухи, что какой-то неизвестный сталкер вступил в бой на территории %0:s локации %1:s.
[StoryEvents.Event-170].Name;Дегтярёв продолжает идти
[StoryEvents.Event-170].Desc-Owner;На нашей территории %0:s локации %1:s замечен сталкер Дегтярёв. Наш гарнизон пропустил его.
[StoryEvents.Event-170].Desc-NonOwner;Ходят слухи, что сталкер Дегтярёв был замечен на территории %0:s локации %1:s.
[StoryEvents.Event-171].Name;Дегтярёв напал на гарнизон территории
[StoryEvents.Event-171].Desc-Owner;Вот черт! Какой-то сталкер развязал бой на территории %0:s локации %1:s! Наши потери:
[StoryEvents.Event-171].Desc-NonOwner;Ходят слухи, что какой-то неизвестный сталкер вступил в бой на территории %0:s локации %1:s.
[StoryEvents.Event-172].Name;Дегтярёв продолжает идти
[StoryEvents.Event-172].Desc-Owner;На нашей территории %0:s локации %1:s замечен сталкер Дегтярёв. Наш гарнизон пропустил его.
[StoryEvents.Event-172].Desc-NonOwner;Ходят слухи, что сталкер Дегтярёв был замечен на территории %0:s локации %1:s.
[StoryEvents.Event-173].Name;Дегтярёв напал на гарнизон территории
[StoryEvents.Event-173].Desc-Owner;Вот черт! Какой-то сталкер развязал бой на территории %0:s локации %1:s! Наши потери:
[StoryEvents.Event-173].Desc-NonOwner;Ходят слухи, что какой-то неизвестный сталкер вступил в бой на территории %0:s локации %1:s.
[StoryEvents.Event-174].Name;Дегтярёв продолжает идти
[StoryEvents.Event-174].Desc-Owner;На нашей территории %0:s локации %1:s замечен сталкер Дегтярёв. Наш гарнизон пропустил его.
[StoryEvents.Event-174].Desc-NonOwner;Ходят слухи, что сталкер Дегтярёв был замечен на территории %0:s локации %1:s.
[StoryEvents.Event-175].Name;Дегтярёв напал на гарнизон территории
[StoryEvents.Event-175].Desc-Owner;Вот черт! Какой-то сталкер развязал бой на территории %0:s локации %1:s! Наши потери:
[StoryEvents.Event-175].Desc-NonOwner;Ходят слухи, что какой-то неизвестный сталкер вступил в бой на территории %0:s локации %1:s.
[StoryEvents.Event-176].Name;Дегтярёв продолжает идти
[StoryEvents.Event-176].Desc-Owner;На нашей территории %0:s локации %1:s замечен сталкер Дегтярёв. Наш гарнизон пропустил его.
[StoryEvents.Event-176].Desc-NonOwner;Ходят слухи, что сталкер Дегтярёв был замечен на территории %0:s локации %1:s.
[StoryEvents.Event-177].Name;Дегтярёв напал на гарнизон территории
[StoryEvents.Event-177].Desc-Owner;Вот черт! Какой-то сталкер развязал бой на территории %0:s локации %1:s! Наши потери:
[StoryEvents.Event-177].Desc-NonOwner;Ходят слухи, что какой-то неизвестный сталкер вступил в бой на территории %0:s локации %1:s.
[StoryEvents.Event-178].Name;Дегтярёв продолжает идти
[StoryEvents.Event-178].Desc-Owner;На нашей территории %0:s локации %1:s замечен сталкер Дегтярёв. Наш гарнизон пропустил его.
[StoryEvents.Event-178].Desc-NonOwner;Ходят слухи, что сталкер Дегтярёв был замечен на территории %0:s локации %1:s.
[StoryEvents.Event-179].Name;Дегтярёв напал на гарнизон территории
[StoryEvents.Event-179].Desc-Owner;Вот черт! Какой-то сталкер развязал бой на территории %0:s локации %1:s! Наши потери:
[StoryEvents.Event-179].Desc-NonOwner;Ходят слухи, что какой-то неизвестный сталкер вступил в бой на территории %0:s локации %1:s.
[StoryEvents.Event-180].Name;Дягтярёв у Кардана
[StoryEvents.Event-180].Desc-Owner;На нашей территории %0:s локации %1:s замечен сталкер Дегтярёв. Наш гарнизон пропустил его.
[StoryEvents.Event-180].Desc-NonOwner;Ходят слухи, что сталкер Дегтярёв был замечен на территории %0:s локации %1:s.
[StoryEvents.Event-181].Name;Дегтярёв напал на гарнизон территории
[StoryEvents.Event-181].Desc-Owner;Вот черт! Какой-то сталкер развязал бой на территории %0:s локации %1:s! Наши потери:
[StoryEvents.Event-181].Desc-NonOwner;Ходят слухи, что какой-то неизвестный сталкер вступил в бой на территории %0:s локации %1:s.
[StoryEvents.Event-238].Name;Эвакуация
[StoryEvents.Event-238].Desc-Owner;Бойцы сообщают, что Дегтярёв с группой военных эвакуировался на вертолётах из Припяти!
[StoryEvents.Event-238].Desc-NonOwner;Бойцы сообщают, что Дегтярёв с группой военных эвакуировался на вертолётах из Припяти!
ScenarioName;Битва за Затон. Зов Припяти
ScenarioDescription;Близкий к лору сценаний, где события происходят вскоре после того, как Дегтярёв покинул Затон. У вас около 40 ходов. Вам необходимо захватить всю локацию до того, как Дегтярёв спустится в Путепровод. Дипломатия между группировками близка к канону.
ScenarioVictoryDescription;Условия победы: захватить все территории на карте и удержать их 1 ход.
ScenarioLoseDescription;Условия поражения: потерять все подконтрольные территории или не выполнить условия победы примерно за 40 ходов.
[Groups.bandits.:main].Spy1-Name;Новичок
[Groups.bandits.:main].Spy2-Name;Опытный
[Groups.bandits.:main].Spy3-Name;Ветеран
[Groups.bandits.:main].Spy4-Name;Мастер
[Groups.bandits.:main].Name;Бандиты
[Groups.bandits.:main].Description;Бандиты – криминальная сторона Зоны. Имеют под своим контролем значительные территории. Подконтрольные территория разбросаны по локациям. Не имеют достойного вооружения и большого числа умеющих воевать в своих рядах. Группировке необходимо провести реорганизацию, как во внутренних делах, так и во внешних, определиться с приоритетной локации с которой начнётся захват.
[Groups.bandits.:main].DiplomacyText-Question-War;Ну, че фраер, допрыгался? Расчихляй валыну! Братва к тебе уже катит!
[Groups.bandits.:main].DiplomacyText-Question-Neutral;Э-э-э! Братела, не суетись, а? Пора перестать шмалять друг-друга, лады?
[Groups.bandits.:main].DiplomacyText-Question-Alliance;Э, Братела, давай союзничками будем? А? Там... шмалять вместе гавриков... Всё такое.. М? Лады?
[Groups.bandits.:main].DiplomacyText-Question-BreakAlliance;Не, ну ты фраер, ну ты конкретный лох, теперь дальше каждый сам за себя!
[Groups.bandits.:main].DiplomacyText-RequestMoney-Ask;Э, сышишь кореш, мелочи не подкинешь, а? Нам бы вот столько:
[Groups.bandits.:main].DiplomacyText-Ans-0-Down;Ты на кого батон крошишь? Бычара, ты труп, ты понял?!
[Groups.bandits.:main].DiplomacyText-Ans-1-Down;Ну ты это вообще не о чем, мля...
[Groups.bandits.:main].DiplomacyText-Ans-1-No;Найдем - на меха порежем!
[Groups.bandits.:main].DiplomacyText-Ans-1-Yes;Сышишь, мы тя не тронем, в натуре за базар отвечаю!
[Groups.bandits.:main].DiplomacyText-Ans-2-No;Не, не, это нифига не то, ты гонишь!
[Groups.bandits.:main].DiplomacyText-Ans-2-Yes;Держись, кореш, щас все будет пучком...
[Groups.bandits.:main].DiplomacyText-RequestMoney-Ans-No;Ты че головой ударился? Откуда у нас такое бабло! Нам самим не помешало бы...
[Groups.bandits.:main].DiplomacyText-RequestMoney-Ans-Yes;Братела, держи баблишко!
[Groups.bandits.:main].DiplomacyText-Question-Neutral-No;Братела, ты, конечно, это зря! Не надо было так...
[Groups.bandits.:main].DiplomacyText-Question-Neutral-Yes;А чо, братела, порадовал! Молодца...
[Groups.bandits.:main].DiplomacyText-Question-Alliance-No;Братела, ты, конечно, это зря! Не надо было так...
[Groups.bandits.:main].DiplomacyText-Question-Alliance-Yes;О, братела, отлично! Теперь вместе фраеров шмалять будем!
[Groups.bandits.:main].Text-End-Step-Victory;Вы выжили! Победа!
[Groups.bandits.:main].Text-End-EventFlag-Victory;Победа по ивент флагу!
[Groups.bandits.:main].Text-End-Standart-Lose;Группировка была полностью уничтожена, теперь Зону буду делить другие группировки. Поражение!
[Groups.bandits.:main].Text-End-Step-Lose;Время истекло, Вы не смогли добиться контроля над Зоной. Поражение!
[Groups.bandits.:main].Text-End-EventFlag-Lose;Поражение по ивент флагу!
[Groups.bandits.Anarchy].Text-End-Standart-Victory;Победа! Группировка вскоре всё меньше и меньше по своему поведению походила на то, чем являлась изначально. Да, криминал остался, но его стало меньше. Верхушка пыталась продвигать тему, которая была близка с тем, что пропагандировала группировка «Свобода», а низы, не торопились принимать эти новые идеалы, так как старые способы в виде грабежа и мародерства казались более простыми и понятными. Группировка раскалывалась прямо на глазах. Каждый новый день – новое не подчинение приказов отдельными группами. Вот-вот начнётся новый конфликт в Зоне…
[Groups.bandits.AntiZone].Text-End-Standart-Victory;Победа! Группировка вскоре всё меньше и меньше по своему поведению походила на то, чем являлась изначально. Криминала стало значительно меньше. Верхушка продвигала всё больше и больше тему борьбы с Зоной. Да, многие понимали, что грабить теперь некого, кругом все свои и в принципе, были согласны, но поскольку в группировке были и настоящие уголовники, то образовались отдельные группы, которые грабили тех самых «своих». Кругом вспыхивали локальные бои. Зона снова оказалась в шаге от масштабной войны всех против всех…
[Groups.bandits.Control].Text-End-Standart-Victory;Победа! Группировка вскоре всё меньше и меньше по своему поведению походила на то, чем являлась изначально. Криминала стало значительно меньше. Вводилась жесткая иерархия. Ситуацию наиболее точно описывало название «Штрафбат». Среди участников группировки ходили слухи, что верхушка прогнулась под государственные силы. Многие приняли этот факт, но нашлись и те «паханы» с «буграми», которые с таким порядком не были согласны. Назревал новый масштабный конфликт, но уже внутри группировки...
[Groups.bandits.Crime].Text-End-Standart-Victory;"Победа! Зона превратилась в криминальное квазигосударство. Зона стала жить ""по понятиям"". Вскоре грабить стало некого и группировка погрязла в распрях. Вместо того чтобы отстреливать монстров и добывать артефакты Бандиты стреляли друг в друга..."
[Groups.bandits.Crime].Text-End-Standart-Lose;Последний бандит поймал маслину. В Зоне больше нет места криминальному миру... Поражение!
[Groups.bandits.Crime].Text-End-Step-Lose;"Время истекло. Пацаны говорят, что ""бугор"" из тебя никакой... Поражение!"
[Groups.bandits.Exploring].Text-End-Standart-Victory;Победа! Группировка контролирует всю территорию. Грабить больше некого. Мародерствовать тоже вскоре будет негде… Верхушка уже активно переключается на выгодные контракты, идущие от правительства. В Зоне теперь часто можно встретить группы Ученых делающих свои замеры анимальной активности под чуткой охраной местных «братков». Вчерашние бандиты уже ходили и занимались тем, делом, что когда-то считали слишком грязным для себя – искали артефакты, добывали части тел мутантов, делали какие-то не понятные замеры не менее не понятными приборами. Не всем это нравилось, поэтому находились отдельные группы людей, которые организовывали нападение на «своих». С ними старались активно бороться, но таких «несогласных», находилось всё больше и больше, так как далеко немногие нашли себя в новой реальности работы по изучению Зоны…
[Groups.bandits.Growth].Text-End-Standart-Victory;"Победа! Зона превратилась в криминальное квазигосударство. Зона стала жить ""по понятиям"". Вскоре грабить стало некого и группировка погрязла в распрях. Вместо того чтобы отстреливать монстров и добывать артефакты Бандиты стреляли друг в друга..."
[Groups.bandits.Growth].Text-End-Standart-Lose;Последний бандит поймал маслину. В Зоне больше нет места криминальному миру... Поражение!
[Groups.bandits.Growth].Text-End-Step-Lose;"Время истекло. Пацаны говорят, что ""бугор"" из тебя никакой... Поражение!"
[Groups.bandits.Mercenary].Text-End-Standart-Victory;Победа! Группировка контролирует всю территорию. Грабить больше некого. Мародерствовать тоже вскоре будет негде… Верхушка уже активно переключается на выгодные контракты, идущие с внешнего мира. Но акцент ставился на более криминальные контракты, поэтому Ученых в Зоне, которых охраняли местные бойцы, было практически не встретить, что значительно ограничило изучение Зоны. Правительство планировало предпринять несколько боевых операций, чтобы вернуть контроль над ключевыми объектами Зоны. Скоро снова будет «Война в Зоне»…
[Groups.bandits.Sectarianism].Text-End-Standart-Victory;Победа! Но не смотря на то, что группировка заняла все территории, так такого контроля над силами не было. Кругом царила неразбериха. Странные речи верхушки, странное поведения всех кто находился на севере Зоны, вновь вскоре включенные пси установки… Все это обеспокоило тех, кто находился на юге. Юг стал вооружаться и формировать собственную иерархию с командирами. Вот-вот начнётся новый этап «Войны в Зоне»…
[Groups.bandits.Stability].Text-End-Standart-Victory;Победа! Группировка контролирует всю территорию. Грабить больше некого. Мародерствовать тоже вскоре будет негде… Верхушка активно пытается найти новые способы обогащения. Бойцов начали разделять на подгруппы. Кого-то в поиски артефактов, кого-то на охоту за частями тел мутантов, третьих использовали как наёмников для выполнения внешних заказов. Но нашлись и те, кому не подходило что-либо из «мирного» ремесла. Вскоре начались первые конфликты и последовавшие за ними бои. Внутреннюю иерархию группировки штормило и неизвестно чем всё закончится…
[Groups.bandits.Stalkers].Text-End-Standart-Victory;Победа! Группировка вскоре всё меньше и меньше по своему поведению походила на то, чем являлась изначально. Криминала действительно стало меньше. Платишь долю – можешь ходить и добывать артефакты. Никто мешать не должен. А если кто-то и будет, то тех ребят найдут. Быстро найдут. Но если у них найдутся покровители в верхах, то отпустят словесно попугав. Поэтому в скорее внутри группировки образовались отдельные группы со своими лидерами, которые тянули группировку к вооруженному внутреннему конфликту…
[Groups.bandits.Unknow].Text-End-Standart-Victory;"Победа! Зона превратилась в криминальное квазигосударство. Зона стала жить ""по понятиям"". Вскоре грабить стало некого и группировка погрязла в распрях. Вместо того чтобы отстреливать монстров и добывать артефакты Бандиты стреляли друг в друга..."
[Groups.bandits.Unknow].Text-End-Standart-Lose;Последний бандит поймал маслину. В Зоне больше нет места криминальному миру... Поражение!
[Groups.bandits.Unknow].Text-End-Step-Lose;"Время истекло. Пацаны говорят, что ""бугор"" из тебя никакой... Поражение!"
[Groups.bandits.Zombie].Text-End-Standart-Victory;Победа! Теперь О-Сознание в безопасности. Вскоре пси-излучение покрыло всю Зону благодаря увеличению числа излучателей. Даже Кордон стал опасен. Правительство хоть и не выпускало мутантов из Зоны, но больше не пыталось вернуть ее...
[Groups.Mercenaries.:main].Spy1-Name;Новичок
[Groups.Mercenaries.:main].Spy2-Name;Опытный
[Groups.Mercenaries.:main].Spy3-Name;Ветеран
[Groups.Mercenaries.:main].Spy4-Name;Мастер
[Groups.Mercenaries.:main].Name;Наёмники
[Groups.Mercenaries.:main].Description;Наёмники – достаточно скрытная военизированная группировка со специализацией на выполнении каких-либо заказов поступивших как из самой Зоны, так и извне. Имеет две территории под контролем на Затоне. Бойцы хорошо вооружены, однако, не так эффективны против больших скоплений мутантов как хотелось бы.
[Groups.Mercenaries.:main].DiplomacyText-Question-War;На вас поступил заказ. Ничего личного. Только бизнес.
[Groups.Mercenaries.:main].DiplomacyText-Question-Neutral;Нам обоим эта война не выгодна. Как на счет мира?
[Groups.Mercenaries.:main].DiplomacyText-Question-Alliance;Нам было бы выгодно более тесное сотрудничество с вами. Согласны?
[Groups.Mercenaries.:main].DiplomacyText-Question-BreakAlliance;Мы больше не будем сотрудничать с вами.
[Groups.Mercenaries.:main].DiplomacyText-RequestMoney-Ask;У нас тут парочка накладок вышла с кое-какими контрактами. Нам бы финансовую помощь в таком вот размере:
[Groups.Mercenaries.:main].DiplomacyText-Ans-0-Down;Больше дел с вами вести не будем!
[Groups.Mercenaries.:main].DiplomacyText-Ans-1-Down;Печально, вы упускаете свою выгоду.
[Groups.Mercenaries.:main].DiplomacyText-Ans-1-No;Сейчас нам это не выгодно.
[Groups.Mercenaries.:main].DiplomacyText-Ans-1-Yes;Хорошо, надеемся на взаимовыгодное партнерство.
[Groups.Mercenaries.:main].DiplomacyText-Ans-2-No;В данный момент нам это не выгодно.
[Groups.Mercenaries.:main].DiplomacyText-Ans-2-Yes;Ок, нам это выгодно.
[Groups.Mercenaries.:main].DiplomacyText-RequestMoney-Ans-No;У нас сейчас не так много премиальных с контрактов, так что помочь не сможем.
[Groups.Mercenaries.:main].DiplomacyText-RequestMoney-Ans-Yes;Ладно, перевели.
[Groups.Mercenaries.:main].DiplomacyText-Question-Neutral-No;Отказались? Ну и ладно.
[Groups.Mercenaries.:main].DiplomacyText-Question-Neutral-Yes;Отлично, хорошо что Вы согласились!
[Groups.Mercenaries.:main].DiplomacyText-Question-Alliance-No;Отказались? Ну и ладно.
[Groups.Mercenaries.:main].DiplomacyText-Question-Alliance-Yes;Отлично, хорошо что Вы согласились!
[Groups.Mercenaries.:main].Text-End-Step-Victory;Вы выжили! Победа!
[Groups.Mercenaries.:main].Text-End-EventFlag-Victory;Победа по ивент флагу!
[Groups.Mercenaries.:main].Text-End-Standart-Lose;Группировка была полностью уничтожена, теперь Зону буду делить другие группировки. Поражение!
[Groups.Mercenaries.:main].Text-End-Step-Lose;Время истекло, Вы не смогли добиться контроля над Зоной. Поражение!
[Groups.Mercenaries.:main].Text-End-EventFlag-Lose;Поражение по ивент флагу!
[Groups.Mercenaries.Anarchy].Text-End-Standart-Victory;Победа! Вскоре верхушка группировки открыто стала идти на конфликт с правительством. Множество различных документов активно сливалась в СМИ за хорошие для наёмников деньги. Государственные силы уже готовят новый план по штурму ключевых территорий. Похоже, уже совсем скоро начнётся новая «Война в Зоне»…
[Groups.Mercenaries.AntiZone].Text-End-Standart-Victory;Победа! Вскоре верхушка группировки договорилась с правительством. Часть территорий была передана под контроль Военных. Множество наёмников решили покинуть Зону, так как всё скатилось к контрактам на поиск артефактов и охоте на мутантов. Похоже на территории отчуждения не стоит ожидать новых крупных войн…
[Groups.Mercenaries.Control].Text-End-Standart-Victory;Победа! Вскоре верхушка группировки договорилась с правительством. Часть территорий была передана под контроль Военных. Множество наёмников решили покинуть Зону, так как всё скатилось к контрактам на поиск артефактов и охоте на мутантов. Похоже на территории отчуждения не стоит ожидать новых крупных войн…
[Groups.Mercenaries.Crime].Text-End-Standart-Victory;Победа! Вскоре Зона стала крупной базой для наёмников со всего мира. Криминального элемента становилось всё больше. Численность мутантов плохо контролировалась. По всей территории отчуждения постоянно вспыхивают мелкие столкновения. Вряд ли это хорошо закончится…
[Groups.Mercenaries.Exploring].Text-End-Standart-Victory;Победа! Вскоре верхушка группировки договорилась с правительством. Часть территорий была передана под контроль Военных. Множество наёмников решили покинуть Зону, так как всё скатилось к контрактам на поиск артефактов и охоте на мутантов. Похоже на территории отчуждения не стоит ожидать новых крупных войн…
[Groups.Mercenaries.Growth].Text-End-Standart-Victory;"Победа! Вскоре Зона стала крупной базой для наёмников со всего мира. В ней тренировались бойцы для отправки в любые горячие точки планеты. Численность мутантов строго контролировалась. Для богатых клиентов даже организовывали ""Сафари""..."
[Groups.Mercenaries.Growth].Text-End-Standart-Lose;Ваша группировка полностью уничтожена. Последние наёмники разошлись кто куда по другим группировкам, где им предложили хорошую оплату. Поражение!
[Groups.Mercenaries.Mercenary].Text-End-Standart-Victory;"Победа! Вскоре Зона стала крупной базой для наёмников со всего мира. В ней тренировались бойцы для отправки в любые горячие точки планеты. Численность мутантов строго контролировалась. Для богатых клиентов даже организовывали ""Сафари""..."
[Groups.Mercenaries.Mercenary].Text-End-Standart-Lose;Ваша группировка полностью уничтожена. Последние наёмники разошлись кто куда по другим группировкам, где им предложили хорошую оплату. Поражение!
[Groups.Mercenaries.Sectarianism].Text-End-Standart-Victory;Победа! Вскоре Зона стала крупной базой для наёмников со всего мира. В ней тренировались бойцы для отправки в любые горячие точки планеты. Отличные бойцы, способные выполнять любые грязные приказы без лишних вопросов, у которых абсолютно отсутствует страх – клиенты таких очень любили, хотя и озадачивались их религиозными взглядами. Правительство долго тянуло с решением этой проблемы, так как все прогнозы по штурмам говорили о высоких потерях. Было решено организовать множественное внедрение для попытки контроля группировки. Посмотрим, чем это закончится…
[Groups.Mercenaries.Stability].Text-End-Standart-Victory;"Победа! Вскоре Зона стала крупной базой для наёмников со всего мира. В ней тренировались бойцы для отправки в любые горячие точки планеты. Численность мутантов строго контролировалась. Для богатых клиентов даже организовывали ""Сафари""..."
[Groups.Mercenaries.Stalkers].Text-End-Standart-Victory;"Победа! Вскоре Зона стала крупной базой для наёмников со всего мира. В ней тренировались бойцы для отправки в любые горячие точки планеты. Численность мутантов строго контролировалась. Для богатых клиентов даже организовывали ""Сафари""..."
[Groups.Mercenaries.Unknow].Text-End-Standart-Victory;"Победа! Вскоре Зона стала крупной базой для наёмников со всего мира. В ней тренировались бойцы для отправки в любые горячие точки планеты. Численность мутантов строго контролировалась. Для богатых клиентов даже организовывали ""Сафари""..."
[Groups.Mercenaries.Zombie].Text-End-Standart-Victory;Победа! Теперь О-Сознание в безопасности. Вскоре пси-излучение покрыло всю Зону благодаря увеличению числа излучателей. Даже Кордон стал опасен. Правительство хоть и не выпускало мутантов из Зоны, но больше не пыталось вернуть ее...
[Groups.stalkers.:main].Spy1-Name;Новичок
[Groups.stalkers.:main].Spy2-Name;Опытный
[Groups.stalkers.:main].Spy3-Name;Ветеран
[Groups.stalkers.:main].Spy4-Name;Мастер
[Groups.stalkers.:main].Name;Вольные сталкеры
[Groups.stalkers.:main].Description;Вольные сталкеры не имеют четкой иерархии и лидера. Преимуществом можно считать их предрасположенность к поиску артефактов, что благоприятно скажется на финансовом положении в умелых руках. Территориально больше присутствует на Затоне, чем на Юпитере. Группировке необходимо определиться с приоритетами в своем развитии.
[Groups.stalkers.:main].DiplomacyText-Question-War;Мы объявляем вам войну!
[Groups.stalkers.:main].DiplomacyText-Question-Neutral;Пора закончить эту бойню, мы готовы к миру, а Вы?
[Groups.stalkers.:main].DiplomacyText-Question-Alliance;Мы хотим заключить с вами союз. Вы согласны?
[Groups.stalkers.:main].DiplomacyText-Question-BreakAlliance;Мы расторгаем союз!
[Groups.stalkers.:main].DiplomacyText-RequestMoney-Ask;У нас тут финансовые затруднения возникли. Нам бы помощь не помешала. Нас интересует сумма в таком вот размере:
[Groups.stalkers.:main].DiplomacyText-Ans-0-Down;Ну ты и крыса! Война, так война!
[Groups.stalkers.:main].DiplomacyText-Ans-1-Down;Да будет так.
[Groups.stalkers.:main].DiplomacyText-Ans-1-No;На данный момент мы не видим в этом необходимости.
[Groups.stalkers.:main].DiplomacyText-Ans-1-Yes;Да, мы согласны на прекращение огня.
[Groups.stalkers.:main].DiplomacyText-Ans-2-No;Мы не уверены, что нам сейчас это нужно.
[Groups.stalkers.:main].DiplomacyText-Ans-2-Yes;Да, мы согласны на сотрудничество.
[Groups.stalkers.:main].DiplomacyText-RequestMoney-Ans-No;Увы, но сейчас мы не в состоянии помочь такой суммой.
[Groups.stalkers.:main].DiplomacyText-RequestMoney-Ans-Yes;Ладно, мы перечислим вам эту сумму.
[Groups.stalkers.:main].DiplomacyText-Question-Neutral-No;Очень жаль, что Вы отказались!
[Groups.stalkers.:main].DiplomacyText-Question-Neutral-Yes;Хорошо! Мы рады, что Вы согласны!
[Groups.stalkers.:main].DiplomacyText-Question-Alliance-No;Очень жаль, что Вы отказались!
[Groups.stalkers.:main].DiplomacyText-Question-Alliance-Yes;Хорошо! Мы рады, что Вы согласны!
[Groups.stalkers.:main].Text-End-Step-Victory;Вы выжили! Победа!
[Groups.stalkers.:main].Text-End-EventFlag-Victory;Победа по ивент флагу!
[Groups.stalkers.:main].Text-End-Standart-Lose;Группировка была полностью уничтожена, теперь Зону буду делить другие группировки. Поражение!
[Groups.stalkers.:main].Text-End-Step-Lose;Время истекло, Вы не смогли добиться контроля над Зоной. Поражение!
[Groups.stalkers.:main].Text-End-EventFlag-Lose;Поражение по ивент флагу!
[Groups.stalkers.Anarchy].Text-End-Standart-Victory;Победа! Вскоре единая группировка сталкеров разработала ряд правил похожих на тех, что были у группировки Свобода, но с некоторыми явными отличиями. Упор делался на деньги, а не на идею. Через некоторое время внутри группировки стали образовываться «отдельные» группы по «интересам», что привело к расколу в верхах. Многие заговорили, что скоро начнется новый этап «Войны в Зоне»…
[Groups.stalkers.AntiZone].Text-End-Standart-Victory;Победа! Вскоре единая группировка сталкеров разработала ряд правил похожих на тех, что были у группировки Долг, но без армейского уклона. Не всем это понравилось, но несогласные молчали, так как новое руководство всеми силами боролась с любыми проявлениями Зоны, что позволяло безопаснее собирать артефакты и не бояться за бандитов. Охота на мутантов была поставлена на поток, так что даже слепых псов на юге было не встретить. Командование группировки активно сотрудничала с Учеными и старалось не конфликтовать с Военными, что привело к новому этапу изучения Зоны, но ее тайны крайне неохотно раскрывались общественности.
[Groups.stalkers.Control].Text-End-Standart-Victory;Победа! Вскоре сталкеры разработали ряд правил, которые были призваны наладить порядок в Зоне. Даже воинские звания заменили ранги. От старой неразберихи в командовании ни осталось не следа. Была налажена четкая система подчинения и командования, новые люди в Зоне принудительно включались в эту иерархию, а тех, кто был не согласен, сразу сдавали Военным за Кордон без лишних разговоров. Ходили слухи, что в верхах группировки сидели люди из военного руководства, но ни кто не смог это доказать. Или, возможно, не успевал опубликовать доказательства, так как его забирали Военные в неизвестном направлении. Зона стала менее открытой, но более безопасной, особенно для правительственных организаций.
[Groups.stalkers.Crime].Text-End-Standart-Victory;Победа! Вскоре сталкеры создали правило, что в Зоне будет только одна группировка, и каждый человек обязан платить долю, а с торговцев стали собирать пошлину. Тех, кто не мог платить - сдавали военным за Кордон. Зона стала менее открытой для изучения правительственными силами и криминальность порядков снизило приток новых людей на охраняемую сталкерами территорию.
[Groups.stalkers.Exploring].Text-End-Standart-Victory;Победа! Вскоре группировка сталкеров стала активно сотрудничать со всеми учеными внутри Зоны. Добыча частей тел мутантов, артефактов, замеры аномальной активности… Все стали таким образом зарабатывать себе на жизнь. За любыми документами из подземных лабораторий началась настоящая охота. Мало их добыть… Нужно еще как-то донести эти бумажки до ближайшего бункера Ученых. И не помогал тот факт, что бункеров стало на порядок больше. Охотники за головами – вот новый бич Зоны. Если кто-то узнает, что у какого-то сталкера хоть одна бумажка из лаборатории или, на крайний случай, мало-мальски ценный для ученых предмет… Его смело можно записывать в покойники. Он не дойдет ни до одного бункера. Люди в Зоне разделились на две группы – тот, кто добывает и тот, кто охотится на тех, кому удалось что-либо добыть. Повсюду стреляли. Постепенно в Зоне становилось всё опаснее и опаснее…
[Groups.stalkers.Growth].Text-End-Standart-Victory;Победа! Вскоре сталкеры создали правило, что в Зоне больше не будет каких-либо группировок, а тех, кто решал заняться бандитизмом - сдавали военным за Кордон. Зона стала открыта для изучения всем желающим. И менее опасна.
[Groups.stalkers.Growth].Text-End-Standart-Lose;Вольные сталкеры были полностью уничтожены, теперь Зону буду делить только группировки. Вольных сталкеров не осталось! Поражение!
[Groups.stalkers.Mercenary].Text-End-Standart-Victory;Победа! Вскоре группировка сталкеров стала всё больше и больше походить на обычных наёмников. Четкая иерархия разваливалась, группировка дробилась. «Заказы» стали править нынешним порядком. Убийства участились на столько, что Зона стала полна «профессиональными киллерами». Но пока люди грызлись между собой за так любимые ими деньги, Зона стала намного более опасной, так как на монстров обращали на много меньше внимания, чем следует. Поговаривали, что на Кордоне уже несколько раз видели новых неизвестных ранее и крайней опасных монстров.
[Groups.stalkers.Sectarianism].Text-End-Standart-Victory;Победа! Вскоре группировка сталкеров стала всё больше и больше походить на сектантов. В «низах» ходили слухи, что «верхушка» находится под влиянием «некоторых сил с севера». В словах командиров всё больше мелькали фразы религиозного характера. Велись активные боевые действия с правительственными силами, чтобы расширить своё влияние за пределы периметра. С каждым днём всё больше и больше велась промывка мозгов среди участников группировки, но нашлись и те, кто смог устоять и защитить свой разум. Большинство из них находилось на юге, так как они не подпадали под воздействие пси установок, которые были снова включены. Назревал новый этап «Войны в Зоне»…
[Groups.stalkers.Stability].Text-End-Standart-Victory;Победа! Вскоре группировка сталкеров из-за отсутствия внешних врагов стало искать их внутри себя. Интриги, скандалы, расстрелы… Вот во что превратилась группировка. Задачи сталкеров скатились к охране и зачистке основных маршрутов в Зоне, а отдалённым участкам внимание практически не уделялось. Это привело к увеличению числа мутантов и тех, кто сбежал туда от всей этой внутренней грызни. С Учеными и Военными группировка сотрудничала, но не особо охотно, что наводило государственные силы на мысль о создании новой базы внутри периметра, что могло привести к новым столкновениям внутри периметра Зоны…
[Groups.stalkers.Stalkers].Text-End-Standart-Victory;Победа! Вскоре сталкеры создали правило, что в Зоне больше не будет каких-либо группировок, а тех, кто решал заняться бандитизмом - сдавали военным за Кордон. Зона стала открыта для изучения всем желающим. И менее опасна.
[Groups.stalkers.Stalkers].Text-End-Standart-Lose;Вольные сталкеры были полностью уничтожены, теперь Зону буду делить только группировки. Вольных сталкеров не осталось! Поражение!
[Groups.stalkers.Unknow].Text-End-Standart-Victory;Победа! Вскоре сталкеры создали правило, что в Зоне больше не будет каких-либо группировок, а тех, кто решал заняться бандитизмом - сдавали военным за Кордон. Зона стала открыта для изучения всем желающим. И менее опасна.
[Groups.stalkers.Unknow].Text-End-Standart-Lose;Вольные сталкеры были полностью уничтожены, теперь Зону буду делить только группировки. Вольных сталкеров не осталось! Поражение!
[Groups.stalkers.Zombie].Text-End-Standart-Victory;Победа! Теперь О-Сознание в безопасности. Вскоре пси-излучение покрыло всю Зону благодаря увеличению числа излучателей. Даже Кордон стал опасен. Правительство хоть и не выпускало мутантов из Зоны, но больше не пыталось вернуть ее...
