[SpecialEvents.Burst].Name;Emission!
[SpecialEvents.Burst].Desc-Yes;A major emission occurred in the Zone. Mutants became more active and appeared to be on the verge of a rampage. Our soldiers successfully survived the emission, but even in shelters they struggled, so the following amount of medical supplies were used:
[SpecialEvents.Burst].Desc-No;A major emission occurred in the Zone. Mutants became more active and appeared to be on the verge of a rampage. Some soldiers were unable to survive the emission due to a shortage of medical supplies, which they were forced to use even in shelters.
[Advisors.Advisor-Mutants-1].Name;Unknown
[Advisors.Advisor-Stalkers-1].Name;Unknown
[Advisors.Advisor-Bandits-1].Name;Unknown
[Advisors.Advisor-Soldiers-1].Name;Unknown
[Advisors.Advisor-Duty-1].Name;Unknown
[Advisors.Advisor-Freedom-1].Name;Unknown
[Advisors.Advisor-Monolith-1].Name;Unknown
[Advisors.Advisor-Mercenaries-1].Name;Unknown
[Advisors.Advisor-Scientists-1].Name;Unknown
[Advisors.Advisor-Zombie-1].Name;Unknown
[Advisors.Advisor-Mutants-KolRazum].Name;Collective mind
[Advisors.Advisor-Stalkers-Wolf].Name;Wolf
[Advisors.Advisor-Stalkers-Shustriy].Name;Nimble
[Advisors.Advisor-Stalkers-Fanat].Name;Fanatic
[Advisors.Advisor-Stalkers-Bes].Name;Bes
[Advisors.Advisor-Stalkers-Urik].Name;Yurik
[Advisors.Advisor-Stalkers-Seriy].Name;Seriy
[Advisors.Advisor-Stalkers-Demon].Name;"Oleg ""Friend"" Gusarov"
[Advisors.Advisor-Stalkers-Upir].Name;Vampire
[Advisors.Advisor-Stalkers-Arni].Name;Arnie
[Advisors.Advisor-Stalkers-Krot].Name;Mole
[Advisors.Advisor-Stalkers-Lis].Name;Fox
[Advisors.Advisor-Stalkers-Diodor].Name;Father Diodor
[Advisors.Advisor-Stalkers-Chuchelo].Name;Scarecrow
[Advisors.Advisor-Stalkers-Provodnik].Name;Guide
[Advisors.Advisor-Stalkers-Doctor].Name;Doctor
[Advisors.Advisor-Bandits-Kaban].Name;Vasya Boar
[Advisors.Advisor-Bandits-Fraer].Name;Friar
[Advisors.Advisor-Bandits-Kocherga].Name;Poker
[Advisors.Advisor-Bandits-Babtist].Name;Baptist
[Advisors.Advisor-Bandits-Chugun].Name;Cast Iron
[Advisors.Advisor-Soldiers-Kuznecov].Name;Major Kuznetsov
[Advisors.Advisor-Soldiers-Capitan].Name;Captain
[Advisors.Advisor-Soldiers-Chuguykin].Name;Lieutenant Chuguykin
[Advisors.Advisor-Soldiers-Specialist].Name;Specialist
[Advisors.Advisor-Soldiers-Poproshayko].Name;Major Poproshaiko
[Advisors.Advisor-Duty-Petrenko].Name;Colonel Petrenko
[Advisors.Advisor-Duty-Cherep].Name;Skull
[Advisors.Advisor-Duty-Ivancov].Name;Captain Ivantsov
[Advisors.Advisor-Duty-Plichko].Name;Sergeant Plichko
[Advisors.Advisor-Duty-Kizenko].Name;Sergeant Kitsenko
[Advisors.Advisor-Duty-Prapor].Name;Warrant Officer
[Advisors.Advisor-Duty-Lohmatiy].Name;Shaggy Sergei
[Advisors.Advisor-Duty-Barin].Name;Barin
[Advisors.Advisor-Duty-Pulya].Name;Bullet
[Advisors.Advisor-Freedom-Ugrumiy].Name;Murk
[Advisors.Advisor-Freedom-Kep].Name;Cap
[Advisors.Advisor-Freedom-Skryaga].Name;Skinflint
[Advisors.Advisor-Freedom-Max].Name;Max
[Advisors.Advisor-Freedom-Povar].Name;Chef
[Advisors.Advisor-Freedom-Pavlik].Name;Pavlik
[Advisors.Advisor-Monolith-Propovednik].Name;Preacher
[Advisors.Advisor-Monolith-Molitvennik].Name;Devotee
[Advisors.Advisor-Monolith-Messiya].Name;Messiah
[Advisors.Advisor-Mercenaries-Ara].Name;Ara
[Advisors.Advisor-Mercenaries-Tancpol].Name;Vitya Dancefloor
[Advisors.Advisor-Mercenaries-Avtobus].Name;Lyokha Bus
[Advisors.Advisor-Mercenaries-Rzhaviy].Name;Valera Rusty
[Advisors.Advisor-Mercenaries-Shtirlic].Name;Tolyan Stirlitz
[Advisors.Advisor-Mercenaries-Dollar].Name;"Ivan ""One Dollar"""
[Advisors.Advisor-Mercenaries-Plintus].Name;Timur Plintus
[Advisors.Advisor-Scientists-Kruglov].Name;Professor Kruglov
[Advisors.Advisor-Scientists-Nachalnik].Name;Head of security
[Advisors.Advisor-Scientists-Semenov].Name;Semenov
[Advisors.Advisor-Scientists-Zob].Name;Zob
[Advisors.Advisor-Zombie-Kontroler].Name;Controller
[Achievements.Achiv-1].Name;
[Achievements.Achiv-1].Desc;
[Achievements.Achiv-1].Desc-Logo;
[Achievements.Achiv-2].Name;
[Achievements.Achiv-2].Desc;
[Achievements.Achiv-2].Desc-Logo;
[Achievements.Achiv-3].Name;
[Achievements.Achiv-3].Desc;
[Achievements.Achiv-3].Desc-Logo;
[Achievements.Achiv-4].Name;
[Achievements.Achiv-4].Desc;
[Achievements.Achiv-4].Desc-Logo;
[Achievements.Achiv-5].Name;
[Achievements.Achiv-5].Desc;
[Achievements.Achiv-5].Desc-Logo;
[Achievements.Achiv-6].Name;
[Achievements.Achiv-6].Desc;
[Achievements.Achiv-6].Desc-Logo;
[Traders.World].Name;
[Traders.World].NeedText;
[Traders.YourGroup].Name;
[Traders.YourGroup].NeedText;
[Traders.OtherGroup].Name;
[Traders.OtherGroup].NeedText;
[Traders.Trader1].Name;
[Traders.Trader1].NeedText;
[Traders.Trader2].Name;
[Traders.Trader2].NeedText;
[Traders.Trader3].Name;
[Traders.Trader3].NeedText;
[StoryEvents.Event-Cordon-1].Name;
[StoryEvents.Event-Cordon-1].Desc-Owner;
[StoryEvents.Event-Cordon-1].Desc-NonOwner;
[StoryEvents.Event-Cordon-2].Name;
[StoryEvents.Event-Cordon-2].Desc-Owner;
[StoryEvents.Event-Cordon-2].Desc-NonOwner;
[StoryEvents.Event-Cordon-3].Name;
[StoryEvents.Event-Cordon-3].Desc-Owner;
[StoryEvents.Event-Cordon-3].Desc-NonOwner;
[StoryEvents.Event-Cordon-4].Name;
[StoryEvents.Event-Cordon-4].Desc-Owner;
[StoryEvents.Event-Cordon-4].Desc-NonOwner;
[StoryEvents.Event-Cordon-5].Name;
[StoryEvents.Event-Cordon-5].Desc-Owner;
[StoryEvents.Event-Cordon-5].Desc-NonOwner;
[StoryEvents.Event-Cordon-6].Name;
[StoryEvents.Event-Cordon-6].Desc-Owner;
[StoryEvents.Event-Cordon-6].Desc-NonOwner;
[StoryEvents.Event-Cordon-7].Name;
[StoryEvents.Event-Cordon-7].Desc-Owner;
[StoryEvents.Event-Cordon-7].Desc-NonOwner;
[StoryEvents.Event-Cordon-8].Name;
[StoryEvents.Event-Cordon-8].Desc-Owner;
[StoryEvents.Event-Cordon-8].Desc-NonOwner;
[StoryEvents.Event-Cordon-ChangeOwner-1].Name;
[StoryEvents.Event-Cordon-ChangeOwner-1].Desc-Owner;
[StoryEvents.Event-Cordon-ChangeOwner-1].Desc-NonOwner;
[StoryEvents.Event-Cordon-Advisor-1].Name;
[StoryEvents.Event-Cordon-Advisor-1].Desc-Owner;
[StoryEvents.Event-Cordon-Advisor-1].Desc-NonOwner;
[StoryEvents.Event-Cordon-ChangeOwner-2].Name;
[StoryEvents.Event-Cordon-ChangeOwner-2].Desc-Owner;
[StoryEvents.Event-Cordon-ChangeOwner-2].Desc-NonOwner;
[StoryEvents.Event-Cordon-9].Name;
[StoryEvents.Event-Cordon-9].Desc-Owner;
[StoryEvents.Event-Cordon-9].Desc-NonOwner;
[StoryEvents.Event-Cordon-10].Name;
[StoryEvents.Event-Cordon-10].Desc-Owner;
[StoryEvents.Event-Cordon-10].Desc-NonOwner;
[StoryEvents.Event-Cordon-11].Name;
[StoryEvents.Event-Cordon-11].Desc-Owner;
[StoryEvents.Event-Cordon-11].Desc-NonOwner;
[StoryEvents.Event-Cordon-12].Name;
[StoryEvents.Event-Cordon-12].Desc-Owner;
[StoryEvents.Event-Cordon-12].Desc-NonOwner;
[StoryEvents.Event-Cordon-13].Name;
[StoryEvents.Event-Cordon-13].Desc-Owner;
[StoryEvents.Event-Cordon-13].Desc-NonOwner;
[StoryEvents.Event-Cordon-14].Name;
[StoryEvents.Event-Cordon-14].Desc-Owner;
[StoryEvents.Event-Cordon-14].Desc-NonOwner;
[StoryEvents.Event-Cordon-15].Name;
[StoryEvents.Event-Cordon-15].Desc-Owner;
[StoryEvents.Event-Cordon-15].Desc-NonOwner;
[StoryEvents.Event-Cordon-16].Name;
[StoryEvents.Event-Cordon-16].Desc-Owner;
[StoryEvents.Event-Cordon-16].Desc-NonOwner;
[StoryEvents.Event-Cordon-17].Name;
[StoryEvents.Event-Cordon-17].Desc-Owner;
[StoryEvents.Event-Cordon-17].Desc-NonOwner;
[StoryEvents.Event-Cordon-18].Name;
[StoryEvents.Event-Cordon-18].Desc-Owner;
[StoryEvents.Event-Cordon-18].Desc-NonOwner;
[StoryEvents.Event-Cordon-19].Name;
[StoryEvents.Event-Cordon-19].Desc-Owner;
[StoryEvents.Event-Cordon-19].Desc-NonOwner;
[StoryEvents.Event-Cordon-20].Name;
[StoryEvents.Event-Cordon-20].Desc-Owner;
[StoryEvents.Event-Cordon-20].Desc-NonOwner;
[StoryEvents.Event-Cordon-21].Name;
[StoryEvents.Event-Cordon-21].Desc-Owner;
[StoryEvents.Event-Cordon-21].Desc-NonOwner;
[StoryEvents.Event-Cordon-22].Name;
[StoryEvents.Event-Cordon-22].Desc-Owner;
[StoryEvents.Event-Cordon-22].Desc-NonOwner;
[StoryEvents.Event-Cordon-ChangeOwner-3].Name;
[StoryEvents.Event-Cordon-ChangeOwner-3].Desc-Owner;
[StoryEvents.Event-Cordon-ChangeOwner-3].Desc-NonOwner;
[StoryEvents.Event-Cordon-Advisor-2].Name;
[StoryEvents.Event-Cordon-Advisor-2].Desc-Owner;
[StoryEvents.Event-Cordon-Advisor-2].Desc-NonOwner;
[StoryEvents.Event-Cordon-23].Name;
[StoryEvents.Event-Cordon-23].Desc-Owner;
[StoryEvents.Event-Cordon-23].Desc-NonOwner;
[StoryEvents.Event-Cordon-24].Name;
[StoryEvents.Event-Cordon-24].Desc-Owner;
[StoryEvents.Event-Cordon-24].Desc-NonOwner;
[StoryEvents.Event-Cordon-25].Name;
[StoryEvents.Event-Cordon-25].Desc-Owner;
[StoryEvents.Event-Cordon-25].Desc-NonOwner;
[StoryEvents.Event-Cordon-26].Name;
[StoryEvents.Event-Cordon-26].Desc-Owner;
[StoryEvents.Event-Cordon-26].Desc-NonOwner;
[StoryEvents.Event-Dump-1].Name;
[StoryEvents.Event-Dump-1].Desc-Owner;
[StoryEvents.Event-Dump-1].Desc-NonOwner;
[StoryEvents.Event-Dump-2].Name;
[StoryEvents.Event-Dump-2].Desc-Owner;
[StoryEvents.Event-Dump-2].Desc-NonOwner;
[StoryEvents.Event-Dump-ChangeOwner-1].Name;
[StoryEvents.Event-Dump-ChangeOwner-1].Desc-Owner;
[StoryEvents.Event-Dump-ChangeOwner-1].Desc-NonOwner;
[StoryEvents.Event-Dump-Advisor-1].Name;
[StoryEvents.Event-Dump-Advisor-1].Desc-Owner;
[StoryEvents.Event-Dump-Advisor-1].Desc-NonOwner;
[StoryEvents.Event-Dump-ChangeOwner-2].Name;
[StoryEvents.Event-Dump-ChangeOwner-2].Desc-Owner;
[StoryEvents.Event-Dump-ChangeOwner-2].Desc-NonOwner;
[StoryEvents.Event-Dump-AddUnit-1].Name;
[StoryEvents.Event-Dump-AddUnit-1].Desc-Owner;
[StoryEvents.Event-Dump-AddUnit-1].Desc-NonOwner;
[StoryEvents.Event-Dump-3].Name;
[StoryEvents.Event-Dump-3].Desc-Owner;
[StoryEvents.Event-Dump-3].Desc-NonOwner;
[StoryEvents.Event-Dump-4].Name;
[StoryEvents.Event-Dump-4].Desc-Owner;
[StoryEvents.Event-Dump-4].Desc-NonOwner;
[StoryEvents.Event-Dump-Advisor-2].Name;
[StoryEvents.Event-Dump-Advisor-2].Desc-Owner;
[StoryEvents.Event-Dump-Advisor-2].Desc-NonOwner;
[StoryEvents.Event-Dump-5].Name;
[StoryEvents.Event-Dump-5].Desc-Owner;
[StoryEvents.Event-Dump-5].Desc-NonOwner;
[StoryEvents.Event-Dump-6].Name;
[StoryEvents.Event-Dump-6].Desc-Owner;
[StoryEvents.Event-Dump-6].Desc-NonOwner;
[StoryEvents.Event-Dump-7].Name;
[StoryEvents.Event-Dump-7].Desc-Owner;
[StoryEvents.Event-Dump-7].Desc-NonOwner;
[StoryEvents.Event-Dump-8].Name;
[StoryEvents.Event-Dump-8].Desc-Owner;
[StoryEvents.Event-Dump-8].Desc-NonOwner;
[StoryEvents.Event-Dump-9].Name;
[StoryEvents.Event-Dump-9].Desc-Owner;
[StoryEvents.Event-Dump-9].Desc-NonOwner;
[StoryEvents.Event-Dump-10].Name;
[StoryEvents.Event-Dump-10].Desc-Owner;
[StoryEvents.Event-Dump-10].Desc-NonOwner;
[StoryEvents.Event-Dump-Advisor-3].Name;
[StoryEvents.Event-Dump-Advisor-3].Desc-Owner;
[StoryEvents.Event-Dump-Advisor-3].Desc-NonOwner;
[StoryEvents.Event-Dump-11].Name;
[StoryEvents.Event-Dump-11].Desc-Owner;
[StoryEvents.Event-Dump-11].Desc-NonOwner;
[StoryEvents.Event-Dump-12].Name;
[StoryEvents.Event-Dump-12].Desc-Owner;
[StoryEvents.Event-Dump-12].Desc-NonOwner;
[StoryEvents.Event-Dump-13].Name;
[StoryEvents.Event-Dump-13].Desc-Owner;
[StoryEvents.Event-Dump-13].Desc-NonOwner;
[StoryEvents.Event-Dump-14].Name;
[StoryEvents.Event-Dump-14].Desc-Owner;
[StoryEvents.Event-Dump-14].Desc-NonOwner;
[StoryEvents.Event-Agroprom-1].Name;
[StoryEvents.Event-Agroprom-1].Desc-Owner;
[StoryEvents.Event-Agroprom-1].Desc-NonOwner;
[StoryEvents.Event-Agroprom-2].Name;
[StoryEvents.Event-Agroprom-2].Desc-Owner;
[StoryEvents.Event-Agroprom-2].Desc-NonOwner;
[StoryEvents.Event-Agroprom-Helicopter-1].Name;
[StoryEvents.Event-Agroprom-Helicopter-1].Desc-Owner;
[StoryEvents.Event-Agroprom-Helicopter-1].Desc-NonOwner;
[StoryEvents.Event-Agroprom-3].Name;
[StoryEvents.Event-Agroprom-3].Desc-Owner;
[StoryEvents.Event-Agroprom-3].Desc-NonOwner;
[StoryEvents.Event-Agroprom-4].Name;
[StoryEvents.Event-Agroprom-4].Desc-Owner;
[StoryEvents.Event-Agroprom-4].Desc-NonOwner;
[StoryEvents.Event-Agroprom-SetFlag1-1].Name;
[StoryEvents.Event-Agroprom-SetFlag1-1].Desc-Owner;
[StoryEvents.Event-Agroprom-SetFlag1-1].Desc-NonOwner;
[StoryEvents.Event-Agroprom-Helicopter-2].Name;
[StoryEvents.Event-Agroprom-Helicopter-2].Desc-Owner;
[StoryEvents.Event-Agroprom-Helicopter-2].Desc-NonOwner;
[StoryEvents.Event-Agroprom-Invasion-1].Name;
[StoryEvents.Event-Agroprom-Invasion-1].Desc-Owner;
[StoryEvents.Event-Agroprom-Invasion-1].Desc-NonOwner;
[StoryEvents.Event-Agroprom-SetFlag1-2].Name;
[StoryEvents.Event-Agroprom-SetFlag1-2].Desc-Owner;
[StoryEvents.Event-Agroprom-SetFlag1-2].Desc-NonOwner;
[StoryEvents.Event-Agroprom-5].Name;
[StoryEvents.Event-Agroprom-5].Desc-Owner;
[StoryEvents.Event-Agroprom-5].Desc-NonOwner;
[StoryEvents.Event-Agroprom-6].Name;
[StoryEvents.Event-Agroprom-6].Desc-Owner;
[StoryEvents.Event-Agroprom-6].Desc-NonOwner;
[StoryEvents.Event-Agroprom-Advisor-1].Name;
[StoryEvents.Event-Agroprom-Advisor-1].Desc-Owner;
[StoryEvents.Event-Agroprom-Advisor-1].Desc-NonOwner;
[StoryEvents.Event-Agroprom-7].Name;
[StoryEvents.Event-Agroprom-7].Desc-Owner;
[StoryEvents.Event-Agroprom-7].Desc-NonOwner;
[StoryEvents.Event-Agroprom-8].Name;
[StoryEvents.Event-Agroprom-8].Desc-Owner;
[StoryEvents.Event-Agroprom-8].Desc-NonOwner;
[StoryEvents.Event-Agroprom-9].Name;
[StoryEvents.Event-Agroprom-9].Desc-Owner;
[StoryEvents.Event-Agroprom-9].Desc-NonOwner;
[StoryEvents.Event-Agroprom-10].Name;
[StoryEvents.Event-Agroprom-10].Desc-Owner;
[StoryEvents.Event-Agroprom-10].Desc-NonOwner;
[StoryEvents.Event-Agroprom-11].Name;
[StoryEvents.Event-Agroprom-11].Desc-Owner;
[StoryEvents.Event-Agroprom-11].Desc-NonOwner;
[StoryEvents.Event-Agroprom-12].Name;
[StoryEvents.Event-Agroprom-12].Desc-Owner;
[StoryEvents.Event-Agroprom-12].Desc-NonOwner;
[StoryEvents.Event-Agroprom-13].Name;
[StoryEvents.Event-Agroprom-13].Desc-Owner;
[StoryEvents.Event-Agroprom-13].Desc-NonOwner;
[StoryEvents.Event-Agroprom-14].Name;
[StoryEvents.Event-Agroprom-14].Desc-Owner;
[StoryEvents.Event-Agroprom-14].Desc-NonOwner;
[StoryEvents.Event-Agroprom-Documents].Name;
[StoryEvents.Event-Agroprom-Documents].Desc-Owner;
[StoryEvents.Event-Agroprom-Documents].Desc-NonOwner;
[StoryEvents.Event-Agroprom-15].Name;
[StoryEvents.Event-Agroprom-15].Desc-Owner;
[StoryEvents.Event-Agroprom-15].Desc-NonOwner;
[StoryEvents.Event-Agroprom-16].Name;
[StoryEvents.Event-Agroprom-16].Desc-Owner;
[StoryEvents.Event-Agroprom-16].Desc-NonOwner;
[StoryEvents.Event-Agroprom-17].Name;
[StoryEvents.Event-Agroprom-17].Desc-Owner;
[StoryEvents.Event-Agroprom-17].Desc-NonOwner;
[StoryEvents.Event-Agroprom-18].Name;
[StoryEvents.Event-Agroprom-18].Desc-Owner;
[StoryEvents.Event-Agroprom-18].Desc-NonOwner;
[StoryEvents.Event-Agroprom-19].Name;
[StoryEvents.Event-Agroprom-19].Desc-Owner;
[StoryEvents.Event-Agroprom-19].Desc-NonOwner;
[StoryEvents.Event-Agroprom-20].Name;
[StoryEvents.Event-Agroprom-20].Desc-Owner;
[StoryEvents.Event-Agroprom-20].Desc-NonOwner;
[StoryEvents.Event-Agroprom-21].Name;
[StoryEvents.Event-Agroprom-21].Desc-Owner;
[StoryEvents.Event-Agroprom-21].Desc-NonOwner;
[StoryEvents.Event-Agroprom-22].Name;
[StoryEvents.Event-Agroprom-22].Desc-Owner;
[StoryEvents.Event-Agroprom-22].Desc-NonOwner;
[StoryEvents.Event-Dump2-1].Name;
[StoryEvents.Event-Dump2-1].Desc-Owner;
[StoryEvents.Event-Dump2-1].Desc-NonOwner;
[StoryEvents.Event-Dump2-2].Name;
[StoryEvents.Event-Dump2-2].Desc-Owner;
[StoryEvents.Event-Dump2-2].Desc-NonOwner;
[StoryEvents.Event-Dump2-3].Name;
[StoryEvents.Event-Dump2-3].Desc-Owner;
[StoryEvents.Event-Dump2-3].Desc-NonOwner;
[StoryEvents.Event-Dump2-4].Name;
[StoryEvents.Event-Dump2-4].Desc-Owner;
[StoryEvents.Event-Dump2-4].Desc-NonOwner;
[StoryEvents.Event-Dump2-5].Name;
[StoryEvents.Event-Dump2-5].Desc-Owner;
[StoryEvents.Event-Dump2-5].Desc-NonOwner;
[StoryEvents.Event-Dump2-6].Name;
[StoryEvents.Event-Dump2-6].Desc-Owner;
[StoryEvents.Event-Dump2-6].Desc-NonOwner;
[StoryEvents.Event-Dump2-7].Name;
[StoryEvents.Event-Dump2-7].Desc-Owner;
[StoryEvents.Event-Dump2-7].Desc-NonOwner;
[StoryEvents.Event-Dump2-8].Name;
[StoryEvents.Event-Dump2-8].Desc-Owner;
[StoryEvents.Event-Dump2-8].Desc-NonOwner;
[StoryEvents.Event-Dump2-9].Name;
[StoryEvents.Event-Dump2-9].Desc-Owner;
[StoryEvents.Event-Dump2-9].Desc-NonOwner;
[StoryEvents.Event-Dump2-10].Name;
[StoryEvents.Event-Dump2-10].Desc-Owner;
[StoryEvents.Event-Dump2-10].Desc-NonOwner;
[StoryEvents.Event-Rostok-1].Name;
[StoryEvents.Event-Rostok-1].Desc-Owner;
[StoryEvents.Event-Rostok-1].Desc-NonOwner;
[StoryEvents.Event-Rostok-2].Name;
[StoryEvents.Event-Rostok-2].Desc-Owner;
[StoryEvents.Event-Rostok-2].Desc-NonOwner;
[StoryEvents.Event-Rostok-3].Name;
[StoryEvents.Event-Rostok-3].Desc-Owner;
[StoryEvents.Event-Rostok-3].Desc-NonOwner;
[StoryEvents.Event-Rostok-4].Name;
[StoryEvents.Event-Rostok-4].Desc-Owner;
[StoryEvents.Event-Rostok-4].Desc-NonOwner;
[StoryEvents.Event-Rostok-5].Name;
[StoryEvents.Event-Rostok-5].Desc-Owner;
[StoryEvents.Event-Rostok-5].Desc-NonOwner;
[StoryEvents.Event-Rostok-6].Name;
[StoryEvents.Event-Rostok-6].Desc-Owner;
[StoryEvents.Event-Rostok-6].Desc-NonOwner;
[StoryEvents.Event-Rostok-7].Name;
[StoryEvents.Event-Rostok-7].Desc-Owner;
[StoryEvents.Event-Rostok-7].Desc-NonOwner;
[StoryEvents.Event-Rostok-8].Name;
[StoryEvents.Event-Rostok-8].Desc-Owner;
[StoryEvents.Event-Rostok-8].Desc-NonOwner;
[StoryEvents.Event-Rostok-9].Name;
[StoryEvents.Event-Rostok-9].Desc-Owner;
[StoryEvents.Event-Rostok-9].Desc-NonOwner;
[StoryEvents.Event-Rostok-10].Name;
[StoryEvents.Event-Rostok-10].Desc-Owner;
[StoryEvents.Event-Rostok-10].Desc-NonOwner;
[StoryEvents.Event-Rostok-11].Name;
[StoryEvents.Event-Rostok-11].Desc-Owner;
[StoryEvents.Event-Rostok-11].Desc-NonOwner;
[StoryEvents.Event-Rostok-12].Name;
[StoryEvents.Event-Rostok-12].Desc-Owner;
[StoryEvents.Event-Rostok-12].Desc-NonOwner;
[StoryEvents.Event-Rostok-13].Name;
[StoryEvents.Event-Rostok-13].Desc-Owner;
[StoryEvents.Event-Rostok-13].Desc-NonOwner;
[StoryEvents.Event-Rostok-14].Name;
[StoryEvents.Event-Rostok-14].Desc-Owner;
[StoryEvents.Event-Rostok-14].Desc-NonOwner;
[StoryEvents.Event-Dump3-1].Name;
[StoryEvents.Event-Dump3-1].Desc-Owner;
[StoryEvents.Event-Dump3-1].Desc-NonOwner;
[StoryEvents.Event-Dump3-2].Name;
[StoryEvents.Event-Dump3-2].Desc-Owner;
[StoryEvents.Event-Dump3-2].Desc-NonOwner;
[StoryEvents.Event-Dump3-3].Name;
[StoryEvents.Event-Dump3-3].Desc-Owner;
[StoryEvents.Event-Dump3-3].Desc-NonOwner;
[StoryEvents.Event-Dump3-4].Name;
[StoryEvents.Event-Dump3-4].Desc-Owner;
[StoryEvents.Event-Dump3-4].Desc-NonOwner;
[StoryEvents.Event-Dump3-5].Name;
[StoryEvents.Event-Dump3-5].Desc-Owner;
[StoryEvents.Event-Dump3-5].Desc-NonOwner;
[StoryEvents.Event-Dump3-6].Name;
[StoryEvents.Event-Dump3-6].Desc-Owner;
[StoryEvents.Event-Dump3-6].Desc-NonOwner;
[StoryEvents.Event-DarkVallery-1].Name;
[StoryEvents.Event-DarkVallery-1].Desc-Owner;
[StoryEvents.Event-DarkVallery-1].Desc-NonOwner;
[StoryEvents.Event-DarkVallery-2].Name;
[StoryEvents.Event-DarkVallery-2].Desc-Owner;
[StoryEvents.Event-DarkVallery-2].Desc-NonOwner;
[StoryEvents.Event-DarkVallery-Advisor-1].Name;
[StoryEvents.Event-DarkVallery-Advisor-1].Desc-Owner;
[StoryEvents.Event-DarkVallery-Advisor-1].Desc-NonOwner;
[StoryEvents.Event-DarkVallery-3].Name;
[StoryEvents.Event-DarkVallery-3].Desc-Owner;
[StoryEvents.Event-DarkVallery-3].Desc-NonOwner;
[StoryEvents.Event-DarkVallery-4].Name;
[StoryEvents.Event-DarkVallery-4].Desc-Owner;
[StoryEvents.Event-DarkVallery-4].Desc-NonOwner;
[StoryEvents.Event-DarkVallery-5].Name;
[StoryEvents.Event-DarkVallery-5].Desc-Owner;
[StoryEvents.Event-DarkVallery-5].Desc-NonOwner;
[StoryEvents.Event-DarkVallery-6].Name;
[StoryEvents.Event-DarkVallery-6].Desc-Owner;
[StoryEvents.Event-DarkVallery-6].Desc-NonOwner;
[StoryEvents.Event-DarkVallery-7].Name;
[StoryEvents.Event-DarkVallery-7].Desc-Owner;
[StoryEvents.Event-DarkVallery-7].Desc-NonOwner;
[StoryEvents.Event-DarkVallery-8].Name;
[StoryEvents.Event-DarkVallery-8].Desc-Owner;
[StoryEvents.Event-DarkVallery-8].Desc-NonOwner;
[StoryEvents.Event-DarkVallery-9].Name;
[StoryEvents.Event-DarkVallery-9].Desc-Owner;
[StoryEvents.Event-DarkVallery-9].Desc-NonOwner;
[StoryEvents.Event-DarkVallery-10].Name;
[StoryEvents.Event-DarkVallery-10].Desc-Owner;
[StoryEvents.Event-DarkVallery-10].Desc-NonOwner;
[StoryEvents.Event-DarkVallery-SetFlag1-1].Name;
[StoryEvents.Event-DarkVallery-SetFlag1-1].Desc-Owner;
[StoryEvents.Event-DarkVallery-SetFlag1-1].Desc-NonOwner;
[StoryEvents.Event-DarkVallery-Advisor-2].Name;
[StoryEvents.Event-DarkVallery-Advisor-2].Desc-Owner;
[StoryEvents.Event-DarkVallery-Advisor-2].Desc-NonOwner;
[StoryEvents.Event-DarkVallery-SetFlag1-2].Name;
[StoryEvents.Event-DarkVallery-SetFlag1-2].Desc-Owner;
[StoryEvents.Event-DarkVallery-SetFlag1-2].Desc-NonOwner;
[StoryEvents.Event-DarkVallery-ChangeLeader].Name;
[StoryEvents.Event-DarkVallery-ChangeLeader].Desc-Owner;
[StoryEvents.Event-DarkVallery-ChangeLeader].Desc-NonOwner;
[StoryEvents.Event-DarkVallery-11].Name;
[StoryEvents.Event-DarkVallery-11].Desc-Owner;
[StoryEvents.Event-DarkVallery-11].Desc-NonOwner;
[StoryEvents.Event-DarkVallery-12].Name;
[StoryEvents.Event-DarkVallery-12].Desc-Owner;
[StoryEvents.Event-DarkVallery-12].Desc-NonOwner;
[StoryEvents.Event-DarkVallery-X18-1].Name;
[StoryEvents.Event-DarkVallery-X18-1].Desc-Owner;
[StoryEvents.Event-DarkVallery-X18-1].Desc-NonOwner;
[StoryEvents.Event-DarkVallery-X18-2].Name;
[StoryEvents.Event-DarkVallery-X18-2].Desc-Owner;
[StoryEvents.Event-DarkVallery-X18-2].Desc-NonOwner;
[StoryEvents.Event-DarkVallery-Invasion-1].Name;
[StoryEvents.Event-DarkVallery-Invasion-1].Desc-Owner;
[StoryEvents.Event-DarkVallery-Invasion-1].Desc-NonOwner;
[StoryEvents.Event-DarkVallery-Invasion-2].Name;
[StoryEvents.Event-DarkVallery-Invasion-2].Desc-Owner;
[StoryEvents.Event-DarkVallery-Invasion-2].Desc-NonOwner;
[StoryEvents.Event-DarkVallery-13].Name;
[StoryEvents.Event-DarkVallery-13].Desc-Owner;
[StoryEvents.Event-DarkVallery-13].Desc-NonOwner;
[StoryEvents.Event-DarkVallery-14].Name;
[StoryEvents.Event-DarkVallery-14].Desc-Owner;
[StoryEvents.Event-DarkVallery-14].Desc-NonOwner;
[StoryEvents.Event-DarkVallery-Invasion-3].Name;
[StoryEvents.Event-DarkVallery-Invasion-3].Desc-Owner;
[StoryEvents.Event-DarkVallery-Invasion-3].Desc-NonOwner;
[StoryEvents.Event-DarkVallery-15].Name;
[StoryEvents.Event-DarkVallery-15].Desc-Owner;
[StoryEvents.Event-DarkVallery-15].Desc-NonOwner;
[StoryEvents.Event-DarkVallery-16].Name;
[StoryEvents.Event-DarkVallery-16].Desc-Owner;
[StoryEvents.Event-DarkVallery-16].Desc-NonOwner;
[StoryEvents.Event-Cordon2-SetFlag1-1].Name;
[StoryEvents.Event-Cordon2-SetFlag1-1].Desc-Owner;
[StoryEvents.Event-Cordon2-SetFlag1-1].Desc-NonOwner;
[StoryEvents.Event-Cordon2-Invasion-1].Name;
[StoryEvents.Event-Cordon2-Invasion-1].Desc-Owner;
[StoryEvents.Event-Cordon2-Invasion-1].Desc-NonOwner;
[StoryEvents.Event-Cordon2-SetFlag1-2].Name;
[StoryEvents.Event-Cordon2-SetFlag1-2].Desc-Owner;
[StoryEvents.Event-Cordon2-SetFlag1-2].Desc-NonOwner;
[StoryEvents.Event-Cordon2-1].Name;
[StoryEvents.Event-Cordon2-1].Desc-Owner;
[StoryEvents.Event-Cordon2-1].Desc-NonOwner;
[StoryEvents.Event-Cordon2-2].Name;
[StoryEvents.Event-Cordon2-2].Desc-Owner;
[StoryEvents.Event-Cordon2-2].Desc-NonOwner;
[StoryEvents.Event-Cordon2-3].Name;
[StoryEvents.Event-Cordon2-3].Desc-Owner;
[StoryEvents.Event-Cordon2-3].Desc-NonOwner;
[StoryEvents.Event-Cordon2-4].Name;
[StoryEvents.Event-Cordon2-4].Desc-Owner;
[StoryEvents.Event-Cordon2-4].Desc-NonOwner;
[StoryEvents.Event-Cordon2-5].Name;
[StoryEvents.Event-Cordon2-5].Desc-Owner;
[StoryEvents.Event-Cordon2-5].Desc-NonOwner;
[StoryEvents.Event-Cordon2-6].Name;
[StoryEvents.Event-Cordon2-6].Desc-Owner;
[StoryEvents.Event-Cordon2-6].Desc-NonOwner;
[StoryEvents.Event-Cordon2-7].Name;
[StoryEvents.Event-Cordon2-7].Desc-Owner;
[StoryEvents.Event-Cordon2-7].Desc-NonOwner;
[StoryEvents.Event-Cordon2-8].Name;
[StoryEvents.Event-Cordon2-8].Desc-Owner;
[StoryEvents.Event-Cordon2-8].Desc-NonOwner;
[StoryEvents.Event-Cordon2-9].Name;
[StoryEvents.Event-Cordon2-9].Desc-Owner;
[StoryEvents.Event-Cordon2-9].Desc-NonOwner;
[StoryEvents.Event-Cordon2-10].Name;
[StoryEvents.Event-Cordon2-10].Desc-Owner;
[StoryEvents.Event-Cordon2-10].Desc-NonOwner;
[StoryEvents.Event-Cordon2-11].Name;
[StoryEvents.Event-Cordon2-11].Desc-Owner;
[StoryEvents.Event-Cordon2-11].Desc-NonOwner;
[StoryEvents.Event-Cordon2-12].Name;
[StoryEvents.Event-Cordon2-12].Desc-Owner;
[StoryEvents.Event-Cordon2-12].Desc-NonOwner;
[StoryEvents.Event-Cordon2-13].Name;
[StoryEvents.Event-Cordon2-13].Desc-Owner;
[StoryEvents.Event-Cordon2-13].Desc-NonOwner;
[StoryEvents.Event-Cordon2-14].Name;
[StoryEvents.Event-Cordon2-14].Desc-Owner;
[StoryEvents.Event-Cordon2-14].Desc-NonOwner;
[StoryEvents.Event-Dump4-1].Name;
[StoryEvents.Event-Dump4-1].Desc-Owner;
[StoryEvents.Event-Dump4-1].Desc-NonOwner;
[StoryEvents.Event-Dump4-2].Name;
[StoryEvents.Event-Dump4-2].Desc-Owner;
[StoryEvents.Event-Dump4-2].Desc-NonOwner;
[StoryEvents.Event-Dump4-3].Name;
[StoryEvents.Event-Dump4-3].Desc-Owner;
[StoryEvents.Event-Dump4-3].Desc-NonOwner;
[StoryEvents.Event-Dump4-4].Name;
[StoryEvents.Event-Dump4-4].Desc-Owner;
[StoryEvents.Event-Dump4-4].Desc-NonOwner;
[StoryEvents.Event-Dump4-5].Name;
[StoryEvents.Event-Dump4-5].Desc-Owner;
[StoryEvents.Event-Dump4-5].Desc-NonOwner;
[StoryEvents.Event-Dump4-6].Name;
[StoryEvents.Event-Dump4-6].Desc-Owner;
[StoryEvents.Event-Dump4-6].Desc-NonOwner;
[StoryEvents.Event-Dump4-7].Name;
[StoryEvents.Event-Dump4-7].Desc-Owner;
[StoryEvents.Event-Dump4-7].Desc-NonOwner;
[StoryEvents.Event-Dump4-8].Name;
[StoryEvents.Event-Dump4-8].Desc-Owner;
[StoryEvents.Event-Dump4-8].Desc-NonOwner;
[StoryEvents.Event-Dump4-9].Name;
[StoryEvents.Event-Dump4-9].Desc-Owner;
[StoryEvents.Event-Dump4-9].Desc-NonOwner;
[StoryEvents.Event-Dump4-10].Name;
[StoryEvents.Event-Dump4-10].Desc-Owner;
[StoryEvents.Event-Dump4-10].Desc-NonOwner;
[StoryEvents.Event-Dump4-11].Name;
[StoryEvents.Event-Dump4-11].Desc-Owner;
[StoryEvents.Event-Dump4-11].Desc-NonOwner;
[StoryEvents.Event-Dump4-12].Name;
[StoryEvents.Event-Dump4-12].Desc-Owner;
[StoryEvents.Event-Dump4-12].Desc-NonOwner;
[StoryEvents.Event-Rostok2-1].Name;
[StoryEvents.Event-Rostok2-1].Desc-Owner;
[StoryEvents.Event-Rostok2-1].Desc-NonOwner;
[StoryEvents.Event-Rostok2-2].Name;
[StoryEvents.Event-Rostok2-2].Desc-Owner;
[StoryEvents.Event-Rostok2-2].Desc-NonOwner;
[StoryEvents.Event-Rostok2-3].Name;
[StoryEvents.Event-Rostok2-3].Desc-Owner;
[StoryEvents.Event-Rostok2-3].Desc-NonOwner;
[StoryEvents.Event-Rostok2-4].Name;
[StoryEvents.Event-Rostok2-4].Desc-Owner;
[StoryEvents.Event-Rostok2-4].Desc-NonOwner;
[StoryEvents.Event-Rostok2-5].Name;
[StoryEvents.Event-Rostok2-5].Desc-Owner;
[StoryEvents.Event-Rostok2-5].Desc-NonOwner;
[StoryEvents.Event-Rostok2-6].Name;
[StoryEvents.Event-Rostok2-6].Desc-Owner;
[StoryEvents.Event-Rostok2-6].Desc-NonOwner;
[StoryEvents.Event-Rostok2-7].Name;
[StoryEvents.Event-Rostok2-7].Desc-Owner;
[StoryEvents.Event-Rostok2-7].Desc-NonOwner;
[StoryEvents.Event-Rostok2-8].Name;
[StoryEvents.Event-Rostok2-8].Desc-Owner;
[StoryEvents.Event-Rostok2-8].Desc-NonOwner;
[StoryEvents.Event-Rostok2-9].Name;
[StoryEvents.Event-Rostok2-9].Desc-Owner;
[StoryEvents.Event-Rostok2-9].Desc-NonOwner;
[StoryEvents.Event-Rostok2-10].Name;
[StoryEvents.Event-Rostok2-10].Desc-Owner;
[StoryEvents.Event-Rostok2-10].Desc-NonOwner;
[StoryEvents.Event-Rostok2-11].Name;
[StoryEvents.Event-Rostok2-11].Desc-Owner;
[StoryEvents.Event-Rostok2-11].Desc-NonOwner;
[StoryEvents.Event-Rostok2-12].Name;
[StoryEvents.Event-Rostok2-12].Desc-Owner;
[StoryEvents.Event-Rostok2-12].Desc-NonOwner;
[StoryEvents.Event-WildTerritory-1].Name;
[StoryEvents.Event-WildTerritory-1].Desc-Owner;
[StoryEvents.Event-WildTerritory-1].Desc-NonOwner;
[StoryEvents.Event-WildTerritory-2].Name;
[StoryEvents.Event-WildTerritory-2].Desc-Owner;
[StoryEvents.Event-WildTerritory-2].Desc-NonOwner;
[StoryEvents.Event-WildTerritory-3].Name;
[StoryEvents.Event-WildTerritory-3].Desc-Owner;
[StoryEvents.Event-WildTerritory-3].Desc-NonOwner;
[StoryEvents.Event-WildTerritory-4].Name;
[StoryEvents.Event-WildTerritory-4].Desc-Owner;
[StoryEvents.Event-WildTerritory-4].Desc-NonOwner;
[StoryEvents.Event-WildTerritory-SetFlag1-1].Name;
[StoryEvents.Event-WildTerritory-SetFlag1-1].Desc-Owner;
[StoryEvents.Event-WildTerritory-SetFlag1-1].Desc-NonOwner;
[StoryEvents.Event-WildTerritory-ChangeResourceScientists-1].Name;
[StoryEvents.Event-WildTerritory-ChangeResourceScientists-1].Desc-Owner;
[StoryEvents.Event-WildTerritory-ChangeResourceScientists-1].Desc-NonOwner;
[StoryEvents.Event-WildTerritory-ChangeResourceScientists-2].Name;
[StoryEvents.Event-WildTerritory-ChangeResourceScientists-2].Desc-Owner;
[StoryEvents.Event-WildTerritory-ChangeResourceScientists-2].Desc-NonOwner;
[StoryEvents.Event-WildTerritory-SetFlag1-2].Name;
[StoryEvents.Event-WildTerritory-SetFlag1-2].Desc-Owner;
[StoryEvents.Event-WildTerritory-SetFlag1-2].Desc-NonOwner;
[StoryEvents.Event-WildTerritory-SetFlag1-3].Name;
[StoryEvents.Event-WildTerritory-SetFlag1-3].Desc-Owner;
[StoryEvents.Event-WildTerritory-SetFlag1-3].Desc-NonOwner;
[StoryEvents.Event-WildTerritory-ChangeResourceScientists-3].Name;
[StoryEvents.Event-WildTerritory-ChangeResourceScientists-3].Desc-Owner;
[StoryEvents.Event-WildTerritory-ChangeResourceScientists-3].Desc-NonOwner;
[StoryEvents.Event-WildTerritory-SetFlag1-4].Name;
[StoryEvents.Event-WildTerritory-SetFlag1-4].Desc-Owner;
[StoryEvents.Event-WildTerritory-SetFlag1-4].Desc-NonOwner;
[StoryEvents.Event-WildTerritory-SetFlag1-5].Name;
[StoryEvents.Event-WildTerritory-SetFlag1-5].Desc-Owner;
[StoryEvents.Event-WildTerritory-SetFlag1-5].Desc-NonOwner;
[StoryEvents.Event-WildTerritory-Advisor-1].Name;
[StoryEvents.Event-WildTerritory-Advisor-1].Desc-Owner;
[StoryEvents.Event-WildTerritory-Advisor-1].Desc-NonOwner;
[StoryEvents.Event-WildTerritory-Advisor-2].Name;
[StoryEvents.Event-WildTerritory-Advisor-2].Desc-Owner;
[StoryEvents.Event-WildTerritory-Advisor-2].Desc-NonOwner;
[StoryEvents.Event-WildTerritory-SetFlag1-6].Name;
[StoryEvents.Event-WildTerritory-SetFlag1-6].Desc-Owner;
[StoryEvents.Event-WildTerritory-SetFlag1-6].Desc-NonOwner;
[StoryEvents.Event-WildTerritory-5].Name;
[StoryEvents.Event-WildTerritory-5].Desc-Owner;
[StoryEvents.Event-WildTerritory-5].Desc-NonOwner;
[StoryEvents.Event-WildTerritory-6].Name;
[StoryEvents.Event-WildTerritory-6].Desc-Owner;
[StoryEvents.Event-WildTerritory-6].Desc-NonOwner;
[StoryEvents.Event-WildTerritory-7].Name;
[StoryEvents.Event-WildTerritory-7].Desc-Owner;
[StoryEvents.Event-WildTerritory-7].Desc-NonOwner;
[StoryEvents.Event-WildTerritory-8].Name;
[StoryEvents.Event-WildTerritory-8].Desc-Owner;
[StoryEvents.Event-WildTerritory-8].Desc-NonOwner;
[StoryEvents.Event-WildTerritory-9].Name;
[StoryEvents.Event-WildTerritory-9].Desc-Owner;
[StoryEvents.Event-WildTerritory-9].Desc-NonOwner;
[StoryEvents.Event-WildTerritory-10].Name;
[StoryEvents.Event-WildTerritory-10].Desc-Owner;
[StoryEvents.Event-WildTerritory-10].Desc-NonOwner;
[StoryEvents.Event-WildTerritory-11].Name;
[StoryEvents.Event-WildTerritory-11].Desc-Owner;
[StoryEvents.Event-WildTerritory-11].Desc-NonOwner;
[StoryEvents.Event-WildTerritory-12].Name;
[StoryEvents.Event-WildTerritory-12].Desc-Owner;
[StoryEvents.Event-WildTerritory-12].Desc-NonOwner;
[StoryEvents.Event-WildTerritory-13].Name;
[StoryEvents.Event-WildTerritory-13].Desc-Owner;
[StoryEvents.Event-WildTerritory-13].Desc-NonOwner;
[StoryEvents.Event-WildTerritory-14].Name;
[StoryEvents.Event-WildTerritory-14].Desc-Owner;
[StoryEvents.Event-WildTerritory-14].Desc-NonOwner;
[StoryEvents.Event-WildTerritory-15].Name;
[StoryEvents.Event-WildTerritory-15].Desc-Owner;
[StoryEvents.Event-WildTerritory-15].Desc-NonOwner;
[StoryEvents.Event-WildTerritory-16].Name;
[StoryEvents.Event-WildTerritory-16].Desc-Owner;
[StoryEvents.Event-WildTerritory-16].Desc-NonOwner;
[StoryEvents.Event-Yantar-1].Name;
[StoryEvents.Event-Yantar-1].Desc-Owner;
[StoryEvents.Event-Yantar-1].Desc-NonOwner;
[StoryEvents.Event-Yantar-2].Name;
[StoryEvents.Event-Yantar-2].Desc-Owner;
[StoryEvents.Event-Yantar-2].Desc-NonOwner;
[StoryEvents.Event-Yantar-3].Name;
[StoryEvents.Event-Yantar-3].Desc-Owner;
[StoryEvents.Event-Yantar-3].Desc-NonOwner;
[StoryEvents.Event-Yantar-4].Name;
[StoryEvents.Event-Yantar-4].Desc-Owner;
[StoryEvents.Event-Yantar-4].Desc-NonOwner;
[StoryEvents.Event-Yantar-5].Name;
[StoryEvents.Event-Yantar-5].Desc-Owner;
[StoryEvents.Event-Yantar-5].Desc-NonOwner;
[StoryEvents.Event-Yantar-6].Name;
[StoryEvents.Event-Yantar-6].Desc-Owner;
[StoryEvents.Event-Yantar-6].Desc-NonOwner;
[StoryEvents.Event-Yantar-7].Name;
[StoryEvents.Event-Yantar-7].Desc-Owner;
[StoryEvents.Event-Yantar-7].Desc-NonOwner;
[StoryEvents.Event-Yantar-8].Name;
[StoryEvents.Event-Yantar-8].Desc-Owner;
[StoryEvents.Event-Yantar-8].Desc-NonOwner;
[StoryEvents.Event-Yantar-9].Name;
[StoryEvents.Event-Yantar-9].Desc-Owner;
[StoryEvents.Event-Yantar-9].Desc-NonOwner;
[StoryEvents.Event-Yantar-10].Name;
[StoryEvents.Event-Yantar-10].Desc-Owner;
[StoryEvents.Event-Yantar-10].Desc-NonOwner;
[StoryEvents.Event-Yantar-11].Name;
[StoryEvents.Event-Yantar-11].Desc-Owner;
[StoryEvents.Event-Yantar-11].Desc-NonOwner;
[StoryEvents.Event-Yantar-12].Name;
[StoryEvents.Event-Yantar-12].Desc-Owner;
[StoryEvents.Event-Yantar-12].Desc-NonOwner;
[StoryEvents.Event-Yantar-13].Name;
[StoryEvents.Event-Yantar-13].Desc-Owner;
[StoryEvents.Event-Yantar-13].Desc-NonOwner;
[StoryEvents.Event-Yantar-14].Name;
[StoryEvents.Event-Yantar-14].Desc-Owner;
[StoryEvents.Event-Yantar-14].Desc-NonOwner;
[StoryEvents.Event-Yantar-HeadsetPsyBlocker-1].Name;
[StoryEvents.Event-Yantar-HeadsetPsyBlocker-1].Desc-Owner;
[StoryEvents.Event-Yantar-HeadsetPsyBlocker-1].Desc-NonOwner;
[StoryEvents.Event-Yantar-15].Name;
[StoryEvents.Event-Yantar-15].Desc-Owner;
[StoryEvents.Event-Yantar-15].Desc-NonOwner;
[StoryEvents.Event-Yantar-16].Name;
[StoryEvents.Event-Yantar-16].Desc-Owner;
[StoryEvents.Event-Yantar-16].Desc-NonOwner;
[StoryEvents.Event-Yantar-17].Name;
[StoryEvents.Event-Yantar-17].Desc-Owner;
[StoryEvents.Event-Yantar-17].Desc-NonOwner;
[StoryEvents.Event-Yantar-18].Name;
[StoryEvents.Event-Yantar-18].Desc-Owner;
[StoryEvents.Event-Yantar-18].Desc-NonOwner;
[StoryEvents.Event-Yantar-19].Name;
[StoryEvents.Event-Yantar-19].Desc-Owner;
[StoryEvents.Event-Yantar-19].Desc-NonOwner;
[StoryEvents.Event-Yantar-20].Name;
[StoryEvents.Event-Yantar-20].Desc-Owner;
[StoryEvents.Event-Yantar-20].Desc-NonOwner;
[StoryEvents.Event-Yantar-21].Name;
[StoryEvents.Event-Yantar-21].Desc-Owner;
[StoryEvents.Event-Yantar-21].Desc-NonOwner;
[StoryEvents.Event-Yantar-22].Name;
[StoryEvents.Event-Yantar-22].Desc-Owner;
[StoryEvents.Event-Yantar-22].Desc-NonOwner;
[StoryEvents.Event-Yantar-23].Name;
[StoryEvents.Event-Yantar-23].Desc-Owner;
[StoryEvents.Event-Yantar-23].Desc-NonOwner;
[StoryEvents.Event-Yantar-24].Name;
[StoryEvents.Event-Yantar-24].Desc-Owner;
[StoryEvents.Event-Yantar-24].Desc-NonOwner;
[StoryEvents.Event-Yantar-25].Name;
[StoryEvents.Event-Yantar-25].Desc-Owner;
[StoryEvents.Event-Yantar-25].Desc-NonOwner;
[StoryEvents.Event-Yantar-26].Name;
[StoryEvents.Event-Yantar-26].Desc-Owner;
[StoryEvents.Event-Yantar-26].Desc-NonOwner;
[StoryEvents.Event-Yantar-BrainPsyDisable-1].Name;
[StoryEvents.Event-Yantar-BrainPsyDisable-1].Desc-Owner;
[StoryEvents.Event-Yantar-BrainPsyDisable-1].Desc-NonOwner;
[StoryEvents.Event-Yantar-27].Name;
[StoryEvents.Event-Yantar-27].Desc-Owner;
[StoryEvents.Event-Yantar-27].Desc-NonOwner;
[StoryEvents.Event-Yantar-28].Name;
[StoryEvents.Event-Yantar-28].Desc-Owner;
[StoryEvents.Event-Yantar-28].Desc-NonOwner;
[StoryEvents.Event-Yantar-SetFlag1-1].Name;
[StoryEvents.Event-Yantar-SetFlag1-1].Desc-Owner;
[StoryEvents.Event-Yantar-SetFlag1-1].Desc-NonOwner;
[StoryEvents.Event-Yantar-HelicopterAttack-1].Name;
[StoryEvents.Event-Yantar-HelicopterAttack-1].Desc-Owner;
[StoryEvents.Event-Yantar-HelicopterAttack-1].Desc-NonOwner;
[StoryEvents.Event-Yantar-HelicopterAttack-2].Name;
[StoryEvents.Event-Yantar-HelicopterAttack-2].Desc-Owner;
[StoryEvents.Event-Yantar-HelicopterAttack-2].Desc-NonOwner;
[StoryEvents.Event-Yantar-HelicopterAttack-3].Name;
[StoryEvents.Event-Yantar-HelicopterAttack-3].Desc-Owner;
[StoryEvents.Event-Yantar-HelicopterAttack-3].Desc-NonOwner;
[StoryEvents.Event-Cordon-Advisor-3].Name;
[StoryEvents.Event-Cordon-Advisor-3].Desc-Owner;
[StoryEvents.Event-Cordon-Advisor-3].Desc-NonOwner;
[StoryEvents.Event-Yantar-SetFlag1-2].Name;
[StoryEvents.Event-Yantar-SetFlag1-2].Desc-Owner;
[StoryEvents.Event-Yantar-SetFlag1-2].Desc-NonOwner;
[StoryEvents.Event-Rostok-SetFlag1-1].Name;
[StoryEvents.Event-Rostok-SetFlag1-1].Desc-Owner;
[StoryEvents.Event-Rostok-SetFlag1-1].Desc-NonOwner;
[StoryEvents.Event-Rostok-SetFlag1-2].Name;
[StoryEvents.Event-Rostok-SetFlag1-2].Desc-Owner;
[StoryEvents.Event-Rostok-SetFlag1-2].Desc-NonOwner;
[StoryEvents.Event-WildTerritory-Invasion-2].Name;
[StoryEvents.Event-WildTerritory-Invasion-2].Desc-Owner;
[StoryEvents.Event-WildTerritory-Invasion-2].Desc-NonOwner;
[StoryEvents.Event-Rostok-SetFlag1-3].Name;
[StoryEvents.Event-Rostok-SetFlag1-3].Desc-Owner;
[StoryEvents.Event-Rostok-SetFlag1-3].Desc-NonOwner;
[StoryEvents.Event-Yantar-29].Name;
[StoryEvents.Event-Yantar-29].Desc-Owner;
[StoryEvents.Event-Yantar-29].Desc-NonOwner;
[StoryEvents.Event-Yantar-30].Name;
[StoryEvents.Event-Yantar-30].Desc-Owner;
[StoryEvents.Event-Yantar-30].Desc-NonOwner;
[StoryEvents.Event-Rostok-SetFlag1-4].Name;
[StoryEvents.Event-Rostok-SetFlag1-4].Desc-Owner;
[StoryEvents.Event-Rostok-SetFlag1-4].Desc-NonOwner;
[StoryEvents.Event-Yantar-31].Name;
[StoryEvents.Event-Yantar-31].Desc-Owner;
[StoryEvents.Event-Yantar-31].Desc-NonOwner;
[StoryEvents.Event-Yantar-32].Name;
[StoryEvents.Event-Yantar-32].Desc-Owner;
[StoryEvents.Event-Yantar-32].Desc-NonOwner;
[StoryEvents.Event-Yantar-33].Name;
[StoryEvents.Event-Yantar-33].Desc-Owner;
[StoryEvents.Event-Yantar-33].Desc-NonOwner;
[StoryEvents.Event-Yantar-34].Name;
[StoryEvents.Event-Yantar-34].Desc-Owner;
[StoryEvents.Event-Yantar-34].Desc-NonOwner;
[StoryEvents.Event-Yantar-35].Name;
[StoryEvents.Event-Yantar-35].Desc-Owner;
[StoryEvents.Event-Yantar-35].Desc-NonOwner;
[StoryEvents.Event-Yantar-36].Name;
[StoryEvents.Event-Yantar-36].Desc-Owner;
[StoryEvents.Event-Yantar-36].Desc-NonOwner;
[StoryEvents.Event-Yantar-37].Name;
[StoryEvents.Event-Yantar-37].Desc-Owner;
[StoryEvents.Event-Yantar-37].Desc-NonOwner;
[StoryEvents.Event-Yantar-38].Name;
[StoryEvents.Event-Yantar-38].Desc-Owner;
[StoryEvents.Event-Yantar-38].Desc-NonOwner;
[StoryEvents.Event-WildTerritory2-Invasion-1].Name;
[StoryEvents.Event-WildTerritory2-Invasion-1].Desc-Owner;
[StoryEvents.Event-WildTerritory2-Invasion-1].Desc-NonOwner;
[StoryEvents.Event-WildTerritory2-Invasion-2].Name;
[StoryEvents.Event-WildTerritory2-Invasion-2].Desc-Owner;
[StoryEvents.Event-WildTerritory2-Invasion-2].Desc-NonOwner;
[StoryEvents.Event-WildTerritory2-1].Name;
[StoryEvents.Event-WildTerritory2-1].Desc-Owner;
[StoryEvents.Event-WildTerritory2-1].Desc-NonOwner;
[StoryEvents.Event-WildTerritory2-2].Name;
[StoryEvents.Event-WildTerritory2-2].Desc-Owner;
[StoryEvents.Event-WildTerritory2-2].Desc-NonOwner;
[StoryEvents.Event-Yantar-Invasion-1].Name;
[StoryEvents.Event-Yantar-Invasion-1].Desc-Owner;
[StoryEvents.Event-Yantar-Invasion-1].Desc-NonOwner;
[StoryEvents.Event-Rostok-SetFlag1-5].Name;
[StoryEvents.Event-Rostok-SetFlag1-5].Desc-Owner;
[StoryEvents.Event-Rostok-SetFlag1-5].Desc-NonOwner;
[StoryEvents.Event-WildTerritory2-3].Name;
[StoryEvents.Event-WildTerritory2-3].Desc-Owner;
[StoryEvents.Event-WildTerritory2-3].Desc-NonOwner;
[StoryEvents.Event-WildTerritory2-4].Name;
[StoryEvents.Event-WildTerritory2-4].Desc-Owner;
[StoryEvents.Event-WildTerritory2-4].Desc-NonOwner;
[StoryEvents.Event-Yantar-SetFlag2-1].Name;
[StoryEvents.Event-Yantar-SetFlag2-1].Desc-Owner;
[StoryEvents.Event-Yantar-SetFlag2-1].Desc-NonOwner;
[StoryEvents.Event-Yantar-Invasion-2].Name;
[StoryEvents.Event-Yantar-Invasion-2].Desc-Owner;
[StoryEvents.Event-Yantar-Invasion-2].Desc-NonOwner;
[StoryEvents.Event-Yantar-SetFlag2-2].Name;
[StoryEvents.Event-Yantar-SetFlag2-2].Desc-Owner;
[StoryEvents.Event-Yantar-SetFlag2-2].Desc-NonOwner;
[StoryEvents.Event-WildTerritory2-5].Name;
[StoryEvents.Event-WildTerritory2-5].Desc-Owner;
[StoryEvents.Event-WildTerritory2-5].Desc-NonOwner;
[StoryEvents.Event-WildTerritory2-6].Name;
[StoryEvents.Event-WildTerritory2-6].Desc-Owner;
[StoryEvents.Event-WildTerritory2-6].Desc-NonOwner;
[StoryEvents.Event-WildTerritory2-7].Name;
[StoryEvents.Event-WildTerritory2-7].Desc-Owner;
[StoryEvents.Event-WildTerritory2-7].Desc-NonOwner;
[StoryEvents.Event-WildTerritory2-8].Name;
[StoryEvents.Event-WildTerritory2-8].Desc-Owner;
[StoryEvents.Event-WildTerritory2-8].Desc-NonOwner;
[StoryEvents.Event-WildTerritory2-9].Name;
[StoryEvents.Event-WildTerritory2-9].Desc-Owner;
[StoryEvents.Event-WildTerritory2-9].Desc-NonOwner;
[StoryEvents.Event-WildTerritory2-10].Name;
[StoryEvents.Event-WildTerritory2-10].Desc-Owner;
[StoryEvents.Event-WildTerritory2-10].Desc-NonOwner;
[StoryEvents.Event-WildTerritory2-11].Name;
[StoryEvents.Event-WildTerritory2-11].Desc-Owner;
[StoryEvents.Event-WildTerritory2-11].Desc-NonOwner;
[StoryEvents.Event-WildTerritory2-12].Name;
[StoryEvents.Event-WildTerritory2-12].Desc-Owner;
[StoryEvents.Event-WildTerritory2-12].Desc-NonOwner;
[StoryEvents.Event-WildTerritory2-13].Name;
[StoryEvents.Event-WildTerritory2-13].Desc-Owner;
[StoryEvents.Event-WildTerritory2-13].Desc-NonOwner;
[StoryEvents.Event-WildTerritory2-14].Name;
[StoryEvents.Event-WildTerritory2-14].Desc-Owner;
[StoryEvents.Event-WildTerritory2-14].Desc-NonOwner;
[StoryEvents.Event-WildTerritory2-15].Name;
[StoryEvents.Event-WildTerritory2-15].Desc-Owner;
[StoryEvents.Event-WildTerritory2-15].Desc-NonOwner;
[StoryEvents.Event-WildTerritory2-16].Name;
[StoryEvents.Event-WildTerritory2-16].Desc-Owner;
[StoryEvents.Event-WildTerritory2-16].Desc-NonOwner;
[StoryEvents.Event-Rostok3-1].Name;
[StoryEvents.Event-Rostok3-1].Desc-Owner;
[StoryEvents.Event-Rostok3-1].Desc-NonOwner;
[StoryEvents.Event-Rostok3-2].Name;
[StoryEvents.Event-Rostok3-2].Desc-Owner;
[StoryEvents.Event-Rostok3-2].Desc-NonOwner;
[StoryEvents.Event-Rostok3-3].Name;
[StoryEvents.Event-Rostok3-3].Desc-Owner;
[StoryEvents.Event-Rostok3-3].Desc-NonOwner;
[StoryEvents.Event-Rostok3-4].Name;
[StoryEvents.Event-Rostok3-4].Desc-Owner;
[StoryEvents.Event-Rostok3-4].Desc-NonOwner;
[StoryEvents.Event-Rostok3-5].Name;
[StoryEvents.Event-Rostok3-5].Desc-Owner;
[StoryEvents.Event-Rostok3-5].Desc-NonOwner;
[StoryEvents.Event-Rostok3-6].Name;
[StoryEvents.Event-Rostok3-6].Desc-Owner;
[StoryEvents.Event-Rostok3-6].Desc-NonOwner;
[StoryEvents.Event-Rostok3-7].Name;
[StoryEvents.Event-Rostok3-7].Desc-Owner;
[StoryEvents.Event-Rostok3-7].Desc-NonOwner;
[StoryEvents.Event-Rostok3-8].Name;
[StoryEvents.Event-Rostok3-8].Desc-Owner;
[StoryEvents.Event-Rostok3-8].Desc-NonOwner;
[StoryEvents.Event-Rostok3-9].Name;
[StoryEvents.Event-Rostok3-9].Desc-Owner;
[StoryEvents.Event-Rostok3-9].Desc-NonOwner;
[StoryEvents.Event-Rostok3-10].Name;
[StoryEvents.Event-Rostok3-10].Desc-Owner;
[StoryEvents.Event-Rostok3-10].Desc-NonOwner;
[StoryEvents.Event-Rostok3-11].Name;
[StoryEvents.Event-Rostok3-11].Desc-Owner;
[StoryEvents.Event-Rostok3-11].Desc-NonOwner;
[StoryEvents.Event-Rostok3-12].Name;
[StoryEvents.Event-Rostok3-12].Desc-Owner;
[StoryEvents.Event-Rostok3-12].Desc-NonOwner;
[StoryEvents.Event-Agroprom-Advisor-2].Name;
[StoryEvents.Event-Agroprom-Advisor-2].Desc-Owner;
[StoryEvents.Event-Agroprom-Advisor-2].Desc-NonOwner;
[StoryEvents.Event-ArmyStocks-1].Name;
[StoryEvents.Event-ArmyStocks-1].Desc-Owner;
[StoryEvents.Event-ArmyStocks-1].Desc-NonOwner;
[StoryEvents.Event-ArmyStocks-2].Name;
[StoryEvents.Event-ArmyStocks-2].Desc-Owner;
[StoryEvents.Event-ArmyStocks-2].Desc-NonOwner;
[StoryEvents.Event-ArmyStocks-3].Name;
[StoryEvents.Event-ArmyStocks-3].Desc-Owner;
[StoryEvents.Event-ArmyStocks-3].Desc-NonOwner;
[StoryEvents.Event-ArmyStocks-4].Name;
[StoryEvents.Event-ArmyStocks-4].Desc-Owner;
[StoryEvents.Event-ArmyStocks-4].Desc-NonOwner;
[StoryEvents.Event-ArmyStocks-5].Name;
[StoryEvents.Event-ArmyStocks-5].Desc-Owner;
[StoryEvents.Event-ArmyStocks-5].Desc-NonOwner;
[StoryEvents.Event-ArmyStocks-6].Name;
[StoryEvents.Event-ArmyStocks-6].Desc-Owner;
[StoryEvents.Event-ArmyStocks-6].Desc-NonOwner;
[StoryEvents.Event-ArmyStocks-7].Name;
[StoryEvents.Event-ArmyStocks-7].Desc-Owner;
[StoryEvents.Event-ArmyStocks-7].Desc-NonOwner;
[StoryEvents.Event-ArmyStocks-8].Name;
[StoryEvents.Event-ArmyStocks-8].Desc-Owner;
[StoryEvents.Event-ArmyStocks-8].Desc-NonOwner;
[StoryEvents.Event-ArmyStocks-9].Name;
[StoryEvents.Event-ArmyStocks-9].Desc-Owner;
[StoryEvents.Event-ArmyStocks-9].Desc-NonOwner;
[StoryEvents.Event-ArmyStocks-10].Name;
[StoryEvents.Event-ArmyStocks-10].Desc-Owner;
[StoryEvents.Event-ArmyStocks-10].Desc-NonOwner;
[StoryEvents.Event-ArmyStocks-11].Name;
[StoryEvents.Event-ArmyStocks-11].Desc-Owner;
[StoryEvents.Event-ArmyStocks-11].Desc-NonOwner;
[StoryEvents.Event-ArmyStocks-12].Name;
[StoryEvents.Event-ArmyStocks-12].Desc-Owner;
[StoryEvents.Event-ArmyStocks-12].Desc-NonOwner;
[StoryEvents.Event-ArmyStocks-13].Name;
[StoryEvents.Event-ArmyStocks-13].Desc-Owner;
[StoryEvents.Event-ArmyStocks-13].Desc-NonOwner;
[StoryEvents.Event-ArmyStocks-14].Name;
[StoryEvents.Event-ArmyStocks-14].Desc-Owner;
[StoryEvents.Event-ArmyStocks-14].Desc-NonOwner;
[StoryEvents.Event-Radar-1].Name;
[StoryEvents.Event-Radar-1].Desc-Owner;
[StoryEvents.Event-Radar-1].Desc-NonOwner;
[StoryEvents.Event-Radar-2].Name;
[StoryEvents.Event-Radar-2].Desc-Owner;
[StoryEvents.Event-Radar-2].Desc-NonOwner;
[StoryEvents.Event-Radar-3].Name;
[StoryEvents.Event-Radar-3].Desc-Owner;
[StoryEvents.Event-Radar-3].Desc-NonOwner;
[StoryEvents.Event-Radar-4].Name;
[StoryEvents.Event-Radar-4].Desc-Owner;
[StoryEvents.Event-Radar-4].Desc-NonOwner;
[StoryEvents.Event-Radar-5].Name;
[StoryEvents.Event-Radar-5].Desc-Owner;
[StoryEvents.Event-Radar-5].Desc-NonOwner;
[StoryEvents.Event-Radar-6].Name;
[StoryEvents.Event-Radar-6].Desc-Owner;
[StoryEvents.Event-Radar-6].Desc-NonOwner;
[StoryEvents.Event-Radar-7].Name;
[StoryEvents.Event-Radar-7].Desc-Owner;
[StoryEvents.Event-Radar-7].Desc-NonOwner;
[StoryEvents.Event-Radar-8].Name;
[StoryEvents.Event-Radar-8].Desc-Owner;
[StoryEvents.Event-Radar-8].Desc-NonOwner;
[StoryEvents.Event-Radar-9].Name;
[StoryEvents.Event-Radar-9].Desc-Owner;
[StoryEvents.Event-Radar-9].Desc-NonOwner;
[StoryEvents.Event-Radar-10].Name;
[StoryEvents.Event-Radar-10].Desc-Owner;
[StoryEvents.Event-Radar-10].Desc-NonOwner;
[StoryEvents.Event-Radar-11].Name;
[StoryEvents.Event-Radar-11].Desc-Owner;
[StoryEvents.Event-Radar-11].Desc-NonOwner;
[StoryEvents.Event-Radar-12].Name;
[StoryEvents.Event-Radar-12].Desc-Owner;
[StoryEvents.Event-Radar-12].Desc-NonOwner;
[StoryEvents.Event-Radar-13].Name;
[StoryEvents.Event-Radar-13].Desc-Owner;
[StoryEvents.Event-Radar-13].Desc-NonOwner;
[StoryEvents.Event-Radar-14].Name;
[StoryEvents.Event-Radar-14].Desc-Owner;
[StoryEvents.Event-Radar-14].Desc-NonOwner;
[StoryEvents.Event-Radar-15].Name;
[StoryEvents.Event-Radar-15].Desc-Owner;
[StoryEvents.Event-Radar-15].Desc-NonOwner;
[StoryEvents.Event-Radar-16].Name;
[StoryEvents.Event-Radar-16].Desc-Owner;
[StoryEvents.Event-Radar-16].Desc-NonOwner;
[StoryEvents.Event-Radar-17].Name;
[StoryEvents.Event-Radar-17].Desc-Owner;
[StoryEvents.Event-Radar-17].Desc-NonOwner;
[StoryEvents.Event-Radar-18].Name;
[StoryEvents.Event-Radar-18].Desc-Owner;
[StoryEvents.Event-Radar-18].Desc-NonOwner;
[StoryEvents.Event-Radar-BrainMixerDisable-1].Name;
[StoryEvents.Event-Radar-BrainMixerDisable-1].Desc-Owner;
[StoryEvents.Event-Radar-BrainMixerDisable-1].Desc-NonOwner;
[StoryEvents.Event-Radar-SetFlag1-1].Name;
[StoryEvents.Event-Radar-SetFlag1-1].Desc-Owner;
[StoryEvents.Event-Radar-SetFlag1-1].Desc-NonOwner;
[StoryEvents.Event-Radar-Helicopter-1].Name;
[StoryEvents.Event-Radar-Helicopter-1].Desc-Owner;
[StoryEvents.Event-Radar-Helicopter-1].Desc-NonOwner;
[StoryEvents.Event-Radar-RadioFlood-1].Name;
[StoryEvents.Event-Radar-RadioFlood-1].Desc-Owner;
[StoryEvents.Event-Radar-RadioFlood-1].Desc-NonOwner;
[StoryEvents.Event-Radar-SetFlag1-2].Name;
[StoryEvents.Event-Radar-SetFlag1-2].Desc-Owner;
[StoryEvents.Event-Radar-SetFlag1-2].Desc-NonOwner;
[StoryEvents.Event-Radar-19].Name;
[StoryEvents.Event-Radar-19].Desc-Owner;
[StoryEvents.Event-Radar-19].Desc-NonOwner;
[StoryEvents.Event-Radar-20].Name;
[StoryEvents.Event-Radar-20].Desc-Owner;
[StoryEvents.Event-Radar-20].Desc-NonOwner;
[StoryEvents.Event-Radar-SoldiersIsDie-1].Name;
[StoryEvents.Event-Radar-SoldiersIsDie-1].Desc-Owner;
[StoryEvents.Event-Radar-SoldiersIsDie-1].Desc-NonOwner;
[StoryEvents.Event-Radar-SetFlag2-1].Name;
[StoryEvents.Event-Radar-SetFlag2-1].Desc-Owner;
[StoryEvents.Event-Radar-SetFlag2-1].Desc-NonOwner;
[StoryEvents.Event-Radar-SetFlag3-1].Name;
[StoryEvents.Event-Radar-SetFlag3-1].Desc-Owner;
[StoryEvents.Event-Radar-SetFlag3-1].Desc-NonOwner;
[StoryEvents.Event-Radar-SetFlag2-2].Name;
[StoryEvents.Event-Radar-SetFlag2-2].Desc-Owner;
[StoryEvents.Event-Radar-SetFlag2-2].Desc-NonOwner;
[StoryEvents.Event-Radar-SetFlag3-2].Name;
[StoryEvents.Event-Radar-SetFlag3-2].Desc-Owner;
[StoryEvents.Event-Radar-SetFlag3-2].Desc-NonOwner;
[StoryEvents.Event-Radar-Invasion-1].Name;
[StoryEvents.Event-Radar-Invasion-1].Desc-Owner;
[StoryEvents.Event-Radar-Invasion-1].Desc-NonOwner;
[StoryEvents.Event-Radar-Invasion-2].Name;
[StoryEvents.Event-Radar-Invasion-2].Desc-Owner;
[StoryEvents.Event-Radar-Invasion-2].Desc-NonOwner;
[StoryEvents.Event-Radar-21].Name;
[StoryEvents.Event-Radar-21].Desc-Owner;
[StoryEvents.Event-Radar-21].Desc-NonOwner;
[StoryEvents.Event-Radar-22].Name;
[StoryEvents.Event-Radar-22].Desc-Owner;
[StoryEvents.Event-Radar-22].Desc-NonOwner;
[StoryEvents.Event-Radar-SetFlag2-3].Name;
[StoryEvents.Event-Radar-SetFlag2-3].Desc-Owner;
[StoryEvents.Event-Radar-SetFlag2-3].Desc-NonOwner;
[StoryEvents.Event-Radar-SetFlag3-3].Name;
[StoryEvents.Event-Radar-SetFlag3-3].Desc-Owner;
[StoryEvents.Event-Radar-SetFlag3-3].Desc-NonOwner;
[StoryEvents.Event-Radar-SetFlag2-4].Name;
[StoryEvents.Event-Radar-SetFlag2-4].Desc-Owner;
[StoryEvents.Event-Radar-SetFlag2-4].Desc-NonOwner;
[StoryEvents.Event-Radar-SetFlag3-4].Name;
[StoryEvents.Event-Radar-SetFlag3-4].Desc-Owner;
[StoryEvents.Event-Radar-SetFlag3-4].Desc-NonOwner;
[StoryEvents.Event-Radar-AddUnits-1].Name;
[StoryEvents.Event-Radar-AddUnits-1].Desc-Owner;
[StoryEvents.Event-Radar-AddUnits-1].Desc-NonOwner;
[StoryEvents.Event-Radar-AddUnits-2].Name;
[StoryEvents.Event-Radar-AddUnits-2].Desc-Owner;
[StoryEvents.Event-Radar-AddUnits-2].Desc-NonOwner;
[StoryEvents.Event-Radar-Invasion-3].Name;
[StoryEvents.Event-Radar-Invasion-3].Desc-Owner;
[StoryEvents.Event-Radar-Invasion-3].Desc-NonOwner;
[StoryEvents.Event-Radar-Invasion-4].Name;
[StoryEvents.Event-Radar-Invasion-4].Desc-Owner;
[StoryEvents.Event-Radar-Invasion-4].Desc-NonOwner;
[StoryEvents.Event-Radar-SetFlag1-3].Name;
[StoryEvents.Event-Radar-SetFlag1-3].Desc-Owner;
[StoryEvents.Event-Radar-SetFlag1-3].Desc-NonOwner;
[StoryEvents.Event-Radar-AddUnits-3].Name;
[StoryEvents.Event-Radar-AddUnits-3].Desc-Owner;
[StoryEvents.Event-Radar-AddUnits-3].Desc-NonOwner;
[StoryEvents.Event-Radar-Invasion-5].Name;
[StoryEvents.Event-Radar-Invasion-5].Desc-Owner;
[StoryEvents.Event-Radar-Invasion-5].Desc-NonOwner;
[StoryEvents.Event-Radar-23].Name;
[StoryEvents.Event-Radar-23].Desc-Owner;
[StoryEvents.Event-Radar-23].Desc-NonOwner;
[StoryEvents.Event-Radar-24].Name;
[StoryEvents.Event-Radar-24].Desc-Owner;
[StoryEvents.Event-Radar-24].Desc-NonOwner;
[StoryEvents.Event-Radar-Mickluha].Name;
[StoryEvents.Event-Radar-Mickluha].Desc-Owner;
[StoryEvents.Event-Radar-Mickluha].Desc-NonOwner;
[StoryEvents.Event-Radar-SetFlag4-1].Name;
[StoryEvents.Event-Radar-SetFlag4-1].Desc-Owner;
[StoryEvents.Event-Radar-SetFlag4-1].Desc-NonOwner;
[StoryEvents.Event-Radar-SetFlag4-2].Name;
[StoryEvents.Event-Radar-SetFlag4-2].Desc-Owner;
[StoryEvents.Event-Radar-SetFlag4-2].Desc-NonOwner;
[StoryEvents.Event-Radar-AddUnits-4].Name;
[StoryEvents.Event-Radar-AddUnits-4].Desc-Owner;
[StoryEvents.Event-Radar-AddUnits-4].Desc-NonOwner;
[StoryEvents.Event-Radar-Invasion-6].Name;
[StoryEvents.Event-Radar-Invasion-6].Desc-Owner;
[StoryEvents.Event-Radar-Invasion-6].Desc-NonOwner;
[StoryEvents.Event-Radar-25].Name;
[StoryEvents.Event-Radar-25].Desc-Owner;
[StoryEvents.Event-Radar-25].Desc-NonOwner;
[StoryEvents.Event-Radar-26].Name;
[StoryEvents.Event-Radar-26].Desc-Owner;
[StoryEvents.Event-Radar-26].Desc-NonOwner;
[StoryEvents.Event-Pripyat-SetFlag1-1].Name;
[StoryEvents.Event-Pripyat-SetFlag1-1].Desc-Owner;
[StoryEvents.Event-Pripyat-SetFlag1-1].Desc-NonOwner;
[StoryEvents.Event-StartOperationMonolith].Name;
[StoryEvents.Event-StartOperationMonolith].Desc-Owner;
[StoryEvents.Event-StartOperationMonolith].Desc-NonOwner;
[StoryEvents.Event-Pripyat-Invasion-1].Name;
[StoryEvents.Event-Pripyat-Invasion-1].Desc-Owner;
[StoryEvents.Event-Pripyat-Invasion-1].Desc-NonOwner;
[StoryEvents.Event-Pripyat-SetFlag4-1].Name;
[StoryEvents.Event-Pripyat-SetFlag4-1].Desc-Owner;
[StoryEvents.Event-Pripyat-SetFlag4-1].Desc-NonOwner;
[StoryEvents.Event-Pripyat-SetFlag4-2].Name;
[StoryEvents.Event-Pripyat-SetFlag4-2].Desc-Owner;
[StoryEvents.Event-Pripyat-SetFlag4-2].Desc-NonOwner;
[StoryEvents.Event-Pripyat-Invasion-2].Name;
[StoryEvents.Event-Pripyat-Invasion-2].Desc-Owner;
[StoryEvents.Event-Pripyat-Invasion-2].Desc-NonOwner;
[StoryEvents.Event-Pripyat-1].Name;
[StoryEvents.Event-Pripyat-1].Desc-Owner;
[StoryEvents.Event-Pripyat-1].Desc-NonOwner;
[StoryEvents.Event-Pripyat-2].Name;
[StoryEvents.Event-Pripyat-2].Desc-Owner;
[StoryEvents.Event-Pripyat-2].Desc-NonOwner;
[StoryEvents.Event-Pripyat-3].Name;
[StoryEvents.Event-Pripyat-3].Desc-Owner;
[StoryEvents.Event-Pripyat-3].Desc-NonOwner;
[StoryEvents.Event-Pripyat-4].Name;
[StoryEvents.Event-Pripyat-4].Desc-Owner;
[StoryEvents.Event-Pripyat-4].Desc-NonOwner;
[StoryEvents.Event-Pripyat-SetFlag2-1].Name;
[StoryEvents.Event-Pripyat-SetFlag2-1].Desc-Owner;
[StoryEvents.Event-Pripyat-SetFlag2-1].Desc-NonOwner;
[StoryEvents.Event-Pripyat-SetFlag3-1].Name;
[StoryEvents.Event-Pripyat-SetFlag3-1].Desc-Owner;
[StoryEvents.Event-Pripyat-SetFlag3-1].Desc-NonOwner;
[StoryEvents.Event-Pripyat-SetFlag2-2].Name;
[StoryEvents.Event-Pripyat-SetFlag2-2].Desc-Owner;
[StoryEvents.Event-Pripyat-SetFlag2-2].Desc-NonOwner;
[StoryEvents.Event-Pripyat-SetFlag3-2].Name;
[StoryEvents.Event-Pripyat-SetFlag3-2].Desc-Owner;
[StoryEvents.Event-Pripyat-SetFlag3-2].Desc-NonOwner;
[StoryEvents.Event-Pripyat-Invasion-3].Name;
[StoryEvents.Event-Pripyat-Invasion-3].Desc-Owner;
[StoryEvents.Event-Pripyat-Invasion-3].Desc-NonOwner;
[StoryEvents.Event-Pripyat-Invasion-4].Name;
[StoryEvents.Event-Pripyat-Invasion-4].Desc-Owner;
[StoryEvents.Event-Pripyat-Invasion-4].Desc-NonOwner;
[StoryEvents.Event-Pripyat-5].Name;
[StoryEvents.Event-Pripyat-5].Desc-Owner;
[StoryEvents.Event-Pripyat-5].Desc-NonOwner;
[StoryEvents.Event-Pripyat-6].Name;
[StoryEvents.Event-Pripyat-6].Desc-Owner;
[StoryEvents.Event-Pripyat-6].Desc-NonOwner;
[StoryEvents.Event-Pripyat-Helicopter].Name;
[StoryEvents.Event-Pripyat-Helicopter].Desc-Owner;
[StoryEvents.Event-Pripyat-Helicopter].Desc-NonOwner;
[StoryEvents.Event-Pripyat-7].Name;
[StoryEvents.Event-Pripyat-7].Desc-Owner;
[StoryEvents.Event-Pripyat-7].Desc-NonOwner;
[StoryEvents.Event-Pripyat-8].Name;
[StoryEvents.Event-Pripyat-8].Desc-Owner;
[StoryEvents.Event-Pripyat-8].Desc-NonOwner;
[StoryEvents.Event-Pripyat-9].Name;
[StoryEvents.Event-Pripyat-9].Desc-Owner;
[StoryEvents.Event-Pripyat-9].Desc-NonOwner;
[StoryEvents.Event-Pripyat-10].Name;
[StoryEvents.Event-Pripyat-10].Desc-Owner;
[StoryEvents.Event-Pripyat-10].Desc-NonOwner;
[StoryEvents.Event-Pripyat-11].Name;
[StoryEvents.Event-Pripyat-11].Desc-Owner;
[StoryEvents.Event-Pripyat-11].Desc-NonOwner;
[StoryEvents.Event-Pripyat-12].Name;
[StoryEvents.Event-Pripyat-12].Desc-Owner;
[StoryEvents.Event-Pripyat-12].Desc-NonOwner;
[StoryEvents.Event-Pripyat-13].Name;
[StoryEvents.Event-Pripyat-13].Desc-Owner;
[StoryEvents.Event-Pripyat-13].Desc-NonOwner;
[StoryEvents.Event-Pripyat-14].Name;
[StoryEvents.Event-Pripyat-14].Desc-Owner;
[StoryEvents.Event-Pripyat-14].Desc-NonOwner;
[StoryEvents.Event-Pripyat-SetFlag1-2].Name;
[StoryEvents.Event-Pripyat-SetFlag1-2].Desc-Owner;
[StoryEvents.Event-Pripyat-SetFlag1-2].Desc-NonOwner;
[StoryEvents.Event-Pripyat-SetFlag1-3].Name;
[StoryEvents.Event-Pripyat-SetFlag1-3].Desc-Owner;
[StoryEvents.Event-Pripyat-SetFlag1-3].Desc-NonOwner;
[StoryEvents.Event-OperationMonolith-HelicopterAttack-1].Name;
[StoryEvents.Event-OperationMonolith-HelicopterAttack-1].Desc-Owner;
[StoryEvents.Event-OperationMonolith-HelicopterAttack-1].Desc-NonOwner;
[StoryEvents.Event-OperationMonolith-Invasion-1].Name;
[StoryEvents.Event-OperationMonolith-Invasion-1].Desc-Owner;
[StoryEvents.Event-OperationMonolith-Invasion-1].Desc-NonOwner;
[StoryEvents.Event-OperationMonolith-HelicopterAttack-2].Name;
[StoryEvents.Event-OperationMonolith-HelicopterAttack-2].Desc-Owner;
[StoryEvents.Event-OperationMonolith-HelicopterAttack-2].Desc-NonOwner;
[StoryEvents.Event-OperationMonolith-HelicopterAttack-3].Name;
[StoryEvents.Event-OperationMonolith-HelicopterAttack-3].Desc-Owner;
[StoryEvents.Event-OperationMonolith-HelicopterAttack-3].Desc-NonOwner;
[StoryEvents.Event-OperationMonolith-Bridge-1].Name;
[StoryEvents.Event-OperationMonolith-Bridge-1].Desc-Owner;
[StoryEvents.Event-OperationMonolith-Bridge-1].Desc-NonOwner;
[StoryEvents.Event-CHAES-1].Name;
[StoryEvents.Event-CHAES-1].Desc-Owner;
[StoryEvents.Event-CHAES-1].Desc-NonOwner;
[StoryEvents.Event-CHAES-2].Name;
[StoryEvents.Event-CHAES-2].Desc-Owner;
[StoryEvents.Event-CHAES-2].Desc-NonOwner;
[StoryEvents.Event-OperationMonolith-HelicopterAttack-4].Name;
[StoryEvents.Event-OperationMonolith-HelicopterAttack-4].Desc-Owner;
[StoryEvents.Event-OperationMonolith-HelicopterAttack-4].Desc-NonOwner;
[StoryEvents.Event-OperationMonolith-Invasion-2].Name;
[StoryEvents.Event-OperationMonolith-Invasion-2].Desc-Owner;
[StoryEvents.Event-OperationMonolith-Invasion-2].Desc-NonOwner;
[StoryEvents.Event-OperationMonolith-HelicopterShotdown-1].Name;
[StoryEvents.Event-OperationMonolith-HelicopterShotdown-1].Desc-Owner;
[StoryEvents.Event-OperationMonolith-HelicopterShotdown-1].Desc-NonOwner;
[StoryEvents.Event-OperationMonolith-Invasion-3].Name;
[StoryEvents.Event-OperationMonolith-Invasion-3].Desc-Owner;
[StoryEvents.Event-OperationMonolith-Invasion-3].Desc-NonOwner;
[StoryEvents.Event-OperationMonolith-Reinforcement-1].Name;
[StoryEvents.Event-OperationMonolith-Reinforcement-1].Desc-Owner;
[StoryEvents.Event-OperationMonolith-Reinforcement-1].Desc-NonOwner;
[StoryEvents.Event-OperationMonolith-Invasion-4].Name;
[StoryEvents.Event-OperationMonolith-Invasion-4].Desc-Owner;
[StoryEvents.Event-OperationMonolith-Invasion-4].Desc-NonOwner;
[StoryEvents.Event-CHAES-3].Name;
[StoryEvents.Event-CHAES-3].Desc-Owner;
[StoryEvents.Event-CHAES-3].Desc-NonOwner;
[StoryEvents.Event-CHAES-4].Name;
[StoryEvents.Event-CHAES-4].Desc-Owner;
[StoryEvents.Event-CHAES-4].Desc-NonOwner;
[StoryEvents.Event-OperationMonolith-HelicopterAttack-5].Name;
[StoryEvents.Event-OperationMonolith-HelicopterAttack-5].Desc-Owner;
[StoryEvents.Event-OperationMonolith-HelicopterAttack-5].Desc-NonOwner;
[StoryEvents.Event-OperationMonolith-Invasion-5].Name;
[StoryEvents.Event-OperationMonolith-Invasion-5].Desc-Owner;
[StoryEvents.Event-OperationMonolith-Invasion-5].Desc-NonOwner;
[StoryEvents.Event-OperationMonolith-HelicopterShotdown-2].Name;
[StoryEvents.Event-OperationMonolith-HelicopterShotdown-2].Desc-Owner;
[StoryEvents.Event-OperationMonolith-HelicopterShotdown-2].Desc-NonOwner;
[StoryEvents.Event-OperationMonolith-HelicopterAttack-6].Name;
[StoryEvents.Event-OperationMonolith-HelicopterAttack-6].Desc-Owner;
[StoryEvents.Event-OperationMonolith-HelicopterAttack-6].Desc-NonOwner;
[StoryEvents.Event-OperationMonolith-Reinforcement-2].Name;
[StoryEvents.Event-OperationMonolith-Reinforcement-2].Desc-Owner;
[StoryEvents.Event-OperationMonolith-Reinforcement-2].Desc-NonOwner;
[StoryEvents.Event-OperationMonolith-Invasion-6].Name;
[StoryEvents.Event-OperationMonolith-Invasion-6].Desc-Owner;
[StoryEvents.Event-OperationMonolith-Invasion-6].Desc-NonOwner;
[StoryEvents.Event-OperationMonolith-HelicopterAttack-7].Name;
[StoryEvents.Event-OperationMonolith-HelicopterAttack-7].Desc-Owner;
[StoryEvents.Event-OperationMonolith-HelicopterAttack-7].Desc-NonOwner;
[StoryEvents.Event-OperationMonolith-Reinforcement-3].Name;
[StoryEvents.Event-OperationMonolith-Reinforcement-3].Desc-Owner;
[StoryEvents.Event-OperationMonolith-Reinforcement-3].Desc-NonOwner;
[StoryEvents.Event-OperationMonolith-Invasion-7].Name;
[StoryEvents.Event-OperationMonolith-Invasion-7].Desc-Owner;
[StoryEvents.Event-OperationMonolith-Invasion-7].Desc-NonOwner;
[StoryEvents.Event-CHAES-5].Name;
[StoryEvents.Event-CHAES-5].Desc-Owner;
[StoryEvents.Event-CHAES-5].Desc-NonOwner;
[StoryEvents.Event-CHAES-6].Name;
[StoryEvents.Event-CHAES-6].Desc-Owner;
[StoryEvents.Event-CHAES-6].Desc-NonOwner;
[StoryEvents.Event-OperationMonolith-HelicopterAttack-8].Name;
[StoryEvents.Event-OperationMonolith-HelicopterAttack-8].Desc-Owner;
[StoryEvents.Event-OperationMonolith-HelicopterAttack-8].Desc-NonOwner;
[StoryEvents.Event-OperationMonolith-Reinforcement-4].Name;
[StoryEvents.Event-OperationMonolith-Reinforcement-4].Desc-Owner;
[StoryEvents.Event-OperationMonolith-Reinforcement-4].Desc-NonOwner;
[StoryEvents.Event-OperationMonolith-Invasion-8].Name;
[StoryEvents.Event-OperationMonolith-Invasion-8].Desc-Owner;
[StoryEvents.Event-OperationMonolith-Invasion-8].Desc-NonOwner;
[StoryEvents.Event-OperationMonolith-BurstAlarm-1].Name;
[StoryEvents.Event-OperationMonolith-BurstAlarm-1].Desc-Owner;
[StoryEvents.Event-OperationMonolith-BurstAlarm-1].Desc-NonOwner;
[StoryEvents.Event-OperationMonolith-HelicopterAttack-9].Name;
[StoryEvents.Event-OperationMonolith-HelicopterAttack-9].Desc-Owner;
[StoryEvents.Event-OperationMonolith-HelicopterAttack-9].Desc-NonOwner;
[StoryEvents.Event-OperationMonolith-Reinforcement-5].Name;
[StoryEvents.Event-OperationMonolith-Reinforcement-5].Desc-Owner;
[StoryEvents.Event-OperationMonolith-Reinforcement-5].Desc-NonOwner;
[StoryEvents.Event-OperationMonolith-Invasion-9].Name;
[StoryEvents.Event-OperationMonolith-Invasion-9].Desc-Owner;
[StoryEvents.Event-OperationMonolith-Invasion-9].Desc-NonOwner;
[StoryEvents.Event-CHAES-7].Name;
[StoryEvents.Event-CHAES-7].Desc-Owner;
[StoryEvents.Event-CHAES-7].Desc-NonOwner;
[StoryEvents.Event-CHAES-8].Name;
[StoryEvents.Event-CHAES-8].Desc-Owner;
[StoryEvents.Event-CHAES-8].Desc-NonOwner;
[StoryEvents.Event-OperationMonolith-HelicopterAttack-10].Name;
[StoryEvents.Event-OperationMonolith-HelicopterAttack-10].Desc-Owner;
[StoryEvents.Event-OperationMonolith-HelicopterAttack-10].Desc-NonOwner;
[StoryEvents.Event-OperationMonolith-Reinforcement-6].Name;
[StoryEvents.Event-OperationMonolith-Reinforcement-6].Desc-Owner;
[StoryEvents.Event-OperationMonolith-Reinforcement-6].Desc-NonOwner;
[StoryEvents.Event-OperationMonolith-Invasion-10].Name;
[StoryEvents.Event-OperationMonolith-Invasion-10].Desc-Owner;
[StoryEvents.Event-OperationMonolith-Invasion-10].Desc-NonOwner;
[StoryEvents.Event-OperationMonolith-HelicopterAttack-11].Name;
[StoryEvents.Event-OperationMonolith-HelicopterAttack-11].Desc-Owner;
[StoryEvents.Event-OperationMonolith-HelicopterAttack-11].Desc-NonOwner;
[StoryEvents.Event-OperationMonolith-Reinforcement-7].Name;
[StoryEvents.Event-OperationMonolith-Reinforcement-7].Desc-Owner;
[StoryEvents.Event-OperationMonolith-Reinforcement-7].Desc-NonOwner;
[StoryEvents.Event-OperationMonolith-Invasion-11].Name;
[StoryEvents.Event-OperationMonolith-Invasion-11].Desc-Owner;
[StoryEvents.Event-OperationMonolith-Invasion-11].Desc-NonOwner;
[StoryEvents.Event-CHAES-9].Name;
[StoryEvents.Event-CHAES-9].Desc-Owner;
[StoryEvents.Event-CHAES-9].Desc-NonOwner;
[StoryEvents.Event-CHAES-10].Name;
[StoryEvents.Event-CHAES-10].Desc-Owner;
[StoryEvents.Event-CHAES-10].Desc-NonOwner;
[StoryEvents.Event-OperationMonolith-HelicopterShotdown-3].Name;
[StoryEvents.Event-OperationMonolith-HelicopterShotdown-3].Desc-Owner;
[StoryEvents.Event-OperationMonolith-HelicopterShotdown-3].Desc-NonOwner;
[StoryEvents.Event-OperationMonolith-HelicopterShotdown-4].Name;
[StoryEvents.Event-OperationMonolith-HelicopterShotdown-4].Desc-Owner;
[StoryEvents.Event-OperationMonolith-HelicopterShotdown-4].Desc-NonOwner;
[StoryEvents.Event-OperationMonolith-Clearing-1].Name;
[StoryEvents.Event-OperationMonolith-Clearing-1].Desc-Owner;
[StoryEvents.Event-OperationMonolith-Clearing-1].Desc-NonOwner;
[StoryEvents.Event-OperationMonolith-Clearing-2].Name;
[StoryEvents.Event-OperationMonolith-Clearing-2].Desc-Owner;
[StoryEvents.Event-OperationMonolith-Clearing-2].Desc-NonOwner;
[StoryEvents.Event-OperationMonolith-Clearing-3].Name;
[StoryEvents.Event-OperationMonolith-Clearing-3].Desc-Owner;
[StoryEvents.Event-OperationMonolith-Clearing-3].Desc-NonOwner;
[StoryEvents.Event-OperationMonolith-Clearing-4].Name;
[StoryEvents.Event-OperationMonolith-Clearing-4].Desc-Owner;
[StoryEvents.Event-OperationMonolith-Clearing-4].Desc-NonOwner;
[StoryEvents.Event-OperationMonolith-Clearing-5].Name;
[StoryEvents.Event-OperationMonolith-Clearing-5].Desc-Owner;
[StoryEvents.Event-OperationMonolith-Clearing-5].Desc-NonOwner;
[StoryEvents.Event-OperationMonolith-Clearing-6].Name;
[StoryEvents.Event-OperationMonolith-Clearing-6].Desc-Owner;
[StoryEvents.Event-OperationMonolith-Clearing-6].Desc-NonOwner;
[StoryEvents.Event-OperationMonolith-Clearing-7].Name;
[StoryEvents.Event-OperationMonolith-Clearing-7].Desc-Owner;
[StoryEvents.Event-OperationMonolith-Clearing-7].Desc-NonOwner;
[StoryEvents.Event-OperationMonolith-Clearing-8].Name;
[StoryEvents.Event-OperationMonolith-Clearing-8].Desc-Owner;
[StoryEvents.Event-OperationMonolith-Clearing-8].Desc-NonOwner;
[StoryEvents.Event-OperationMonolith-Clearing-9].Name;
[StoryEvents.Event-OperationMonolith-Clearing-9].Desc-Owner;
[StoryEvents.Event-OperationMonolith-Clearing-9].Desc-NonOwner;
[StoryEvents.Event-OperationMonolith-Clearing-10].Name;
[StoryEvents.Event-OperationMonolith-Clearing-10].Desc-Owner;
[StoryEvents.Event-OperationMonolith-Clearing-10].Desc-NonOwner;
[StoryEvents.Event-OperationMonolith-Clearing-11].Name;
[StoryEvents.Event-OperationMonolith-Clearing-11].Desc-Owner;
[StoryEvents.Event-OperationMonolith-Clearing-11].Desc-NonOwner;
[StoryEvents.Event-OperationMonolith-Clearing-12].Name;
[StoryEvents.Event-OperationMonolith-Clearing-12].Desc-Owner;
[StoryEvents.Event-OperationMonolith-Clearing-12].Desc-NonOwner;
[StoryEvents.Event-OperationMonolith-Clearing-13].Name;
[StoryEvents.Event-OperationMonolith-Clearing-13].Desc-Owner;
[StoryEvents.Event-OperationMonolith-Clearing-13].Desc-NonOwner;
[StoryEvents.Event-OperationMonolith-Clearing-14].Name;
[StoryEvents.Event-OperationMonolith-Clearing-14].Desc-Owner;
[StoryEvents.Event-OperationMonolith-Clearing-14].Desc-NonOwner;
[StoryEvents.Event-OperationMonolith-Clearing-15].Name;
[StoryEvents.Event-OperationMonolith-Clearing-15].Desc-Owner;
[StoryEvents.Event-OperationMonolith-Clearing-15].Desc-NonOwner;
[StoryEvents.Event-OperationMonolith-Clearing-16].Name;
[StoryEvents.Event-OperationMonolith-Clearing-16].Desc-Owner;
[StoryEvents.Event-OperationMonolith-Clearing-16].Desc-NonOwner;
[StoryEvents.Event-OperationMonolith-Clearing-17].Name;
[StoryEvents.Event-OperationMonolith-Clearing-17].Desc-Owner;
[StoryEvents.Event-OperationMonolith-Clearing-17].Desc-NonOwner;
[StoryEvents.Event-OperationMonolith-Clearing-18].Name;
[StoryEvents.Event-OperationMonolith-Clearing-18].Desc-Owner;
[StoryEvents.Event-OperationMonolith-Clearing-18].Desc-NonOwner;
[StoryEvents.Event-OperationMonolith-Clearing-19].Name;
[StoryEvents.Event-OperationMonolith-Clearing-19].Desc-Owner;
[StoryEvents.Event-OperationMonolith-Clearing-19].Desc-NonOwner;
[StoryEvents.Event-OperationMonolith-Clearing-20].Name;
[StoryEvents.Event-OperationMonolith-Clearing-20].Desc-Owner;
[StoryEvents.Event-OperationMonolith-Clearing-20].Desc-NonOwner;
[StoryEvents.Event-OperationMonolith-Clearing-21].Name;
[StoryEvents.Event-OperationMonolith-Clearing-21].Desc-Owner;
[StoryEvents.Event-OperationMonolith-Clearing-21].Desc-NonOwner;
[StoryEvents.Event-OperationMonolith-Clearing-22].Name;
[StoryEvents.Event-OperationMonolith-Clearing-22].Desc-Owner;
[StoryEvents.Event-OperationMonolith-Clearing-22].Desc-NonOwner;
[StoryEvents.Event-OperationMonolith-Finishing-Lose-1].Name;
[StoryEvents.Event-OperationMonolith-Finishing-Lose-1].Desc-Owner;
[StoryEvents.Event-OperationMonolith-Finishing-Lose-1].Desc-NonOwner;
[StoryEvents.Event-OperationMonolith-Finishing-Lose-2].Name;
[StoryEvents.Event-OperationMonolith-Finishing-Lose-2].Desc-Owner;
[StoryEvents.Event-OperationMonolith-Finishing-Lose-2].Desc-NonOwner;
[StoryEvents.Event-OperationMonolith-Finishing-Lose-3].Name;
[StoryEvents.Event-OperationMonolith-Finishing-Lose-3].Desc-Owner;
[StoryEvents.Event-OperationMonolith-Finishing-Lose-3].Desc-NonOwner;
[StoryEvents.Event-OperationMonolith-Finishing-Lose-4].Name;
[StoryEvents.Event-OperationMonolith-Finishing-Lose-4].Desc-Owner;
[StoryEvents.Event-OperationMonolith-Finishing-Lose-4].Desc-NonOwner;
[StoryEvents.Event-OperationMonolith-Finishing-Victory].Name;
[StoryEvents.Event-OperationMonolith-Finishing-Victory].Desc-Owner;
[StoryEvents.Event-OperationMonolith-Finishing-Victory].Desc-NonOwner;
[StoryEvents.Event-CHAES-11].Name;
[StoryEvents.Event-CHAES-11].Desc-Owner;
[StoryEvents.Event-CHAES-11].Desc-NonOwner;
[StoryEvents.Event-CHAES-12].Name;
[StoryEvents.Event-CHAES-12].Desc-Owner;
[StoryEvents.Event-CHAES-12].Desc-NonOwner;
[StoryEvents.Event-Ending-Mutants].Name;
[StoryEvents.Event-Ending-Mutants].Desc-Owner;
[StoryEvents.Event-Ending-Mutants].Desc-NonOwner;
[StoryEvents.Event-Ending-StalkersAndBanditsAndMercenaries].Name;
[StoryEvents.Event-Ending-StalkersAndBanditsAndMercenaries].Desc-Owner;
[StoryEvents.Event-Ending-StalkersAndBanditsAndMercenaries].Desc-NonOwner;
[StoryEvents.Event-Ending-Soldiers].Name;
[StoryEvents.Event-Ending-Soldiers].Desc-Owner;
[StoryEvents.Event-Ending-Soldiers].Desc-NonOwner;
[StoryEvents.Event-Ending-Duty].Name;
[StoryEvents.Event-Ending-Duty].Desc-Owner;
[StoryEvents.Event-Ending-Duty].Desc-NonOwner;
[StoryEvents.Event-Ending-Freedom].Name;
[StoryEvents.Event-Ending-Freedom].Desc-Owner;
[StoryEvents.Event-Ending-Freedom].Desc-NonOwner;
[StoryEvents.Event-Ending-Scientists].Name;
[StoryEvents.Event-Ending-Scientists].Desc-Owner;
[StoryEvents.Event-Ending-Scientists].Desc-NonOwner;
[StoryEvents.Event-CHAES-13].Name;
[StoryEvents.Event-CHAES-13].Desc-Owner;
[StoryEvents.Event-CHAES-13].Desc-NonOwner;
[StoryEvents.Event-CHAES-14].Name;
[StoryEvents.Event-CHAES-14].Desc-Owner;
[StoryEvents.Event-CHAES-14].Desc-NonOwner;
[StoryEvents.Event-Ending-Monolith].Name;
[StoryEvents.Event-Ending-Monolith].Desc-Owner;
[StoryEvents.Event-Ending-Monolith].Desc-NonOwner;
[StoryEvents.Event-Ending-Zombie].Name;
[StoryEvents.Event-Ending-Zombie].Desc-Owner;
[StoryEvents.Event-Ending-Zombie].Desc-NonOwner;
ScenarioName;
ScenarioDescription;
ScenarioVictoryDescription;
ScenarioLoseDescription;
