[Common_Strings].StoryEventsLevelText;Доп. замы (рекомендуется):
[Form_World].LT_4;Группировка изменила состояние вентиляции на территории %s локации %s
[Form_World].FilterHint_6;Биологическая опасность
[Form_ZonaMenu].FT_11;, присутствует пульт вентиляции
[Form_ZonaMenu].FHint9;Наличие смертельного уровня биологической опасности
[Form_ZonaMenu].BTNHint9;Управлять состоянием вентиляции
[Form_PsyControl].TitleText;Действия с ветиляцией
[Form_PsyControl].LT_2;Состояние вентиляции: %s
[Form_PsyControl].LT_3;Вы можете как включать, так и выключать вентиляцию. Стоимость действия %s КР. Учтите, что опасный воздух может воздействовать не только на эту территорию, но и на соседние. Будьте готовы к грядущим непредсказуемым изменениям!
[Form_PsyControl].FT_1;Вы не можете включать или выключать вентиляцию. Учтите, что опасный воздух может воздействовать не только на эту территорию, но и на другие. Будьте осторожны!
[Form_PsyControl].FT_2;Выключена
[Form_PsyControl].FT_3;Включена
[Buttons].BTN_PsyControl.Text;Вентиляция
[Advisors.Advisor-0].Name;Неизвестно
[Advisors.Advisor-1].Name;Неизвестно
[Advisors.Advisor-2].Name;Неизвестно
[Advisors.Advisor-3].Name;Неизвестно
[Advisors.Advisor-4].Name;Неизвестно
[Advisors.Advisor-5].Name;Неизвестно
[Advisors.Advisor-6].Name;Неизвестно
[Advisors.Advisor-7].Name;Неизвестно
[Advisors.Advisor-08].Name;Неизвестно
[Advisors.Advisor-11].Name;Неизвестно
[Advisors.Advisor-13].Name;Коллективный разум
[Advisors.Advisor-14].Name;Азот
[Advisors.Advisor-15].Name;Сенька
[Advisors.Advisor-16].Name;Борода
[Advisors.Advisor-17].Name;Вано
[Advisors.Advisor-18].Name;Вобла
[Advisors.Advisor-19].Name;Гаваец
[Advisors.Advisor-20].Name;Гармата
[Advisors.Advisor-21].Name;Глухарь
[Advisors.Advisor-22].Name;Гонта
[Advisors.Advisor-23].Name;Гребень
[Advisors.Advisor-24].Name;Зверобой
[Advisors.Advisor-25].Name;Зулус
[Advisors.Advisor-26].Name;Кардан
[Advisors.Advisor-27].Name;Коряга
[Advisors.Advisor-28].Name;Костоправ
[Advisors.Advisor-29].Name;Краб
[Advisors.Advisor-30].Name;Кувалда
[Advisors.Advisor-31].Name;Лоцман
[Advisors.Advisor-32].Name;Медведь
[Advisors.Advisor-33].Name;Митяй
[Advisors.Advisor-34].Name;Ной
[Advisors.Advisor-35].Name;Петруха
[Advisors.Advisor-36].Name;Спартак
[Advisors.Advisor-37].Name;Сыч
[Advisors.Advisor-38].Name;Торба
[Advisors.Advisor-39].Name;Тремор
[Advisors.Advisor-40].Name;Шило
[Advisors.Advisor-41].Name;Валет
[Advisors.Advisor-42].Name;Гном
[Advisors.Advisor-43].Name;Кастет
[Advisors.Advisor-44].Name;Султан
[Advisors.Advisor-45].Name;Шишак
[Advisors.Advisor-46].Name;Баптист
[Advisors.Advisor-47].Name;Капитан Клименко
[Advisors.Advisor-48].Name;Капитан Тарасов
[Advisors.Advisor-49].Name;Лейтенант Кириллов
[Advisors.Advisor-50].Name;Лейтенант Подорожный
[Advisors.Advisor-51].Name;Лейтенант Роговец
[Advisors.Advisor-52].Name;Лейтенант Сергеев
[Advisors.Advisor-53].Name;Лейтенант Скеля
[Advisors.Advisor-54].Name;Лейтенант Стеценко
[Advisors.Advisor-55].Name;Прапорщик Валентир
[Advisors.Advisor-56].Name;Сержант Валюшок
[Advisors.Advisor-57].Name;Ст. сержант Морозов
[Advisors.Advisor-58].Name;Сержант Меркулов
[Advisors.Advisor-59].Name;Сержант Островский
[Advisors.Advisor-60].Name;Сержант Ярмошук
[Advisors.Advisor-61].Name;Бродяга
[Advisors.Advisor-62].Name;Дегтярёв
[Advisors.Advisor-63].Name;Вербовщик Капитан
[Advisors.Advisor-64].Name;Лейтенант Гавриленко
[Advisors.Advisor-65].Name;Морган
[Advisors.Advisor-66].Name;Бродяга
[Advisors.Advisor-67].Name;Гайдук
[Advisors.Advisor-68].Name;Дядька Яр
[Advisors.Advisor-69].Name;Кремень
[Advisors.Advisor-70].Name;Флинт
[Advisors.Advisor-71].Name;Бродяга
[Advisors.Advisor-72].Name;Проповедник
[Advisors.Advisor-73].Name;Молитвенник
[Advisors.Advisor-74].Name;Мессия
[Advisors.Advisor-75].Name;Бродяга
[Advisors.Advisor-76].Name;Крюк
[Advisors.Advisor-77].Name;Тесак
[Advisors.Advisor-78].Name;Гриф
[Advisors.Advisor-79].Name;Газон
[Advisors.Advisor-80].Name;Труп
[Advisors.Advisor-81].Name;Дуб
[Advisors.Advisor-82].Name;Кол
[Advisors.Advisor-83].Name;Пианист
[Advisors.Advisor-84].Name;Хирург
[Advisors.Advisor-85].Name;Кирзач
[Advisors.Advisor-86].Name;Кощей
[Advisors.Advisor-87].Name;Гоблин
[Advisors.Advisor-88].Name;Череп
[Advisors.Advisor-89].Name;Дуплет
[Advisors.Advisor-90].Name;Хребет
[Advisors.Advisor-91].Name;Танк
[Advisors.Advisor-92].Name;Черный
[Advisors.Advisor-93].Name;Рыло
[Advisors.Advisor-94].Name;Сербин
[Advisors.Advisor-95].Name;Тополь
[Advisors.Advisor-96].Name;Тополь (Искра)
[Advisors.Advisor-97].Name;Отряд Искра
[Advisors.Advisor-98].Name;Булава
[Advisors.Advisor-99].Name;Булава (Искра)
[Advisors.Advisor-100].Name;Дух
[Advisors.Advisor-101].Name;Дух (Искра)
[Advisors.Advisor-102].Name;Змей
[Advisors.Advisor-103].Name;Змей (Искра)
[Advisors.Advisor-104].Name;Гарик
[Advisors.Advisor-105].Name;Лейтенант Соколов
[Advisors.Advisor-106].Name;Зоб
[Advisors.Advisor-107].Name;Профессор Озёрский
[Advisors.Advisor-108].Name;Новиков
[Advisors.Advisor-109].Name;Черный
[Advisors.Advisor-110].Name;Тесак
[Advisors.Advisor-111].Name;Спартак
[Advisors.Advisor-112].Name;Контролер
[Achievements.Achiv-1].Name;Принят в Долг!
[Achievements.Achiv-1].Desc;Получено новое достижение! Принять Бродягу в группировку Долг.
[Achievements.Achiv-1].Desc-Logo;Необходимо принять Бродягу в группировку Долг (Бродяга должен стать кандидатом в заместители) и продержаться 1 ход.
[Achievements.Achiv-2].Name;Туз в рукаве!
[Achievements.Achiv-2].Desc;Получено новое достижение! Захватить всю Зону за группировку Бандиты на уровне сложности Мастер.
[Achievements.Achiv-2].Desc-Logo;Захватить всю Зону за группировку Бандиты на уровне сложности Мастер.
[Achievements.Achiv-3].Name;Освободить по полной!
[Achievements.Achiv-3].Desc;Получено новое достижение! Захватить полностью Янов и прилегающие к нему территории с запада и юга на локации Окрестности Юпитера и удерживать 1 ход за группировку Свобода на уровне сложности Ветеран или выше.
[Achievements.Achiv-3].Desc-Logo;Захватить Янов и прилегающие к нему территории с запада и юга на локации Окрестности Юпитера и удерживать 1 ход за группировку Свобода на уровне сложности Ветеран или выше.
[Achievements.Achiv-4].Name;Миссия выполнена!
[Achievements.Achiv-4].Desc;Получено новое достижение! Захватить локацию Лаборатория X-8 и удерживать 1 ход за группировку Наёмники на уровне сложности Ветеран или выше.
[Achievements.Achiv-4].Desc-Logo;Захватить локацию Лаборатория X-8 и удерживать 1 ход за группировку Наёмники на уровне сложности Ветеран или выше.
[Achievements.Achiv-5].Name;Во имя Его!
[Achievements.Achiv-5].Desc;Получено новое достижение! Принять идеологию Сектантство в течение 15 ходов за группировку Бандиты на уровне сложности Мастер и продержаться 1 ход.
[Achievements.Achiv-5].Desc-Logo;Принять идеологию Сектантство в течение 15 ходов за группировку Бандиты на уровне сложности Мастер и продержаться 1 ход.
[Achievements.Achiv-6].Name;План Султана!
[Achievements.Achiv-6].Desc;Получено новое достижение! Принять идеологию Криминал в течение 15 ходов за группировку Вольные сталкеры на уровне сложности Опытный или выше и продержаться 1 ход.
[Achievements.Achiv-6].Desc-Logo;Принять идеологию Криминал в течение 15 ходов за группировку Вольные сталкеры на уровне сложности Опытный или выше и продержаться 1 ход.
[Traders.World].Name;Внешний мир
[Traders.World].NeedText;Связь с внешним миром не всегда удается установить. Шанс 50%. Цена попытки установить связь:
[Traders.YourGroup].Name;Торговец вашей группировки
[Traders.YourGroup].NeedText;Вы всегда можете поторговать со своим торговцем. Цена:
[Traders.OtherGroup].Name;Торговец чужой группировки
[Traders.OtherGroup].NeedText;Чтобы торговать с чужими группировками сначала выберите на карте чужую территорию
[Traders.Trader1].Name;Борода
[Traders.Trader1].NeedText;Торговать с ним можно при условии контролирования территории Сталкерский Скадовск на Затоне. Цена:
[Traders.Trader2].Name;Сыч
[Traders.Trader2].NeedText;Торговать с ним можно при условии контролирования территории Сталкерский Скадовск на Затоне. Цена:
[Traders.Trader3].Name;Гаваец
[Traders.Trader3].NeedText;Торговать с ним можно при условии контролирования территории Сталкерский Янов на Юпитере. Цена:
[Traders.Trader4].Name;Шустрый
[Traders.Trader4].NeedText;Торговать с ним можно при условии контролирования территории Сталкерский Скадовск на Затоне. Цена:
[StoryEvents.Event-1].Name;Дополнительные заместители
[StoryEvents.Event-1].Desc-Owner;В случае контроля над территорией %0:s локации %1:s к концу 15 хода ваша группировка получит в распоряжение нового кандидата в заместители. Такое же произойдет и на 20 ходе
[StoryEvents.Event-1].Desc-NonOwner;Если вы видите это сообщение, то это баг ивента №1
[StoryEvents.Event-2].Name;Дополнительные заместители
[StoryEvents.Event-2].Desc-Owner;В случае контроля над территорией Лагерь Бродяги к концу 10 хода ваша группировка получит в распоряжение нового кандидата в заместители.
[StoryEvents.Event-2].Desc-NonOwner;Если вы видите это сообщение, то это баг ивента №2
[StoryEvents.Event-3].Name;Дополнительные заместители
[StoryEvents.Event-3].Desc-Owner;В случае контроля над территорией Лагерь Бродяги к концу 10 хода ваша группировка получит в распоряжение нового кандидата в заместители.
[StoryEvents.Event-3].Desc-NonOwner;Если вы видите это сообщение, то это баг ивента №3
[StoryEvents.Event-4].Name;Дополнительные заместители
[StoryEvents.Event-4].Desc-Owner;В случае контроля над территорией %0:s локации %1:s к концу 15 хода ваша группировка получит в распоряжение нового кандидата в заместители.
[StoryEvents.Event-4].Desc-NonOwner;Если вы видите это сообщение, то это баг ивента №4
[StoryEvents.Event-5].Name;Дополнительные заместители
[StoryEvents.Event-5].Desc-Owner;В случае контроля над территорией %0:s локации %1:s к концу 5 хода ваша группировка получит в распоряжение нового кандидата в заместители. Аналогично для 10, 15, 20 ходов.
[StoryEvents.Event-5].Desc-NonOwner;Если вы видите это сообщение, то это баг ивента №5
[StoryEvents.Event-6].Name;Появление нового кандидата
[StoryEvents.Event-6].Desc-Owner;В штат группировки зачислен Бродяга. Теперь его можно назначить заместителем лидера группировки
[StoryEvents.Event-6].Desc-NonOwner;Если вы видите это сообщение, то это баг ивента №6
[StoryEvents.Event-7].Name;Появление нового кандидата
[StoryEvents.Event-7].Desc-Owner;В штат группировки зачислен Дегтярёв. Теперь его можно назначить заместителем лидера группировки
[StoryEvents.Event-7].Desc-NonOwner;Если вы видите это сообщение, то это баг ивента №7
[StoryEvents.Event-8].Name;Дополнительные заместители
[StoryEvents.Event-8].Desc-Owner;В штат группировки зачислен Бродяга. Теперь его можно назначить заместителем лидера группировки
[StoryEvents.Event-8].Desc-NonOwner;Если вы видите это сообщение, то это баг ивента №8
[StoryEvents.Event-9].Name;Дополнительные заместители
[StoryEvents.Event-9].Desc-Owner;В штат группировки зачислен Бродяга. Теперь его можно назначить заместителем лидера группировки
[StoryEvents.Event-9].Desc-NonOwner;Если вы видите это сообщение, то это баг ивента №9
[StoryEvents.Event-10].Name;Дополнительные заместители
[StoryEvents.Event-10].Desc-Owner;В штат группировки зачислен Бродяга. Теперь его можно назначить заместителем лидера группировки
[StoryEvents.Event-10].Desc-NonOwner;Если вы видите это сообщение, то это баг ивента №10
[StoryEvents.Event-11].Name;Дополнительные заместители
[StoryEvents.Event-11].Desc-Owner;"Идет формирование отряда ""Искра"". Персонаж Змей вступил в отряд. Это повлияло на его характеристики."
[StoryEvents.Event-11].Desc-NonOwner;Если вы видите это сообщение, то это баг ивента №11
[StoryEvents.Event-12].Name;Это технический ивент №1
[StoryEvents.Event-12].Desc-Owner;Если вы видите это сообщение, то это баг ивента №12
[StoryEvents.Event-12].Desc-NonOwner;Если вы видите это сообщение, то это баг ивента №12
[StoryEvents.Event-13].Name;Дополнительные заместители
[StoryEvents.Event-13].Desc-Owner;"Идет формирование отряда ""Искра"". Персонаж Дух вступил в отряд. Это повлияло на его характеристики."
[StoryEvents.Event-13].Desc-NonOwner;Если вы видите это сообщение, то это баг ивента №11
[StoryEvents.Event-14].Name;Дополнительные заместители
[StoryEvents.Event-14].Desc-Owner;Если вы видите это сообщение, то это баг ивента №14
[StoryEvents.Event-14].Desc-NonOwner;Если вы видите это сообщение, то это баг ивента №14
[StoryEvents.Event-15].Name;Дополнительные заместители
[StoryEvents.Event-15].Desc-Owner;"Идет формирование отряда ""Искра"". Персонаж Булава вступил в отряд. Это повлияло на его характеристики."
[StoryEvents.Event-15].Desc-NonOwner;Если вы видите это сообщение, то это баг ивента №11
[StoryEvents.Event-16].Name;Дополнительные заместители
[StoryEvents.Event-16].Desc-Owner;Если вы видите это сообщение, то это баг ивента №14
[StoryEvents.Event-16].Desc-NonOwner;Если вы видите это сообщение, то это баг ивента №14
[StoryEvents.Event-17].Name;Дополнительные заместители
[StoryEvents.Event-17].Desc-Owner;"Идет формирование отряда ""Искра"". Персонаж Булава вступил в отряд. Это повлияло на его характеристики."
[StoryEvents.Event-17].Desc-NonOwner;Если вы видите это сообщение, то это баг ивента №11
[StoryEvents.Event-18].Name;Дополнительные заместители
[StoryEvents.Event-18].Desc-Owner;Если вы видите это сообщение, то это баг ивента №14
[StoryEvents.Event-18].Desc-NonOwner;Если вы видите это сообщение, то это баг ивента №14
ScenarioName;Свободная игра. Зов Припяти
ScenarioDescription;Свободная игра подразумевает собой копию сюжетного режима, но с отключеным сюжетом и парой мелких отличий. Нет каких-либо ограничений по времени. Победа достигается в случае захвата всей Зоны, а поражение при потере последней территории. Дипломатия между группировками может иметь отличия от канона в процессе игры.
ScenarioVictoryDescription;Условия победы: захватить все территории на карте и удержать их 1 ход.
ScenarioLoseDescription;Условия поражения: потерять все подконтрольные территории.
[Groups.bandits.:main].Spy1-Name;Новичок
[Groups.bandits.:main].Spy2-Name;Опытный
[Groups.bandits.:main].Spy3-Name;Ветеран
[Groups.bandits.:main].Spy4-Name;Мастер
[Groups.bandits.:main].Name;Бандиты
[Groups.bandits.:main].Description;Бандиты – криминальная сторона Зоны. Имеют под своим контролем значительные территории. Подконтрольные территория разбросаны по локациям. Не имеют достойного вооружения и большого числа умеющих воевать в своих рядах. Группировке необходимо провести реорганизацию, как во внутренних делах, так и во внешних, определиться с приоритетной локации с которой начнётся захват.
[Groups.bandits.:main].DiplomacyText-Question-War;Ну, че фраер, допрыгался? Расчихляй валыну! Братва к тебе уже катит!
[Groups.bandits.:main].DiplomacyText-Question-Neutral;Э-э-э! Братела, не суетись, а? Пора перестать шмалять друг-друга, лады?
[Groups.bandits.:main].DiplomacyText-Question-Alliance;Э, Братела, давай союзничками будем? А? Там... шмалять вместе гавриков... Всё такое.. М? Лады?
[Groups.bandits.:main].DiplomacyText-Question-BreakAlliance;Не, ну ты фраер, ну ты конкретный лох, теперь дальше каждый сам за себя!
[Groups.bandits.:main].DiplomacyText-RequestMoney-Ask;Э, сышишь кореш, мелочи не подкинешь, а? Нам бы вот столько:
[Groups.bandits.:main].DiplomacyText-Ans-0-Down;Ты на кого батон крошишь? Бычара, ты труп, ты понял?!
[Groups.bandits.:main].DiplomacyText-Ans-1-Down;Ну ты это вообще не о чем, мля...
[Groups.bandits.:main].DiplomacyText-Ans-1-No;Найдем - на меха порежем!
[Groups.bandits.:main].DiplomacyText-Ans-1-Yes;Сышишь, мы тя не тронем, в натуре за базар отвечаю!
[Groups.bandits.:main].DiplomacyText-Ans-2-No;Не, не, это нифига не то, ты гонишь!
[Groups.bandits.:main].DiplomacyText-Ans-2-Yes;Держись, кореш, щас все будет пучком...
[Groups.bandits.:main].DiplomacyText-RequestMoney-Ans-No;Ты че головой ударился? Откуда у нас такое бабло! Нам самим не помешало бы...
[Groups.bandits.:main].DiplomacyText-RequestMoney-Ans-Yes;Братела, держи баблишко!
[Groups.bandits.:main].DiplomacyText-Question-Neutral-No;Братела, ты, конечно, это зря! Не надо было так...
[Groups.bandits.:main].DiplomacyText-Question-Neutral-Yes;А чо, братела, порадовал! Молодца...
[Groups.bandits.:main].DiplomacyText-Question-Alliance-No;Братела, ты, конечно, это зря! Не надо было так...
[Groups.bandits.:main].DiplomacyText-Question-Alliance-Yes;О, братела, отлично! Теперь вместе фраеров шмалять будем!
[Groups.bandits.:main].Text-End-Step-Victory;Вы выжили! Победа!
[Groups.bandits.:main].Text-End-EventFlag-Victory;Победа по ивент флагу!
[Groups.bandits.:main].Text-End-Standart-Lose;Группировка была полностью уничтожена, теперь Зону буду делить другие группировки. Поражение!
[Groups.bandits.:main].Text-End-Step-Lose;Время истекло, Вы не смогли добиться контроля над Зоной. Поражение!
[Groups.bandits.:main].Text-End-EventFlag-Lose;Поражение по ивент флагу!
[Groups.bandits.Anarchy].Text-End-Standart-Victory;Победа! Группировка вскоре всё меньше и меньше по своему поведению походила на то, чем являлась изначально. Да, криминал остался, но его стало меньше. Верхушка пыталась продвигать тему, которая была близка с тем, что пропагандировала группировка «Свобода», а низы, не торопились принимать эти новые идеалы, так как старые способы в виде грабежа и мародерства казались более простыми и понятными. Группировка раскалывалась прямо на глазах. Каждый новый день – новое не подчинение приказов отдельными группами. Вот-вот начнётся новый конфликт в Зоне…
[Groups.bandits.AntiZone].Text-End-Standart-Victory;Победа! Группировка вскоре всё меньше и меньше по своему поведению походила на то, чем являлась изначально. Криминала стало значительно меньше. Верхушка продвигала всё больше и больше тему борьбы с Зоной. Да, многие понимали, что грабить теперь некого, кругом все свои и в принципе, были согласны, но поскольку в группировке были и настоящие уголовники, то образовались отдельные группы, которые грабили тех самых «своих». Кругом вспыхивали локальные бои. Зона снова оказалась в шаге от масштабной войны всех против всех…
[Groups.bandits.Control].Text-End-Standart-Victory;Победа! Группировка вскоре всё меньше и меньше по своему поведению походила на то, чем являлась изначально. Криминала стало значительно меньше. Вводилась жесткая иерархия. Ситуацию наиболее точно описывало название «Штрафбат». Среди участников группировки ходили слухи, что верхушка прогнулась под государственные силы. Многие приняли этот факт, но нашлись и те «паханы» с «буграми», которые с таким порядком не были согласны. Назревал новый масштабный конфликт, но уже внутри группировки...
[Groups.bandits.Crime].Text-End-Standart-Victory;"Победа! Зона превратилась в криминальное квазигосударство. Зона стала жить ""по понятиям"". Вскоре грабить стало некого и группировка погрязла в распрях. Вместо того чтобы отстреливать монстров и добывать артефакты Бандиты стреляли друг в друга..."
[Groups.bandits.Crime].Text-End-Standart-Lose;Последний бандит поймал маслину. В Зоне больше нет места криминальному миру... Поражение!
[Groups.bandits.Crime].Text-End-Step-Lose;"Время истекло. Пацаны говорят, что ""бугор"" из тебя никакой... Поражение!"
[Groups.bandits.Exploring].Text-End-Standart-Victory;Победа! Группировка контролирует всю территорию. Грабить больше некого. Мародерствовать тоже вскоре будет негде… Верхушка уже активно переключается на выгодные контракты, идущие от правительства. В Зоне теперь часто можно встретить группы Ученых делающих свои замеры анимальной активности под чуткой охраной местных «братков». Вчерашние бандиты уже ходили и занимались тем, делом, что когда-то считали слишком грязным для себя – искали артефакты, добывали части тел мутантов, делали какие-то не понятные замеры не менее не понятными приборами. Не всем это нравилось, поэтому находились отдельные группы людей, которые организовывали нападение на «своих». С ними старались активно бороться, но таких «несогласных», находилось всё больше и больше, так как далеко немногие нашли себя в новой реальности работы по изучению Зоны…
[Groups.bandits.Growth].Text-End-Standart-Victory;"Победа! Зона превратилась в криминальное квазигосударство. Зона стала жить ""по понятиям"". Вскоре грабить стало некого и группировка погрязла в распрях. Вместо того чтобы отстреливать монстров и добывать артефакты Бандиты стреляли друг в друга..."
[Groups.bandits.Growth].Text-End-Standart-Lose;Последний бандит поймал маслину. В Зоне больше нет места криминальному миру... Поражение!
[Groups.bandits.Growth].Text-End-Step-Lose;"Время истекло. Пацаны говорят, что ""бугор"" из тебя никакой... Поражение!"
[Groups.bandits.Mercenary].Text-End-Standart-Victory;Победа! Группировка контролирует всю территорию. Грабить больше некого. Мародерствовать тоже вскоре будет негде… Верхушка уже активно переключается на выгодные контракты, идущие с внешнего мира. Но акцент ставился на более криминальные контракты, поэтому Ученых в Зоне, которых охраняли местные бойцы, было практически не встретить, что значительно ограничило изучение Зоны. Правительство планировало предпринять несколько боевых операций, чтобы вернуть контроль над ключевыми объектами Зоны. Скоро снова будет «Война в Зоне»…
[Groups.bandits.Sectarianism].Text-End-Standart-Victory;Победа! Но не смотря на то, что группировка заняла все территории, так такого контроля над силами не было. Кругом царила неразбериха. Странные речи верхушки, странное поведения всех кто находился на севере Зоны, вновь вскоре включенные пси установки… Все это обеспокоило тех, кто находился на юге. Юг стал вооружаться и формировать собственную иерархию с командирами. Вот-вот начнётся новый этап «Войны в Зоне»…
[Groups.bandits.Stability].Text-End-Standart-Victory;Победа! Группировка контролирует всю территорию. Грабить больше некого. Мародерствовать тоже вскоре будет негде… Верхушка активно пытается найти новые способы обогащения. Бойцов начали разделять на подгруппы. Кого-то в поиски артефактов, кого-то на охоту за частями тел мутантов, третьих использовали как наёмников для выполнения внешних заказов. Но нашлись и те, кому не подходило что-либо из «мирного» ремесла. Вскоре начались первые конфликты и последовавшие за ними бои. Внутреннюю иерархию группировки штормило и неизвестно чем всё закончится…
[Groups.bandits.Stalkers].Text-End-Standart-Victory;Победа! Группировка вскоре всё меньше и меньше по своему поведению походила на то, чем являлась изначально. Криминала действительно стало меньше. Платишь долю – можешь ходить и добывать артефакты. Никто мешать не должен. А если кто-то и будет, то тех ребят найдут. Быстро найдут. Но если у них найдутся покровители в верхах, то отпустят словесно попугав. Поэтому в скорее внутри группировки образовались отдельные группы со своими лидерами, которые тянули группировку к вооруженному внутреннему конфликту…
[Groups.bandits.Unknow].Text-End-Standart-Victory;"Победа! Зона превратилась в криминальное квазигосударство. Зона стала жить ""по понятиям"". Вскоре грабить стало некого и группировка погрязла в распрях. Вместо того чтобы отстреливать монстров и добывать артефакты Бандиты стреляли друг в друга..."
[Groups.bandits.Unknow].Text-End-Standart-Lose;Последний бандит поймал маслину. В Зоне больше нет места криминальному миру... Поражение!
[Groups.bandits.Unknow].Text-End-Step-Lose;"Время истекло. Пацаны говорят, что ""бугор"" из тебя никакой... Поражение!"
[Groups.bandits.Zombie].Text-End-Standart-Victory;Победа! Теперь О-Сознание в безопасности. Вскоре пси-излучение покрыло всю Зону благодаря увеличению числа излучателей. Даже Кордон стал опасен. Правительство хоть и не выпускало мутантов из Зоны, но больше не пыталось вернуть ее...
[Groups.Duty.:main].Spy1-Name;Новичок
[Groups.Duty.:main].Spy2-Name;Опытный
[Groups.Duty.:main].Spy3-Name;Ветеран
[Groups.Duty.:main].Spy4-Name;Мастер
[Groups.Duty.:main].Name;Долг
[Groups.Duty.:main].Description;Долг – цель группировки защитить мир от заразы Зоны. Достаточно мощная военизированная группировка. Стартует с одной территорией на Юпитере. Возможность быстрого старта, хорошее вооружение и предрасположенность к борьбе с мутантами гарантируют успех в умелых руках.
[Groups.Duty.:main].DiplomacyText-Question-War;Вы и ваша шайка угроза миру, пора с вами разобраться!
[Groups.Duty.:main].DiplomacyText-Question-Neutral;Мы хотим заключить с вами перемирие, Вы cогласны?
[Groups.Duty.:main].DiplomacyText-Question-Alliance;Мы предлагаем союз. Вместе мы сможем провернуть пару операций против наших врагов. Вы согласны?
[Groups.Duty.:main].DiplomacyText-Question-BreakAlliance;Мы больше не будем сотрудничать!
[Groups.Duty.:main].DiplomacyText-RequestMoney-Ask;Лишних денег не найдется? А то времена у нас тяжелые. Нам бы вот столько:
[Groups.Duty.:main].DiplomacyText-Ans-0-Down;Понятно. И от тебя Зону отчистим!
[Groups.Duty.:main].DiplomacyText-Ans-1-Down;Жа-а-аль, но раз Вы настаиваете, значит будет так.
[Groups.Duty.:main].DiplomacyText-Ans-1-No;Нет, сейчас мы точно на это не пойдем.
[Groups.Duty.:main].DiplomacyText-Ans-1-Yes;Мы надеемся на дальнейшее сотрудничество.
[Groups.Duty.:main].DiplomacyText-Ans-2-No;Нет, сейчас мы точно на это не пойдем.
[Groups.Duty.:main].DiplomacyText-Ans-2-Yes;Та-а-ак, отлично, по рукам!
[Groups.Duty.:main].DiplomacyText-RequestMoney-Ans-No;Нет, мы пока не можем помогать.
[Groups.Duty.:main].DiplomacyText-RequestMoney-Ans-Yes;Хорошо, мы Вам поможем.
[Groups.Duty.:main].DiplomacyText-Question-Neutral-No;Ох и зря Вы отказались!
[Groups.Duty.:main].DiplomacyText-Question-Neutral-Yes;Хорошо, это радует!
[Groups.Duty.:main].DiplomacyText-Question-Alliance-No;Ох и зря Вы отказались!
[Groups.Duty.:main].DiplomacyText-Question-Alliance-Yes;Хорошо, это радует!
[Groups.Duty.:main].Text-End-Step-Victory;Вы выжили! Победа!
[Groups.Duty.:main].Text-End-EventFlag-Victory;Победа по ивент флагу!
[Groups.Duty.:main].Text-End-Standart-Lose;Группировка была полностью уничтожена, теперь Зону буду делить другие группировки. Поражение!
[Groups.Duty.:main].Text-End-Step-Lose;Время истекло, Вы не смогли добиться контроля над Зоной. Поражение!
[Groups.Duty.:main].Text-End-EventFlag-Lose;Поражение по ивент флагу!
[Groups.Duty.Anarchy].Text-End-Standart-Victory;Победа! Казалось бы теперь войне конец. Зона контролируется одной группировкой. Но не так давно в ней поменялась идеология. Причем на ту, против которой выступали ее основатели. Еще до завершения войны назревали разногласия среди командиров. Похоже, назревает новая «Война в Зоне», которая уже будет чисто идеологической…
[Groups.Duty.AntiZone].Text-End-Standart-Victory;Победа! Вскоре Долг вышел на связь с правительством и начал с ним сотрудничать. Мутанты искоренялись, ученые всё чаще командировались в Зону. В Долге всё чаще стали замечать агентов спецслужб, но может быть, что это всего лишь слухи...
[Groups.Duty.AntiZone].Text-End-Standart-Lose;Ваша группировка полностью уничтожена. Последние долговцы разошлись кто куда не имея воли к борьбе за идеалы Долга. Поражение!
[Groups.Duty.Control].Text-End-Standart-Victory;Победа! Вскоре руководство вышло на связь с правительством и начало с ним открыто сотрудничать. Не всем это понравилось. Часть сталкеров отделились от общей группы и сформировали свои группировки на разных участках Зоны. Назревает новая «Война в Зоне» за контроль над всем, что внутри периметра.
[Groups.Duty.Crime].Text-End-Standart-Victory;Победа! Казалось бы, в Зоне наконец-то наступил порядок. Но такое могло показаться только со стороны. Верхушка в группировке теперь в руках криминальных элементов. Всё постепенно скатывается в самые обычные рэкет, мародёрство и «крышевание». Назревают новые конфликты. Группировка точно не сможет остаться единым целым…
[Groups.Duty.Exploring].Text-End-Standart-Victory;Победа! Вскоре руководство вышло на связь с правительством и пошло на некоторые уступки, чтобы избежать конфликта с внешним миром. Участники группировки в целом поддержали данное направление, так как с тем врагом, которого хорошо изучили, на много легче бороться. Первые результаты сотрудничества уже ощутили сталкеры на местах. Отличные приборы поиска артефактов, более точные приборы для обозначения аномальных мест, уязвимые места мутантов. Это позволило отвести глаза участников группировки от того, что документы из лабораторий были переданы в руки правительства, а все кто знал об их содержимом, почему-то внезапно пропали. Якобы «потеряли интерес к Зоне и решили вернуться домой». И пропадают до сих пор все те, кто находит какие-либо документы в подземельях Зоны…
[Groups.Duty.Growth].Text-End-Standart-Victory;Победа! Вскоре Долг вышел на связь с правительством и начал с ним сотрудничать. Мутанты искоренялись, ученые всё чаще командировались в Зону. В Долге всё чаще стали замечать агентов спецслужб, но может быть, что это всего лишь слухи...
[Groups.Duty.Growth].Text-End-Standart-Lose;Ваша группировка полностью уничтожена. Последние долговцы разошлись кто куда не имея воли к борьбе за идеалы Долга. Поражение!
[Groups.Duty.Mercenary].Text-End-Standart-Victory;Победа! Теперь Зона контролируется одной группировкой. Но не так давно в ней поменялись приоритеты. Мутантов теперь почему-то не так активно уничтожают. Все говорят о деньгах и как их проще заработать… Организовать «сафари для богатеньких из внешнего мира»? Или поймать на продажу мутанта? Может редкий артефакт переправить через периметр в чью-то частную коллекцию? Такой подход к Зоне не всем оказался по душе. В рядах группировки нашлись те самые, которые еще помнили, чем являлся когда-то настоящий Долг. Они постепенно отделяются от основной массы и занимают ключевые точки внутри периметра. Поговаривают, что им помогают Военные. Весьма вероятно Зону ждут новые столкновения с множеством смертей…
[Groups.Duty.Sectarianism].Text-End-Standart-Victory;Победа! Казалось бы теперь войне конец. Зона контролируется одной группировкой. Но не так давно в ней поменялись приоритеты. Мутантов теперь почему-то не так активно уничтожают. Все говорят о некоторых покровителях с севера. Документы из лабораторий пропадают в неизвестном направлении. Среди обычных бойцов зреет негодование из-за странных религиозных речей их командиров. Не все готовы промыть себе мозги какими-то непонятными проповедями. Особенно те, кто находится на юге Зоны. Уже налажены новые контакты с Военными. А недавние новости о включении пси установок на севере дали понять – назад дороги нет. Внутри периметра вот-вот начнётся новая «Война в Зоне»…
[Groups.Duty.Stability].Text-End-Standart-Victory;Победа! Вскоре группировка вышла на связь с правительством и начала с ним сотрудничать. Дело двигалось не быстро, не смотря на давление из внешнего мира. Мутанты по-прежнему искоренялись, артефакты искались, ученые охранялись. Но всё как-то было неспешно. У некоторых складывалось впечатление, что верха не торопятся с борьбой против проявлений Зоны. Отдельные лица утверждали, что верхушка тянет время, потому что пытается как можно больше обогатиться, другие же говорили, что лидеры группировки не хотят потерять ту власть, которую они имеют. Недовольства среди рядовых бойцов практически не было, так как ни кого не обижали в плане заработка, но идеологически заряжены командиры начали готовить переворот…
[Groups.Duty.Stalkers].Text-End-Standart-Victory;Победа! Вскоре руководство группировки всё больше и больше стало смещать акценты своей пропаганды.  Поиск артефактов, сотрудничество с правительством и учеными стало обыденностью. Бандитов в Зоне не стало и любой рэкет пресекался на корню, так что зарабатывать деньги в Зоне стало немного проще. Но правительство хоть особо и не конфликтовало с верхушкой группировки, но готовило планы по взятию Зоны под свой контроль…
[Groups.Duty.Unknow].Text-End-Standart-Victory;Победа! Вскоре Долг вышел на связь с правительством и начал с ним сотрудничать. Мутанты искоренялись, ученые всё чаще командировались в Зону. В Долге всё чаще стали замечать агентов спецслужб, но может быть, что это всего лишь слухи...
[Groups.Duty.Unknow].Text-End-Standart-Lose;Ваша группировка полностью уничтожена. Последние долговцы разошлись кто куда не имея воли к борьбе за идеалы Долга. Поражение!
[Groups.Duty.Zombie].Text-End-Standart-Victory;Победа! Теперь О-Сознание в безопасности. Вскоре пси-излучение покрыло всю Зону благодаря увеличению числа излучателей. Даже Кордон стал опасен. Правительство хоть и не выпускало мутантов из Зоны, но больше не пыталось вернуть ее...
[Groups.freedom.:main].Spy1-Name;Новичок
[Groups.freedom.:main].Spy2-Name;Опытный
[Groups.freedom.:main].Spy3-Name;Ветеран
[Groups.freedom.:main].Spy4-Name;Мастер
[Groups.freedom.:main].Name;Свобода
[Groups.freedom.:main].Description;Свобода – анархистская группировка, которая враждебно относится к правительственным войскам и исследовательским группам. Стартует с одной территорией на Юпитере. Возможность быстрого старта и хорошее вооружение гарантирует успех в умелых руках.
[Groups.freedom.:main].DiplomacyText-Question-War;Ну, мэн, готовься! Мы идем за тобой и твоими ребятами.
[Groups.freedom.:main].DiplomacyText-Question-Neutral;Чувак, может на мировую, а?
[Groups.freedom.:main].DiplomacyText-Question-Alliance;Чел, как насчет союза? Что думаешь?
[Groups.freedom.:main].DiplomacyText-Question-BreakAlliance;Чувак, сорян-ба, Но наши дороги расходятся.
[Groups.freedom.:main].DiplomacyText-RequestMoney-Ask;Хай, мэн! Свободе не хватает свободных деньжат... Не подкинешь ли нам сумму в таком размере:
[Groups.freedom.:main].DiplomacyText-Ans-0-Down;Вот гробы-то подорожают!
[Groups.freedom.:main].DiplomacyText-Ans-1-Down;О-о-о... Всё с тобой понятно, ну и ладно.
[Groups.freedom.:main].DiplomacyText-Ans-1-No;Не, мы не согласны.
[Groups.freedom.:main].DiplomacyText-Ans-1-Yes;Окей, договорились!
[Groups.freedom.:main].DiplomacyText-Ans-2-No;Не, чувак, мы сейчас точно пас.
[Groups.freedom.:main].DiplomacyText-Ans-2-Yes;О-о-о, ништяк, замётано!
[Groups.freedom.:main].DiplomacyText-RequestMoney-Ans-No;Мэн, не, ты чего? Мы такой кэш не готовы сейчас подкинуть...
[Groups.freedom.:main].DiplomacyText-RequestMoney-Ans-Yes;Чувак, не вопрос! Уже перевели!
[Groups.freedom.:main].DiplomacyText-Question-Neutral-No;Хай мэн. Это новость грустая, печальная. Жаль, что ты отказался, но имей ввиду - мы то тебе предлагали...
[Groups.freedom.:main].DiplomacyText-Question-Neutral-Yes;Чувак, эт отличный ньюс!
[Groups.freedom.:main].DiplomacyText-Question-Alliance-No;О-о-о... Всё с тобой понятно, ну и ладно.
[Groups.freedom.:main].DiplomacyText-Question-Alliance-Yes;Мэн, это отлично!
[Groups.freedom.:main].Text-End-Step-Victory;Вы выжили! Победа!
[Groups.freedom.:main].Text-End-EventFlag-Victory;Победа по ивент флагу!
[Groups.freedom.:main].Text-End-Standart-Lose;Группировка была полностью уничтожена, теперь Зону буду делить другие группировки. Поражение!
[Groups.freedom.:main].Text-End-Step-Lose;Время истекло, Вы не смогли добиться контроля над Зоной. Поражение!
[Groups.freedom.:main].Text-End-EventFlag-Lose;Поражение по ивент флагу!
[Groups.freedom.Anarchy].Text-End-Standart-Victory;Победа! Вскоре Зона была объявлена свободным квазигосударством. Глава СБУ поседел от новостей опубликованных в СМИ. Для общественности стали доступны секретные документы, которые нашла группировка Свобода в лабораториях Зоны. Теперь весь мир знает, что творилось в Зоне и как она появилась!
[Groups.freedom.Anarchy].Text-End-Standart-Lose;Ваша группировка полностью уничтожена. Последние свободовцы разошлись кто куда не имея воли к борьбе за идеалы Свободы. Поражение!
[Groups.freedom.AntiZone].Text-End-Standart-Victory;Победа! Казалось бы теперь войне конец. Зона контролируется одной группировкой. Но не так давно в ней поменялась идеология. Причем на ту, против которой выступали ее основатели. Еще до завершения войны назревали разногласия среди командиров. Похоже, назревает новая «Война в Зоне», которая уже будет чисто идеологической…
[Groups.freedom.Control].Text-End-Standart-Victory;Победа! Не смотря на взятия всех территорий ситуация не стабилизовалась. Нашлось много недовольных бойцов текущими порядками. Ходят слухи о том, что среди руководства работают силы правительства, так как было объявлено о переходе некоторых ключевых территорий и самой ЧАЭС под контроль Военных. Нашлись командиры уже отказавшиеся подчиняться приказам верхушки и формируют единую сеть сопротивления. Похоже, будет новый этап «Войны в Зоне»…
[Groups.freedom.Crime].Text-End-Standart-Victory;Победа! Вскоре Зона была объявлена свободным квазигосударством. Но из-за недавней смены акцентов группировки в сторону криминала привело к новому хаосу в Зоне. Уже через неделю началась борьба за власть и зоны влияния. Это привело к новым массовым боям по всей территории отчуждения. Военные уже подготовили планы по взятию ключевых мест и вот-вот начнутся штурмы. Новая «Война в Зоне» уже начинается…
[Groups.freedom.Exploring].Text-End-Standart-Victory;Победа! Вскоре руководство вышло на связь с правительством и пошло на некоторые уступки, чтобы избежать конфликта с внешним миром. Участники группировки в целом поддержали данное направление, так как с тем врагом, которого хорошо изучили, на много легче бороться. Первые результаты сотрудничества уже ощутили сталкеры на местах. Отличные приборы поиска артефактов, более точные приборы для обозначения аномальных мест, уязвимые места мутантов. Это позволило отвести глаза участников группировки от того, что документы из лабораторий были переданы в руки правительства, а все кто знал об их содержимом, почему-то внезапно пропали. Якобы «потеряли интерес к Зоне и решили вернуться домой». И пропадают до сих пор все те, кто находит какие-либо документы в подземельях Зоны…
[Groups.freedom.Growth].Text-End-Standart-Victory;Победа! Вскоре Зона была объявлена свободным квазигосударством. Глава СБУ поседел от новостей опубликованных в СМИ. Для общественности стали доступны секретные документы, которые нашла группировка Свобода в лабораториях Зоны. Теперь весь мир знает, что творилось в Зоне и как она появилась!
[Groups.freedom.Growth].Text-End-Standart-Lose;Ваша группировка полностью уничтожена. Последние свободовцы разошлись кто куда не имея воли к борьбе за идеалы Свободы. Поражение!
[Groups.freedom.Mercenary].Text-End-Standart-Victory;Победа! Теперь Зона контролируется одной группировкой. Но не так давно в ней поменялись приоритеты. Все говорят о деньгах и как их проще заработать… Организовать «сафари для богатеньких из внешнего мира»? Или поймать на продажу мутанта? Может редкий артефакт переправить через периметр в чью-то частную коллекцию? Такой подход к Зоне не всем оказался по душе. В рядах группировки нашлись те самые, которые еще помнили, чем являлась когда-то настоящая Свобода. Они постепенно отделяются от основной массы и занимают ключевые точки внутри периметра. Весьма вероятно Зону ждут новые столкновения с множеством смертей…
[Groups.freedom.Sectarianism].Text-End-Standart-Victory;Победа! Казалось бы теперь войне конец. Зона контролируется одной группировкой. Но не так давно в ней поменялись приоритеты. Все говорят о некоторых покровителях с севера. Документы из лабораторий пропадают в неизвестном направлении. Среди обычных бойцов зреет негодование из-за странных религиозных речей их командиров. Не все готовы промыть себе мозги какими-то непонятными проповедями. Особенно те, кто находится на юге Зоны. А недавние новости о включении пси установок на севере дали понять – назад дороги нет. Внутри периметра вот-вот начнётся новая «Война в Зоне»…
[Groups.freedom.Stability].Text-End-Standart-Victory;Победа! Вскоре группировка начала сливать в СМИ информацию о Зоне. Но, то открытие миру Зоны шло крайне медленно и неспешно. У некоторых складывалось впечатление, что верха не торопятся с борьбой против правительства. Отдельные лица утверждали, что верхушка тянет время, потому что пытается как можно больше обогатиться, другие же говорили, что лидеры группировки не хотят потерять ту власть, которую они имеют, третьи утверждали, что лидер прогнулся под правительство… Недовольства среди рядовых бойцов практически не было, так как ни кого не обижали в плане заработка, но идеологически заряжены командиры начали готовить переворот…
[Groups.freedom.Stalkers].Text-End-Standart-Victory;Победа! Вскоре Зона была объявлена свободным квазигосударством. Но в отличие от изначальных целей Свободы про раскрытие тайн Зоны, нынешние цели после недавнего смещения приоритетов как-то эти тайны обходили стороной. Не полностью. Несколько скандалов после публикации в СМИ правительству было обеспечено. После такого правительство усилило давление на верхушку группировки, что привело к расколу. Некогда единая группировка раздробилась на десятки мелких. Однако это не привело к новой войне, а лишь к не многочисленным мелким конфликтам. Военные, решив, что это их шанс начали подготовку к новой операции по взятию ключевых мест в Зоне. Сможет ли раздробленная группировка отстоять территорию? Неизвестно…
[Groups.freedom.Unknow].Text-End-Standart-Victory;Победа! Вскоре Зона была объявлена свободным квазигосударством. Глава СБУ поседел от новостей опубликованных в СМИ. Для общественности стали доступны секретные документы, которые нашла группировка Свобода в лабораториях Зоны. Теперь весь мир знает, что творилось в Зоне и как она появилась!
[Groups.freedom.Unknow].Text-End-Standart-Lose;Ваша группировка полностью уничтожена. Последние свободовцы разошлись кто куда не имея воли к борьбе за идеалы Свободы. Поражение!
[Groups.freedom.Zombie].Text-End-Standart-Victory;Победа! Теперь О-Сознание в безопасности. Вскоре пси-излучение покрыло всю Зону благодаря увеличению числа излучателей. Даже Кордон стал опасен. Правительство хоть и не выпускало мутантов из Зоны, но больше не пыталось вернуть ее...
[Groups.Mercenaries.:main].Spy1-Name;Новичок
[Groups.Mercenaries.:main].Spy2-Name;Опытный
[Groups.Mercenaries.:main].Spy3-Name;Ветеран
[Groups.Mercenaries.:main].Spy4-Name;Мастер
[Groups.Mercenaries.:main].Name;Наёмники
[Groups.Mercenaries.:main].Description;Наёмники – достаточно скрытная военизированная группировка со специализацией на выполнении каких-либо заказов поступивших как из самой Зоны, так и извне. Имеет две территории под контролем на Затоне. Бойцы хорошо вооружены, однако, не так эффективны против больших скоплений мутантов как хотелось бы.
[Groups.Mercenaries.:main].DiplomacyText-Question-War;На вас поступил заказ. Ничего личного. Только бизнес.
[Groups.Mercenaries.:main].DiplomacyText-Question-Neutral;Нам обоим эта война не выгодна. Как на счет мира?
[Groups.Mercenaries.:main].DiplomacyText-Question-Alliance;Нам было бы выгодно более тесное сотрудничество с вами. Согласны?
[Groups.Mercenaries.:main].DiplomacyText-Question-BreakAlliance;Мы больше не будем сотрудничать с вами.
[Groups.Mercenaries.:main].DiplomacyText-RequestMoney-Ask;У нас тут парочка накладок вышла с кое-какими контрактами. Нам бы финансовую помощь в таком вот размере:
[Groups.Mercenaries.:main].DiplomacyText-Ans-0-Down;Больше дел с вами вести не будем!
[Groups.Mercenaries.:main].DiplomacyText-Ans-1-Down;Печально, вы упускаете свою выгоду.
[Groups.Mercenaries.:main].DiplomacyText-Ans-1-No;Сейчас нам это не выгодно.
[Groups.Mercenaries.:main].DiplomacyText-Ans-1-Yes;Хорошо, надеемся на взаимовыгодное партнерство.
[Groups.Mercenaries.:main].DiplomacyText-Ans-2-No;В данный момент нам это не выгодно.
[Groups.Mercenaries.:main].DiplomacyText-Ans-2-Yes;Ок, нам это выгодно.
[Groups.Mercenaries.:main].DiplomacyText-RequestMoney-Ans-No;У нас сейчас не так много премиальных с контрактов, так что помочь не сможем.
[Groups.Mercenaries.:main].DiplomacyText-RequestMoney-Ans-Yes;Ладно, перевели.
[Groups.Mercenaries.:main].DiplomacyText-Question-Neutral-No;Отказались? Ну и ладно.
[Groups.Mercenaries.:main].DiplomacyText-Question-Neutral-Yes;Отлично, хорошо что Вы согласились!
[Groups.Mercenaries.:main].DiplomacyText-Question-Alliance-No;Отказались? Ну и ладно.
[Groups.Mercenaries.:main].DiplomacyText-Question-Alliance-Yes;Отлично, хорошо что Вы согласились!
[Groups.Mercenaries.:main].Text-End-Step-Victory;Вы выжили! Победа!
[Groups.Mercenaries.:main].Text-End-EventFlag-Victory;Победа по ивент флагу!
[Groups.Mercenaries.:main].Text-End-Standart-Lose;Группировка была полностью уничтожена, теперь Зону буду делить другие группировки. Поражение!
[Groups.Mercenaries.:main].Text-End-Step-Lose;Время истекло, Вы не смогли добиться контроля над Зоной. Поражение!
[Groups.Mercenaries.:main].Text-End-EventFlag-Lose;Поражение по ивент флагу!
[Groups.Mercenaries.Anarchy].Text-End-Standart-Victory;Победа! Вскоре верхушка группировки открыто стала идти на конфликт с правительством. Множество различных документов активно сливалась в СМИ за хорошие для наёмников деньги. Государственные силы уже готовят новый план по штурму ключевых территорий. Похоже, уже совсем скоро начнётся новая «Война в Зоне»…
[Groups.Mercenaries.AntiZone].Text-End-Standart-Victory;Победа! Вскоре верхушка группировки договорилась с правительством. Часть территорий была передана под контроль Военных. Множество наёмников решили покинуть Зону, так как всё скатилось к контрактам на поиск артефактов и охоте на мутантов. Похоже на территории отчуждения не стоит ожидать новых крупных войн…
[Groups.Mercenaries.Control].Text-End-Standart-Victory;Победа! Вскоре верхушка группировки договорилась с правительством. Часть территорий была передана под контроль Военных. Множество наёмников решили покинуть Зону, так как всё скатилось к контрактам на поиск артефактов и охоте на мутантов. Похоже на территории отчуждения не стоит ожидать новых крупных войн…
[Groups.Mercenaries.Crime].Text-End-Standart-Victory;Победа! Вскоре Зона стала крупной базой для наёмников со всего мира. Криминального элемента становилось всё больше. Численность мутантов плохо контролировалась. По всей территории отчуждения постоянно вспыхивают мелкие столкновения. Вряд ли это хорошо закончится…
[Groups.Mercenaries.Exploring].Text-End-Standart-Victory;Победа! Вскоре верхушка группировки договорилась с правительством. Часть территорий была передана под контроль Военных. Множество наёмников решили покинуть Зону, так как всё скатилось к контрактам на поиск артефактов и охоте на мутантов. Похоже на территории отчуждения не стоит ожидать новых крупных войн…
[Groups.Mercenaries.Growth].Text-End-Standart-Victory;"Победа! Вскоре Зона стала крупной базой для наёмников со всего мира. В ней тренировались бойцы для отправки в любые горячие точки планеты. Численность мутантов строго контролировалась. Для богатых клиентов даже организовывали ""Сафари""..."
[Groups.Mercenaries.Growth].Text-End-Standart-Lose;Ваша группировка полностью уничтожена. Последние наёмники разошлись кто куда по другим группировкам, где им предложили хорошую оплату. Поражение!
[Groups.Mercenaries.Mercenary].Text-End-Standart-Victory;"Победа! Вскоре Зона стала крупной базой для наёмников со всего мира. В ней тренировались бойцы для отправки в любые горячие точки планеты. Численность мутантов строго контролировалась. Для богатых клиентов даже организовывали ""Сафари""..."
[Groups.Mercenaries.Mercenary].Text-End-Standart-Lose;Ваша группировка полностью уничтожена. Последние наёмники разошлись кто куда по другим группировкам, где им предложили хорошую оплату. Поражение!
[Groups.Mercenaries.Sectarianism].Text-End-Standart-Victory;Победа! Вскоре Зона стала крупной базой для наёмников со всего мира. В ней тренировались бойцы для отправки в любые горячие точки планеты. Отличные бойцы, способные выполнять любые грязные приказы без лишних вопросов, у которых абсолютно отсутствует страх – клиенты таких очень любили, хотя и озадачивались их религиозными взглядами. Правительство долго тянуло с решением этой проблемы, так как все прогнозы по штурмам говорили о высоких потерях. Было решено организовать множественное внедрение для попытки контроля группировки. Посмотрим, чем это закончится…
[Groups.Mercenaries.Stability].Text-End-Standart-Victory;"Победа! Вскоре Зона стала крупной базой для наёмников со всего мира. В ней тренировались бойцы для отправки в любые горячие точки планеты. Численность мутантов строго контролировалась. Для богатых клиентов даже организовывали ""Сафари""..."
[Groups.Mercenaries.Stalkers].Text-End-Standart-Victory;"Победа! Вскоре Зона стала крупной базой для наёмников со всего мира. В ней тренировались бойцы для отправки в любые горячие точки планеты. Численность мутантов строго контролировалась. Для богатых клиентов даже организовывали ""Сафари""..."
[Groups.Mercenaries.Unknow].Text-End-Standart-Victory;"Победа! Вскоре Зона стала крупной базой для наёмников со всего мира. В ней тренировались бойцы для отправки в любые горячие точки планеты. Численность мутантов строго контролировалась. Для богатых клиентов даже организовывали ""Сафари""..."
[Groups.Mercenaries.Zombie].Text-End-Standart-Victory;Победа! Теперь О-Сознание в безопасности. Вскоре пси-излучение покрыло всю Зону благодаря увеличению числа излучателей. Даже Кордон стал опасен. Правительство хоть и не выпускало мутантов из Зоны, но больше не пыталось вернуть ее...
[Groups.monolith.:main].Spy1-Name;Новичок
[Groups.monolith.:main].Spy2-Name;Опытный
[Groups.monolith.:main].Spy3-Name;Ветеран
[Groups.monolith.:main].Spy4-Name;Мастер
[Groups.monolith.:main].Name;Монолит
[Groups.monolith.:main].Description;Монолит – осколки некогда мощнейшей группировки. Главная цель – защита Зоны от какого-либо внешнего вмешательства. Монолит враждебен к любым другим группировкам. После уничтожения О-Сознания имеет массу внутренних проблем.
[Groups.monolith.:main].DiplomacyText-Question-War;Найти и искоренить!
[Groups.monolith.:main].DiplomacyText-Question-Neutral;Монолит повелел нам заключить с вами мир. Вы согласны или как?
[Groups.monolith.:main].DiplomacyText-Question-Alliance;Монолит велел нам стать вашими друзьями.
[Groups.monolith.:main].DiplomacyText-Question-BreakAlliance;Монолит недоволен нашим союзом!
[Groups.monolith.:main].DiplomacyText-RequestMoney-Ask;По воле Великого Монолита мы отправяем вам запрос на денежный перевод для наших братьев в таком вот размере:
[Groups.monolith.:main].DiplomacyText-Ans-0-Down;Обнаружить и искоренить! *Собеседник добавил вас в черный список*
[Groups.monolith.:main].DiplomacyText-Ans-1-Down;Такое Монолит точно не одобрит! *Собеседник удалил вас из друзей*
[Groups.monolith.:main].DiplomacyText-Ans-1-No;Ты познаешь гнев Монолита! *Собеседник вышел из чата*
[Groups.monolith.:main].DiplomacyText-Ans-1-Yes;И придет день, и Монолит вновь воссияет во славе своей! *Собеседник вышел из чата*
[Groups.monolith.:main].DiplomacyText-Ans-2-No;Монолит точно не даст согласия своего. *Собеседник вышел из чата*
[Groups.monolith.:main].DiplomacyText-Ans-2-Yes;Никому не верь кроме Монолита и братьев его, никому. *Собеседник добавил вас в друзья*
[Groups.monolith.:main].DiplomacyText-RequestMoney-Ans-No;Монолит сказал не проявлять милосердие к неверным! *Собеседник исключил вас из чата*
[Groups.monolith.:main].DiplomacyText-RequestMoney-Ans-Yes;Монолит велел проявить жалость к слепцам и сделать вам денежный перевод.
[Groups.monolith.:main].DiplomacyText-Question-Neutral-No;Тогда мы вас найдем и уничтожим!
[Groups.monolith.:main].DiplomacyText-Question-Neutral-Yes;Иначе и не могло быть. Всё по воле Великого Монолита!
[Groups.monolith.:main].DiplomacyText-Question-Alliance-No;Зря вы не следуете воле Монолита.
[Groups.monolith.:main].DiplomacyText-Question-Alliance-Yes;Да возрадуются братья наши и ужаснутся наши враги!
[Groups.monolith.:main].Text-End-Step-Victory;Вы выжили! Победа!
[Groups.monolith.:main].Text-End-EventFlag-Victory;Победа по ивент флагу!
[Groups.monolith.:main].Text-End-Standart-Lose;Группировка была полностью уничтожена, теперь Зону буду делить другие группировки. Поражение!
[Groups.monolith.:main].Text-End-Step-Lose;Время истекло, Вы не смогли добиться контроля над Зоной. Поражение!
[Groups.monolith.:main].Text-End-EventFlag-Lose;Поражение по ивент флагу!
[Groups.monolith.Anarchy].Text-End-Standart-Victory;Победа! Монолит надежно контролирует Зону. Но так лишь может показаться со стороны. Из-за нехватки мощности пси установок люди на юге Зоны стали постепенно приходить в себя. Ко многим из них возвращались воспоминания. Местами назревают столкновения. Проповедники уже докладывают о росте числа сопротивления. Уже целые подразделения отказываются слушаться приказов. Похоже, они собираются освободить товарищей на севере… Грядет новая «Война в Зоне»…
[Groups.monolith.AntiZone].Text-End-Standart-Victory;Победа! Монолит надежно контролирует Зону. Но так лишь может показаться со стороны. Из-за нехватки мощности пси установок люди на юге Зоны стали постепенно приходить в себя. Ко многим из них возвращались воспоминания. Местами назревают столкновения. Проповедники уже докладывают о росте числа сопротивления. Уже целые подразделения отказываются слушаться приказов. Похоже, они собираются освободить товарищей на севере… Грядет новая «Война в Зоне»…
[Groups.monolith.Control].Text-End-Standart-Victory;Победа! Монолит надежно контролирует Зону. Но так лишь может показаться со стороны. Из-за нехватки мощности пси установок люди на юге Зоны стали постепенно приходить в себя. Ко многим из них возвращались воспоминания. Местами назревают столкновения. Проповедники уже докладывают о росте числа сопротивления. Уже целые подразделения отказываются слушаться приказов. Похоже, они собираются освободить товарищей на севере… Грядет новая «Война в Зоне»…
[Groups.monolith.Crime].Text-End-Standart-Victory;Победа! Монолит надежно контролирует Зону. Но так лишь может показаться со стороны. Из-за нехватки мощности пси установок люди на юге Зоны стали постепенно приходить в себя. Ко многим из них возвращались воспоминания. Местами назревают столкновения. Проповедники уже докладывают о росте числа сопротивления. Уже целые подразделения отказываются слушаться приказов. Похоже, они собираются освободить товарищей на севере… Грядет новая «Война в Зоне»…
[Groups.monolith.Exploring].Text-End-Standart-Victory;Победа! Монолит надежно контролирует Зону. Но так лишь может показаться со стороны. Из-за нехватки мощности пси установок люди на юге Зоны стали постепенно приходить в себя. Ко многим из них возвращались воспоминания. Местами назревают столкновения. Проповедники уже докладывают о росте числа сопротивления. Уже целые подразделения отказываются слушаться приказов. Похоже, они собираются освободить товарищей на севере… Грядет новая «Война в Зоне»…
[Groups.monolith.Growth].Text-End-Standart-Victory;Победа! Монолит надежно контролирует Зону. Теперь правительство больше не вмешивается. Монолитовцы расстреливают всех, кто пытается проникнуть в Зону. Вскоре она стала полностью закрыта для посторонних глаз...
[Groups.monolith.Mercenary].Text-End-Standart-Victory;Победа! Монолит надежно контролирует Зону. Но так лишь может показаться со стороны. Из-за нехватки мощности пси установок люди на юге Зоны стали постепенно приходить в себя. Ко многим из них возвращались воспоминания. Местами назревают столкновения. Проповедники уже докладывают о росте числа сопротивления. Уже целые подразделения отказываются слушаться приказов. Похоже, они собираются освободить товарищей на севере… Грядет новая «Война в Зоне»…
[Groups.monolith.Sectarianism].Text-End-Standart-Victory;Победа! Монолит надежно контролирует Зону. Теперь правительство больше не вмешивается. Монолитовцы расстреливают всех, кто пытается проникнуть в Зону. Вскоре она стала полностью закрыта для посторонних глаз...
[Groups.monolith.Stability].Text-End-Standart-Victory;Победа! Монолит надежно контролирует Зону. Но так лишь может показаться со стороны. Из-за нехватки мощности пси установок люди на юге Зоны стали постепенно приходить в себя. Ко многим из них возвращались воспоминания. Местами назревают столкновения. Проповедники уже докладывают о росте числа сопротивления. Уже целые подразделения отказываются слушаться приказов. Похоже, они собираются освободить товарищей на севере… Грядет новая «Война в Зоне»…
[Groups.monolith.Stalkers].Text-End-Standart-Victory;Победа! Монолит надежно контролирует Зону. Но так лишь может показаться со стороны. Из-за нехватки мощности пси установок люди на юге Зоны стали постепенно приходить в себя. Ко многим из них возвращались воспоминания. Местами назревают столкновения. Проповедники уже докладывают о росте числа сопротивления. Уже целые подразделения отказываются слушаться приказов. Похоже, они собираются освободить товарищей на севере… Грядет новая «Война в Зоне»…
[Groups.monolith.Unknow].Text-End-Standart-Victory;Победа! Монолит надежно контролирует Зону. Теперь правительство больше не вмешивается. Монолитовцы расстреливают всех, кто пытается проникнуть в Зону. Вскоре она стала полностью закрыта для посторонних глаз...
[Groups.monolith.Zombie].Text-End-Standart-Victory;Победа! Теперь Монолит в безопасности. Вскоре пси-излучение покрыло всю Зону благодаря увеличению числа излучателей. Даже Кордон стал опасен. Правительство хоть и не выпускало мутантов из Зоны, но больше не пыталось вернуть ее...
[Groups.scientists.:main].Spy1-Name;Новичок
[Groups.scientists.:main].Spy2-Name;Опытный
[Groups.scientists.:main].Spy3-Name;Ветеран
[Groups.scientists.:main].Spy4-Name;Мастер
[Groups.scientists.:main].Name;Ученые
[Groups.scientists.:main].Description;Ученые – основная задача это изучение Зоны, а не борьба с ее проявлениями в виде криминала и мутантов. Имеют базу на локации Окрестности Юпитера. Абсолютно не приспособлены для ведения боевых действий, однако, имеют со старта хорошие шансы на поиски артефактов.
[Groups.scientists.:main].DiplomacyText-Question-War;Вы глупцы! Только мешаете нам. Пора преподать вам урок.
[Groups.scientists.:main].DiplomacyText-Question-Neutral;Здравствуйте. Мы хотим предложить вам мир. Вы согласны или нет?
[Groups.scientists.:main].DiplomacyText-Question-Alliance;Приветствую. Мы хотим стать вашими партнёрами, или, как еще говорят союзниками ради блага науки. Вы согласны или как?
[Groups.scientists.:main].DiplomacyText-Question-BreakAlliance;Простите, конечно, но мы больше не заинтересованы в сотрудничестве.
[Groups.scientists.:main].DiplomacyText-RequestMoney-Ask;Приветствую Вас! У нас тут маленькая заминочка вышла с финансированием наших эксперементов. Не могли бы вы нам перечислить, как бы, на благо науки, сумму в таком вот размере:
[Groups.scientists.:main].DiplomacyText-Ans-0-Down;Тогда защищайтесь!
[Groups.scientists.:main].DiplomacyText-Ans-1-Down;Очень плохо, но ничего не поделать...
[Groups.scientists.:main].DiplomacyText-Ans-1-No;Мы на такое не согласны.
[Groups.scientists.:main].DiplomacyText-Ans-1-Yes;Хорошо, мы согласны!
[Groups.scientists.:main].DiplomacyText-Ans-2-No;Нет, мы думаем, что еще не время...
[Groups.scientists.:main].DiplomacyText-Ans-2-Yes;Договорились.
[Groups.scientists.:main].DiplomacyText-RequestMoney-Ans-No;К сожалению, помочь мы не сможем, так как сейчас сами находимся в непростой финансовой ситуации из-за сокращения финансирования и маленького числа полученных грантов.
[Groups.scientists.:main].DiplomacyText-RequestMoney-Ans-Yes;Приветствую! Да, мы осуществили денежный перевод на указанную сумму.
[Groups.scientists.:main].DiplomacyText-Question-Neutral-No;Это крайне не дальновидно с вашей стороны.
[Groups.scientists.:main].DiplomacyText-Question-Neutral-Yes;Отлично! Хорошо, что Вы согласились.
[Groups.scientists.:main].DiplomacyText-Question-Alliance-No;Отказались? А мы то на Вас рассчитывали...
[Groups.scientists.:main].DiplomacyText-Question-Alliance-Yes;Отлично, мой друг! Мы рады, что Вы согласились.
[Groups.scientists.:main].Text-End-Step-Victory;Вы выжили! Победа!
[Groups.scientists.:main].Text-End-EventFlag-Victory;Победа по ивент флагу!
[Groups.scientists.:main].Text-End-Standart-Lose;Группировка была полностью уничтожена, теперь Зону буду делить другие группировки. Поражение!
[Groups.scientists.:main].Text-End-Step-Lose;Время истекло, Вы не смогли добиться контроля над Зоной. Вы уволены. Поражение!
[Groups.scientists.:main].Text-End-EventFlag-Lose;Поражение по ивент флагу!
[Groups.scientists.Anarchy].Text-End-Standart-Victory;Победа! Правительство взяло под контроль Зону и как только ознакомилось с документами из лабораторий, было принято решение всё сразу же засекретить. Оружие, опыты над людьми, причина появления Зоны... Казалось теперь это навсегда останется тайной... Но в СМИ стали постоянно происходить утечки. Некоторые из них несли катастрофический характер. Под давлением общественности начались расследования с открытыми слушаниями. Это точно приведет к тому, что всё тайное когда-то станет явным…
[Groups.scientists.AntiZone].Text-End-Standart-Victory;Победа! Правительство взяло под контроль Зону и как только ознакомилось с документами из лабораторий, было принято решение всё сразу же засекретить. Оружие, опыты над людьми, причина появления Зоны... Теперь это навсегда останется тайной...
[Groups.scientists.Control].Text-End-Standart-Victory;Победа! Правительство взяло под контроль Зону и как только ознакомилось с документами из лабораторий, было принято решение всё сразу же засекретить. Оружие, опыты над людьми, причина появления Зоны... Теперь это навсегда останется тайной...
[Groups.scientists.Crime].Text-End-Standart-Victory;Победа! Правительство взяло под контроль Зону с помощью группировки. Из-за отсутствия должной субординации начали процветать воровство и разгильдяйство. На исследования почему-то не хватало то амуниции, то из-за не годности, то из-за отсутствия нужного на складах… Ученые занимались не изучением артефактов и мутантов, а их тайной продажей за рубеж. Неизвестно к чему приведет такое отношение к Зоне, но вряд ли к чему-то хорошему…
[Groups.scientists.Exploring].Text-End-Standart-Victory;Победа! Правительство взяло под контроль Зону и как только ознакомилось с документами из лабораторий, было принято решение всё сразу же засекретить. Оружие, опыты над людьми, причина появления Зоны... Теперь это навсегда останется тайной...
[Groups.scientists.Exploring].Text-End-Standart-Lose;Зона это опасное место. После уничтожения группы ученных, правительство решило, что больше не будет рисковать гражданскими. Вы уволены! Поражение!
[Groups.scientists.Growth].Text-End-Standart-Victory;Победа! Правительство взяло под контроль Зону и как только ознакомилось с документами из лабораторий, было принято решение всё сразу же засекретить. Оружие, опыты над людьми, причина появления Зоны... Теперь это навсегда останется тайной...
[Groups.scientists.Growth].Text-End-Standart-Lose;Зона это опасное место. После уничтожения группы ученных, правительство решило, что больше не будет рисковать гражданскими. Вы уволены! Поражение!
[Groups.scientists.Mercenary].Text-End-Standart-Victory;Победа! Правительственные войска под руководством гражданских лиц смогли взять под контроль всю территорию отчуждения и теперь стремительно наводят порядок. Но среди ученых царила погоня за деньгами. Некоторые стали промышлять подозрительными контрактами от частных фирм. Исследования или деньги? Этим вопросом задавались все без исключений…
[Groups.scientists.Sectarianism].Text-End-Standart-Victory;Победа! Правительство взяло под контроль Зону, но командиры на местах всё меньше соблюдали субординацию. Ротация не помогала. СБУ докладывало о неком элементе сектантства среди командиров, но подробнее расследовать не получалось. Командиры умело заметали следы. На столько, что даже О-Сознание так и не было найдено, о котором говорилось в найденных документах…
[Groups.scientists.Stability].Text-End-Standart-Victory;Победа! Правительство взяло под контроль Зону и как только ознакомилось с документами из лабораторий, было принято решение всё сразу же засекретить. Оружие, опыты над людьми, причина появления Зоны... Теперь это навсегда останется тайной...
[Groups.scientists.Stalkers].Text-End-Standart-Victory;Победа! Правительство взяло под контроль Зону и как только ознакомилось с документами из лабораторий, было принято решение всё сразу же засекретить. Оружие, опыты над людьми, причина появления Зоны... Теперь это навсегда останется тайной...
[Groups.scientists.Unknow].Text-End-Standart-Victory;Победа! Правительство взяло под контроль Зону и как только ознакомилось с документами из лабораторий, было принято решение всё сразу же засекретить. Оружие, опыты над людьми, причина появления Зоны... Теперь это навсегда останется тайной...
[Groups.scientists.Unknow].Text-End-Standart-Lose;Зона это опасное место. После уничтожения группы ученных, правительство решило, что больше не будет рисковать гражданскими. Вы уволены! Поражение!
[Groups.scientists.Zombie].Text-End-Standart-Victory;Победа! Теперь О-Сознание в безопасности. Вскоре пси-излучение покрыло всю Зону благодаря увеличению числа излучателей. Даже Кордон стал опасен. Правительство хоть и не выпускало мутантов из Зоны, но больше не пыталось вернуть ее...
[Groups.soldiers.:main].Spy1-Name;Новичок
[Groups.soldiers.:main].Spy2-Name;Опытный
[Groups.soldiers.:main].Spy3-Name;Ветеран
[Groups.soldiers.:main].Spy4-Name;Мастер
[Groups.soldiers.:main].Name;Военные
[Groups.soldiers.:main].Description;Военные – государственные силы на территории Зоны. Считают своими врагами всё живое внутри периметра кроме Ученых. Присутствуют только в Припяти и имеют под контролем одну территорию.
[Groups.soldiers.:main].DiplomacyText-Question-War;Ваше нахождение в Зоне теперь считается незаконным. Попадетёсь - расстрел на месте!
[Groups.soldiers.:main].DiplomacyText-Question-Neutral;Командование считает, что нам нужно снизить оперативную активность. Как насчет перемирия?
[Groups.soldiers.:main].DiplomacyText-Question-Alliance;Командование считает, что нам нужен союзник в Зоне для проведения операций. Вы согласны?
[Groups.soldiers.:main].DiplomacyText-Question-BreakAlliance;Мы больше не будем сотрудничать!
[Groups.soldiers.:main].DiplomacyText-RequestMoney-Ask;Правительственным силам требуется финансовое содействие на новый особняк генерал.. Кхм. На... На выполнение особых задач вот в таком размере. Поможите?
[Groups.soldiers.:main].DiplomacyText-Ans-0-Down;Да мы тебя в порошок сотрём!
[Groups.soldiers.:main].DiplomacyText-Ans-1-Down;Это еще как понимать?
[Groups.soldiers.:main].DiplomacyText-Ans-1-No;Нет, мы не можем закрыть глаза на ваше присутствие в Зоне.
[Groups.soldiers.:main].DiplomacyText-Ans-1-Yes;Ладно, мы закроем глаза на ваше присутствие в Зоне...
[Groups.soldiers.:main].DiplomacyText-Ans-2-No;Нет, мы не можем закрыть глаза на ваше присутствие в Зоне.
[Groups.soldiers.:main].DiplomacyText-Ans-2-Yes;Армии нужен союзник в Зоне. Хорошо, мы согласны.
[Groups.soldiers.:main].DiplomacyText-RequestMoney-Ans-No;Нет, мы не оказываем финансовую помощь!
[Groups.soldiers.:main].DiplomacyText-RequestMoney-Ans-Yes;Да, начальство согласилось помочь вам с финансами
[Groups.soldiers.:main].DiplomacyText-Question-Neutral-No;Отказались? Ну.. Это Вы зря!
[Groups.soldiers.:main].DiplomacyText-Question-Neutral-Yes;Отлично, хорошо что Вы согласились!
[Groups.soldiers.:main].DiplomacyText-Question-Alliance-No;Отказались? Ну.. Это Вы зря!
[Groups.soldiers.:main].DiplomacyText-Question-Alliance-Yes;Отлично, хорошо что Вы согласились!
[Groups.soldiers.:main].Text-End-Step-Victory;Вы выжили! Победа!
[Groups.soldiers.:main].Text-End-EventFlag-Victory;Победа по ивент флагу!
[Groups.soldiers.:main].Text-End-Standart-Lose;Группировка была полностью уничтожена, теперь Зону буду делить другие группировки. Поражение!
[Groups.soldiers.:main].Text-End-Step-Lose;Время истекло, Вы не смогли добиться контроля над Зоной. Вы разжалованы. Поражение!
[Groups.soldiers.:main].Text-End-EventFlag-Lose;Поражение по ивент флагу!
[Groups.soldiers.Anarchy].Text-End-Standart-Victory;Победа! Правительство взяло под контроль Зону и как только ознакомилось с документами из лабораторий, было принято решение всё сразу же засекретить. Но часть документации попало странным образом в руки общественности. Оружие, опыты над людьми, причина появления Зоны... Теперь многое из этого стало достояние общественности...
[Groups.soldiers.AntiZone].Text-End-Standart-Victory;Победа! Правительство взяло под контроль Зону и как только ознакомилось с документами из лабораторий, было принято решение всё сразу же засекретить. Оружие, опыты над людьми, причина появления Зоны... Теперь это навсегда останется тайной... Новым приоритетом стало уничтожение любых проявлений Зоны. Главная цель – мутанты. Были сформированы специальные группы вооруженные дробовиками и огнемётами для уничтожения любого существа, даже если это были мелкие крысы. Убрать аномальные проявления Зоны – новый приказ правительства, который необходимо выполнить.
[Groups.soldiers.Control].Text-End-Standart-Victory;Победа! Правительство взяло под контроль Зону и как только ознакомилось с документами из лабораторий, было принято решение всё сразу же засекретить. Оружие, опыты над людьми, причина появления Зоны... Теперь это навсегда останется тайной...
[Groups.soldiers.Control].Text-End-Standart-Lose;Военных в Зоне не осталось... Теперь неизвестно чем всё кончится без правительственных сил. Вы разжалованы за провал! Поражение!
[Groups.soldiers.Crime].Text-End-Standart-Victory;Победа! Правительство взяло под контроль Зону. Но коррупция и разгильдяйство процветало. На рейды против мутантов почему-то не хватало то амуниции, то из-за не годности, то из-за отсутствия нужного на складах… Охрана периметра отчуждения занималось не охраной, а сбором взяток при провозе запрещенных предметов, например, артефактов. Неизвестно к чему приведет такое не внимательное отношение к Зоне, но вряд ли к чему-то хорошему…
[Groups.soldiers.Exploring].Text-End-Standart-Victory;Победа! Правительственные войска смогли взять под контроль всю территорию отчуждения и теперь стремительно наводят порядок. Новым приоритетом стало обеспечение безопасности исследовательских групп. Были сформированы различные мелкие отряды из солдат специального назначения для операций в особо опасных условиях. Так называли подземные комплексы и лаборатории, которых на удивление генералов, оказалось в несколько раз больше, чем предполагалось изначально. Вся добытая информация стремительно засекречивалась и общественность знала о Зоне только, что говорило им правительство.
[Groups.soldiers.Growth].Text-End-Standart-Victory;Победа! Правительство взяло под контроль Зону и как только ознакомилось с документами из лабораторий, было принято решение всё сразу же засекретить. Оружие, опыты над людьми, причина появления Зоны... Теперь это навсегда останется тайной...
[Groups.soldiers.Growth].Text-End-Standart-Lose;Военных в Зоне не осталось... Теперь неизвестно чем всё кончится без правительственных сил. Вы разжалованы за провал! Поражение!
[Groups.soldiers.Growth].Text-End-Step-Lose;Время истекло, Вы не смогли добиться контроля над Зоной. Вы разжалованы. Поражение!
[Groups.soldiers.Mercenary].Text-End-Standart-Victory;Победа! Правительственные войска смогли взять под контроль всю территорию отчуждения и теперь стремительно наводят порядок. Но среди командиров царила коррупция. Некоторые стали промышлять подозрительными контрактами от частных фирм. Образовались различные мелкие отряды из солдат, которые занимались добычей артефактов и ловлей мутантов для частных «коллекционеров». Служба или деньги? Этим вопросом задавались все без исключений…
[Groups.soldiers.Sectarianism].Text-End-Standart-Victory;Победа! Правительство взяло под контроль Зону, но командиры на местах всё меньше соблюдали субординацию. Ротация не помогала. СБУ докладывало о неком элементе сектантства среди командиров, но подробнее расследовать не получалось. Командиры умело заметали следы. На столько, что даже О-Сознание так и не было найдено, о котором говорилось в найденных документах…
[Groups.soldiers.Stability].Text-End-Standart-Victory;Победа! Правительственные войска смогли взять под контроль всю территорию отчуждения и теперь стремительно наводят порядок. Были сформированы различные мелкие отряды из солдат специального назначения для операций в особо опасных условиях. Так называли подземные комплексы и лаборатории, которых на удивление генералов, оказалось в несколько раз больше, чем предполагалось изначально. Вся добытая информация стремительно засекречивалась и общественность знала о Зоне только, что говорило им правительство.
[Groups.soldiers.Stalkers].Text-End-Standart-Victory;Победа! Правительство взяло под контроль Зону. Оно решило не только бороться с Зоной, но и скрытно на ней подзаработать. Были сформированы несколько секретных отрядов военных сталкеров для поиска особо ценных артефактов, которые потом продавались на черном рынке за рубежом для обогащения некоторых из «верхов». Таким образом, впоследствии появились так называемые «артефактные олигархи»…
[Groups.soldiers.Unknow].Text-End-Standart-Victory;Победа! Правительство взяло под контроль Зону и как только ознакомилось с документами из лабораторий, было принято решение всё сразу же засекретить. Оружие, опыты над людьми, причина появления Зоны... Теперь это навсегда останется тайной...
[Groups.soldiers.Unknow].Text-End-Standart-Lose;Военных в Зоне не осталось... Теперь неизвестно чем всё кончится без правительственных сил. Вы разжалованы за провал! Поражение!
[Groups.soldiers.Unknow].Text-End-Step-Lose;Время истекло, Вы не смогли добиться контроля над Зоной. Вы разжалованы. Поражение!
[Groups.soldiers.Zombie].Text-End-Standart-Victory;Победа! Теперь О-Сознание в безопасности. Вскоре пси-излучение покрыло всю Зону благодаря увеличению числа излучателей. Даже Кордон стал опасен. Правительство хоть и не выпускало мутантов из Зоны, но больше не пыталось вернуть ее...
[Groups.stalkers.:main].Spy1-Name;Новичок
[Groups.stalkers.:main].Spy2-Name;Опытный
[Groups.stalkers.:main].Spy3-Name;Ветеран
[Groups.stalkers.:main].Spy4-Name;Мастер
[Groups.stalkers.:main].Name;Вольные сталкеры
[Groups.stalkers.:main].Description;Вольные сталкеры не имеют четкой иерархии и лидера. Преимуществом можно считать их предрасположенность к поиску артефактов, что благоприятно скажется на финансовом положении в умелых руках. Территориально больше присутствует на Затоне, чем на Юпитере. Группировке необходимо определиться с приоритетами в своем развитии.
[Groups.stalkers.:main].DiplomacyText-Question-War;Мы объявляем вам войну!
[Groups.stalkers.:main].DiplomacyText-Question-Neutral;Пора закончить эту бойню, мы готовы к миру, а Вы?
[Groups.stalkers.:main].DiplomacyText-Question-Alliance;Мы хотим заключить с вами союз. Вы согласны?
[Groups.stalkers.:main].DiplomacyText-Question-BreakAlliance;Мы расторгаем союз!
[Groups.stalkers.:main].DiplomacyText-RequestMoney-Ask;У нас тут финансовые затруднения возникли. Нам бы помощь не помешала. Нас интересует сумма в таком вот размере:
[Groups.stalkers.:main].DiplomacyText-Ans-0-Down;Ну ты и крыса! Война, так война!
[Groups.stalkers.:main].DiplomacyText-Ans-1-Down;Да будет так.
[Groups.stalkers.:main].DiplomacyText-Ans-1-No;На данный момент мы не видим в этом необходимости.
[Groups.stalkers.:main].DiplomacyText-Ans-1-Yes;Да, мы согласны на прекращение огня.
[Groups.stalkers.:main].DiplomacyText-Ans-2-No;Мы не уверены, что нам сейчас это нужно.
[Groups.stalkers.:main].DiplomacyText-Ans-2-Yes;Да, мы согласны на сотрудничество.
[Groups.stalkers.:main].DiplomacyText-RequestMoney-Ans-No;Увы, но сейчас мы не в состоянии помочь такой суммой.
[Groups.stalkers.:main].DiplomacyText-RequestMoney-Ans-Yes;Ладно, мы перечислим вам эту сумму.
[Groups.stalkers.:main].DiplomacyText-Question-Neutral-No;Очень жаль, что Вы отказались!
[Groups.stalkers.:main].DiplomacyText-Question-Neutral-Yes;Хорошо! Мы рады, что Вы согласны!
[Groups.stalkers.:main].DiplomacyText-Question-Alliance-No;Очень жаль, что Вы отказались!
[Groups.stalkers.:main].DiplomacyText-Question-Alliance-Yes;Хорошо! Мы рады, что Вы согласны!
[Groups.stalkers.:main].Text-End-Step-Victory;Вы выжили! Победа!
[Groups.stalkers.:main].Text-End-EventFlag-Victory;Победа по ивент флагу!
[Groups.stalkers.:main].Text-End-Standart-Lose;Группировка была полностью уничтожена, теперь Зону буду делить другие группировки. Поражение!
[Groups.stalkers.:main].Text-End-Step-Lose;Время истекло, Вы не смогли добиться контроля над Зоной. Поражение!
[Groups.stalkers.:main].Text-End-EventFlag-Lose;Поражение по ивент флагу!
[Groups.stalkers.Anarchy].Text-End-Standart-Victory;Победа! Вскоре единая группировка сталкеров разработала ряд правил похожих на тех, что были у группировки Свобода, но с некоторыми явными отличиями. Упор делался на деньги, а не на идею. Через некоторое время внутри группировки стали образовываться «отдельные» группы по «интересам», что привело к расколу в верхах. Многие заговорили, что скоро начнется новый этап «Войны в Зоне»…
[Groups.stalkers.AntiZone].Text-End-Standart-Victory;Победа! Вскоре единая группировка сталкеров разработала ряд правил похожих на тех, что были у группировки Долг, но без армейского уклона. Не всем это понравилось, но несогласные молчали, так как новое руководство всеми силами боролась с любыми проявлениями Зоны, что позволяло безопаснее собирать артефакты и не бояться за бандитов. Охота на мутантов была поставлена на поток, так что даже слепых псов на юге было не встретить. Командование группировки активно сотрудничала с Учеными и старалось не конфликтовать с Военными, что привело к новому этапу изучения Зоны, но ее тайны крайне неохотно раскрывались общественности.
[Groups.stalkers.Control].Text-End-Standart-Victory;Победа! Вскоре сталкеры разработали ряд правил, которые были призваны наладить порядок в Зоне. Даже воинские звания заменили ранги. От старой неразберихи в командовании ни осталось не следа. Была налажена четкая система подчинения и командования, новые люди в Зоне принудительно включались в эту иерархию, а тех, кто был не согласен, сразу сдавали Военным за Кордон без лишних разговоров. Ходили слухи, что в верхах группировки сидели люди из военного руководства, но ни кто не смог это доказать. Или, возможно, не успевал опубликовать доказательства, так как его забирали Военные в неизвестном направлении. Зона стала менее открытой, но более безопасной, особенно для правительственных организаций.
[Groups.stalkers.Crime].Text-End-Standart-Victory;Победа! Вскоре сталкеры создали правило, что в Зоне будет только одна группировка, и каждый человек обязан платить долю, а с торговцев стали собирать пошлину. Тех, кто не мог платить - сдавали военным за Кордон. Зона стала менее открытой для изучения правительственными силами и криминальность порядков снизило приток новых людей на охраняемую сталкерами территорию.
[Groups.stalkers.Exploring].Text-End-Standart-Victory;Победа! Вскоре группировка сталкеров стала активно сотрудничать со всеми учеными внутри Зоны. Добыча частей тел мутантов, артефактов, замеры аномальной активности… Все стали таким образом зарабатывать себе на жизнь. За любыми документами из подземных лабораторий началась настоящая охота. Мало их добыть… Нужно еще как-то донести эти бумажки до ближайшего бункера Ученых. И не помогал тот факт, что бункеров стало на порядок больше. Охотники за головами – вот новый бич Зоны. Если кто-то узнает, что у какого-то сталкера хоть одна бумажка из лаборатории или, на крайний случай, мало-мальски ценный для ученых предмет… Его смело можно записывать в покойники. Он не дойдет ни до одного бункера. Люди в Зоне разделились на две группы – тот, кто добывает и тот, кто охотится на тех, кому удалось что-либо добыть. Повсюду стреляли. Постепенно в Зоне становилось всё опаснее и опаснее…
[Groups.stalkers.Growth].Text-End-Standart-Victory;Победа! Вскоре сталкеры создали правило, что в Зоне больше не будет каких-либо группировок, а тех, кто решал заняться бандитизмом - сдавали военным за Кордон. Зона стала открыта для изучения всем желающим. И менее опасна.
[Groups.stalkers.Growth].Text-End-Standart-Lose;Вольные сталкеры были полностью уничтожены, теперь Зону буду делить только группировки. Вольных сталкеров не осталось! Поражение!
[Groups.stalkers.Mercenary].Text-End-Standart-Victory;Победа! Вскоре группировка сталкеров стала всё больше и больше походить на обычных наёмников. Четкая иерархия разваливалась, группировка дробилась. «Заказы» стали править нынешним порядком. Убийства участились на столько, что Зона стала полна «профессиональными киллерами». Но пока люди грызлись между собой за так любимые ими деньги, Зона стала намного более опасной, так как на монстров обращали на много меньше внимания, чем следует. Поговаривали, что на Кордоне уже несколько раз видели новых неизвестных ранее и крайней опасных монстров.
[Groups.stalkers.Sectarianism].Text-End-Standart-Victory;Победа! Вскоре группировка сталкеров стала всё больше и больше походить на сектантов. В «низах» ходили слухи, что «верхушка» находится под влиянием «некоторых сил с севера». В словах командиров всё больше мелькали фразы религиозного характера. Велись активные боевые действия с правительственными силами, чтобы расширить своё влияние за пределы периметра. С каждым днём всё больше и больше велась промывка мозгов среди участников группировки, но нашлись и те, кто смог устоять и защитить свой разум. Большинство из них находилось на юге, так как они не подпадали под воздействие пси установок, которые были снова включены. Назревал новый этап «Войны в Зоне»…
[Groups.stalkers.Stability].Text-End-Standart-Victory;Победа! Вскоре группировка сталкеров из-за отсутствия внешних врагов стало искать их внутри себя. Интриги, скандалы, расстрелы… Вот во что превратилась группировка. Задачи сталкеров скатились к охране и зачистке основных маршрутов в Зоне, а отдалённым участкам внимание практически не уделялось. Это привело к увеличению числа мутантов и тех, кто сбежал туда от всей этой внутренней грызни. С Учеными и Военными группировка сотрудничала, но не особо охотно, что наводило государственные силы на мысль о создании новой базы внутри периметра, что могло привести к новым столкновениям внутри периметра Зоны…
[Groups.stalkers.Stalkers].Text-End-Standart-Victory;Победа! Вскоре сталкеры создали правило, что в Зоне больше не будет каких-либо группировок, а тех, кто решал заняться бандитизмом - сдавали военным за Кордон. Зона стала открыта для изучения всем желающим. И менее опасна.
[Groups.stalkers.Stalkers].Text-End-Standart-Lose;Вольные сталкеры были полностью уничтожены, теперь Зону буду делить только группировки. Вольных сталкеров не осталось! Поражение!
[Groups.stalkers.Unknow].Text-End-Standart-Victory;Победа! Вскоре сталкеры создали правило, что в Зоне больше не будет каких-либо группировок, а тех, кто решал заняться бандитизмом - сдавали военным за Кордон. Зона стала открыта для изучения всем желающим. И менее опасна.
[Groups.stalkers.Unknow].Text-End-Standart-Lose;Вольные сталкеры были полностью уничтожены, теперь Зону буду делить только группировки. Вольных сталкеров не осталось! Поражение!
[Groups.stalkers.Zombie].Text-End-Standart-Victory;Победа! Теперь О-Сознание в безопасности. Вскоре пси-излучение покрыло всю Зону благодаря увеличению числа излучателей. Даже Кордон стал опасен. Правительство хоть и не выпускало мутантов из Зоны, но больше не пыталось вернуть ее...
