[Leaders.Leader-4].Name;Генерал Воронин
[Leaders.Leader-5].Name;Лукаш
[Leaders.Leader-6].Name;Харон
[SpecialEvents.Burst].Name;Сверхвыброс!
[SpecialEvents.Burst].Desc-Yes;В Зоне произошел сильный выброс. Мутанты стали более активными и похоже где-то могут начать буйствовать. Наши бойцы успешно пережили выброс, но даже в укрытиях им было тяжело, поэтому в расход пошло следующее число медикаментов
[SpecialEvents.Burst].Desc-No;В Зоне произошел сильный выброс. Мутанты стали более активными и похоже где-то могут начать буйствовать. Некоторые бойцы не смогли пережить выброс, из-за нехватки медикаментов, которые они были вынуждены использовать даже в укрытиях
[Advisors.Advisor-Mutants-1].Name;Неизвестно
[Advisors.Advisor-Stalkers-1].Name;Неизвестно
[Advisors.Advisor-Soldiers-1].Name;Неизвестно
[Advisors.Advisor-Duty-1].Name;Неизвестно
[Advisors.Advisor-Freedom-1].Name;Неизвестно
[Advisors.Advisor-Monolith-1].Name;Неизвестно
[Advisors.Advisor-Zombie-1].Name;Неизвестно
[Advisors.Advisor-Mutants-KolRazum].Name;Коллективный разум
[Advisors.Advisor-Stalkers-Wolf].Name;Волк
[Advisors.Advisor-Stalkers-Shustriy].Name;Шустрый
[Advisors.Advisor-Stalkers-Fanat].Name;Фанат
[Advisors.Advisor-Stalkers-Bes].Name;Бес
[Advisors.Advisor-Stalkers-Urik].Name;Юрик
[Advisors.Advisor-Stalkers-Seriy].Name;Серый
[Advisors.Advisor-Stalkers-Demon].Name;Олег «Демон» Гусаров
[Advisors.Advisor-Stalkers-Upir].Name;Упырь
[Advisors.Advisor-Stalkers-Arni].Name;Арни
[Advisors.Advisor-Stalkers-Krot].Name;Крот
[Advisors.Advisor-Stalkers-Lis].Name;Лис
[Advisors.Advisor-Stalkers-Diodor].Name;Отец Диодор
[Advisors.Advisor-Stalkers-Chuchelo].Name;Чучело
[Advisors.Advisor-Stalkers-Provodnik].Name;Проводник
[Advisors.Advisor-Soldiers-Kuznecov].Name;Майор Кузнецов
[Advisors.Advisor-Soldiers-Capitan].Name;Капитан
[Advisors.Advisor-Soldiers-Chuguykin].Name;Лейтенант Чугуйкин
[Advisors.Advisor-Soldiers-Specialist].Name;Специалист
[Advisors.Advisor-Soldiers-Poproshayko].Name;Майор Попрошайко
[Advisors.Advisor-Duty-Petrenko].Name;Полковник Петренко
[Advisors.Advisor-Duty-Cherep].Name;Череп
[Advisors.Advisor-Duty-Ivancov].Name;Капитан Иванцов
[Advisors.Advisor-Duty-Plichko].Name;Сержант Пличко
[Advisors.Advisor-Duty-Kizenko].Name;Сержант Киценко
[Advisors.Advisor-Duty-Prapor].Name;Прапор
[Advisors.Advisor-Duty-Lohmatiy].Name;Сергей Лохматый
[Advisors.Advisor-Duty-Barin].Name;Барин
[Advisors.Advisor-Duty-Pulya].Name;Пуля
[Advisors.Advisor-Freedom-Ugrumiy].Name;Угрюмый
[Advisors.Advisor-Freedom-Kep].Name;КЭП
[Advisors.Advisor-Freedom-Skryaga].Name;Скряга
[Advisors.Advisor-Freedom-Max].Name;Макс
[Advisors.Advisor-Freedom-Povar].Name;Повар
[Advisors.Advisor-Freedom-Pavlik].Name;Павлик
[Advisors.Advisor-Monolith-Propovednik].Name;Проповедник
[Advisors.Advisor-Monolith-Molitvennik].Name;Молитвенник
[Advisors.Advisor-Monolith-Messiya].Name;Мессия
[Advisors.Advisor-Zombie-Kontroler].Name;Контролер
[Achievements.Achiv-1].Name;Свободу всем даром!
[Achievements.Achiv-1].Desc;Получено новое достижение! Пережить уничтожение группировки Долг играя за Свободу.
[Achievements.Achiv-1].Desc-Logo;Пережить уничтожение группировки Долг играя за Свободу.
[Achievements.Achiv-2].Name;Защитим мир от Зоны!
[Achievements.Achiv-2].Desc;Получено новое достижение! Пережить уничтожение группировки Свобода играя за Долг.
[Achievements.Achiv-2].Desc-Logo;Пережить уничтожение группировки Свобода играя за Долг.
[Achievements.Achiv-3].Name;Отец мой Монолит!
[Achievements.Achiv-3].Desc;Получено новое достижение! Захватить ЧАЭС, Припять и Радар за группировку Монолит на уровне сложности Опытный или выше.
[Achievements.Achiv-3].Desc-Logo;Захватить ЧАЭС, Припять и Радар за группировку Монолит на уровне сложности Опытный или выше.
[Achievements.Achiv-4].Name;Прорыв!
[Achievements.Achiv-4].Desc;Получено новое достижение! Захватить локации Радар и Припять за группировку Долг или Свободу в течении первых 13 ходов.
[Achievements.Achiv-4].Desc-Logo;Захватить локации Радар и Припять за группировку Долг или Свободу в течении первых 13 ходов.
[Achievements.Achiv-5].Name;Условно-боевой!
[Achievements.Achiv-5].Desc;Получено новое достижение! Принять идеологию Законность за группировку Долг и продержаться 1 ход.
[Achievements.Achiv-5].Desc-Logo;Принять идеологию Законность за группировку Долг и продержаться 1 ход.
[Achievements.Achiv-6].Name;Кэш важнее!
[Achievements.Achiv-6].Desc;Получено новое достижение! Принять идеологию Наёмничество за группировку Свобода и продержаться 1 ход.
[Achievements.Achiv-6].Desc-Logo;Принять идеологию Наёмничество за группировку Свобода и продержаться 1 ход.
[Traders.World].Name;Внешний мир
[Traders.World].NeedText;Связь с внешним миром не всегда удается установить. Шанс 50%. Цена попытки установить связь:
[Traders.YourGroup].Name;Торговец вашей группировки
[Traders.YourGroup].NeedText;Вы всегда можете поторговать со своим торговцем. Цена:
[Traders.OtherGroup].Name;Торговец чужой группировки
[Traders.OtherGroup].NeedText;Чтобы торговать с чужими группировками сначала выберите на карте чужую территорию
[Traders.Trader2].Name;Бармен
[Traders.Trader2].NeedText;Бармен будет доступен при условии контролирования территории Перекресток локации Радар. Цена:
[StoryEvents.Event-Radar-1].Name;Меченый продолжает идти
[StoryEvents.Event-Radar-1].Desc-Owner;На нашей территории %0:s на локации %1:s замечен сталкер Меченый. Наш гарнизон пропустил его.
[StoryEvents.Event-Radar-1].Desc-NonOwner;Ходят слухи, что сталкер Меченый был замечен на территории %0:s локации %1:s
[StoryEvents.Event-Radar-2].Name;Меченый напал на гарнизон территории
[StoryEvents.Event-Radar-2].Desc-Owner;Наши патрули наткнулись на сталкера с прозвищем Меченый. Мы проиграли бой на территории %0:s локации %1:s... Наши потери:
[StoryEvents.Event-Radar-2].Desc-NonOwner;Ходят слухи, что сталкер Меченый был замечен на территории %0:s локации %1:s
[StoryEvents.Event-Radar-SoldiersIsDie-1].Name;Судьба отряда Вепрь
[StoryEvents.Event-Radar-SoldiersIsDie-1].Desc-Owner;Отряд Военных, который внезапно оказался на территории %0:s локации %1:s был уничтожен сталкером Меченым!
[StoryEvents.Event-Radar-SoldiersIsDie-1].Desc-NonOwner;Поступила информация, что на территории %0:s локации %1:s был бой с отрядом Военных. Среди того отряда выживших нет.
[StoryEvents.Event-Radar-ChangeZoneOwner-1].Name;Технический ивент
[StoryEvents.Event-Radar-ChangeZoneOwner-1].Desc-Owner;Если вы видите эо сообщение, то это баг ивента Event-Radar-ChangeZoneOwner-1!
[StoryEvents.Event-Radar-ChangeZoneOwner-1].Desc-NonOwner;Если вы видите эо сообщение, то это баг ивента Event-Radar-ChangeZoneOwner-1!
[StoryEvents.Event-Radar-Invasion-0].Name;Отряд Одиночек
[StoryEvents.Event-Radar-Invasion-0].Desc-Owner;Территорию %0:s локации %1:s штурмует отряд группировки Одиночки!
[StoryEvents.Event-Radar-Invasion-0].Desc-NonOwner;К нам поступила информация, что территорию %0:s локации %1:s штурмует отряд группировки Одиночки!
[StoryEvents.Event-Radar-Invasion-1].Name;Отряд Долга
[StoryEvents.Event-Radar-Invasion-1].Desc-Owner;Территорию %0:s локации %1:s штурмует отряд группировки Долг!
[StoryEvents.Event-Radar-Invasion-1].Desc-NonOwner;К нам поступила информация, что территорию %0:s локации %1:s штурмует отряд группировки Долг!
[StoryEvents.Event-Radar-Invasion-2].Name;Отряд Свободы
[StoryEvents.Event-Radar-Invasion-2].Desc-Owner;Территорию %0:s локации %1:s штурмует отряд группировки Свобода!
[StoryEvents.Event-Radar-Invasion-2].Desc-NonOwner;К нам поступила информация, что территорию %0:s локации %1:s штурмует отряд группировки Свобода!
[StoryEvents.Event-Radar-3].Name;Меченый продолжает идти
[StoryEvents.Event-Radar-3].Desc-Owner;На нашей территории %0:s на локации %1:s замечен сталкер Меченый. Наш гарнизон пропустил его.
[StoryEvents.Event-Radar-3].Desc-NonOwner;Ходят слухи, что сталкер Меченый был замечен на территории %0:s локации %1:s
[StoryEvents.Event-Radar-4].Name;Меченый напал на гарнизон территории
[StoryEvents.Event-Radar-4].Desc-Owner;Наши патрули наткнулись на сталкера с прозвищем Меченый. Мы проиграли бой на территории %0:s локации %1:s... Наши потери:
[StoryEvents.Event-Radar-4].Desc-NonOwner;Ходят слухи, что сталкер Меченый был замечен на территории %0:s локации %1:s
[StoryEvents.Event-Radar-AddUnits-1].Name;Прибыло подкрепление
[StoryEvents.Event-Radar-AddUnits-1].Desc-Owner;На территорию %0:s локации %1:s прибыло подкрепление с базы!
[StoryEvents.Event-Radar-AddUnits-1].Desc-NonOwner;Если вы это видите, то это баг ивента Event-Radar-AddUnits-1
[StoryEvents.Event-Radar-Invasion-3].Name;Отряд Долга
[StoryEvents.Event-Radar-Invasion-3].Desc-Owner;Территорию %0:s локации %1:s повторно штурмует отряд группировки Долг!
[StoryEvents.Event-Radar-Invasion-3].Desc-NonOwner;К нам поступила информация, что территорию %0:s локации %1:s повторно штурмует отряд группировки Долг!
[StoryEvents.Event-Radar-Invasion-4].Name;Военный отряд
[StoryEvents.Event-Radar-Invasion-4].Desc-Owner;Территорию %0:s локации %1:s штурмует отряд Военных!
[StoryEvents.Event-Radar-Invasion-4].Desc-NonOwner;К нам поступила информация, что территорию %0:s локации %1:s штурмует отряд группировки Военных!
[StoryEvents.Event-Radar-AddUnits-2].Name;Прибыло подкрепление
[StoryEvents.Event-Radar-AddUnits-2].Desc-Owner;На территорию %0:s локации %1:s прибыло подкрепление с базы!
[StoryEvents.Event-Radar-AddUnits-2].Desc-NonOwner;Если вы это видите, то это баг ивента Event-Radar-AddUnits-2
[StoryEvents.Event-Radar-Invasion-5].Name;Отряд Свободы
[StoryEvents.Event-Radar-Invasion-5].Desc-Owner;Территорию %0:s локации %1:s повторно штурмует отряд группировки Свобода!
[StoryEvents.Event-Radar-Invasion-5].Desc-NonOwner;К нам поступила информация, что территорию %0:s локации %1:s повторно штурмует отряд группировки Свобода!
[StoryEvents.Event-Radar-5].Name;Меченый продолжает идти
[StoryEvents.Event-Radar-5].Desc-Owner;На нашей территории %0:s на локации %1:s замечен сталкер Меченый. Наш гарнизон пропустил его.
[StoryEvents.Event-Radar-5].Desc-NonOwner;Ходят слухи, что сталкер Меченый был замечен на территории %0:s локации %1:s
[StoryEvents.Event-Radar-6].Name;Меченый напал на гарнизон территории
[StoryEvents.Event-Radar-6].Desc-Owner;Наши патрули наткнулись на сталкера с прозвищем Меченый. Мы проиграли бой на территории %0:s локации %1:s... Наши потери:
[StoryEvents.Event-Radar-6].Desc-NonOwner;Ходят слухи, что сталкер Меченый был замечен на территории %0:s локации %1:s
[StoryEvents.Event-Radar-Mickluha].Name;Миклуха выжил!
[StoryEvents.Event-Radar-Mickluha].Desc-Owner;Отличная новость! На территории %0:s локации %1:s обнаружены остатки отряда Миклухи! Миклуха жив и отправляется на продолжительное лечение и отдых. Скоро он снова сможет возглавить группировку. Данная новость добавила энтузиазма всем бойцам!
[StoryEvents.Event-Radar-Mickluha].Desc-NonOwner;Ходят слухи, что на территории %0:s локации %1:s были обнаружены остатки отряда Миклухи, который будучи лидером группировки Свобода отправился около месяца назад к Радару и не вернулся. Миклуха выжил, но ему требуется лечение и отдых, поэтому Лукаш пока что продолжает управлять Свободой.
[StoryEvents.Event-Radar-AddUnits-4].Name;Прибыло подкрепление
[StoryEvents.Event-Radar-AddUnits-4].Desc-Owner;На территорию %0:s локации %1:s прибыло подкрепление!
[StoryEvents.Event-Radar-AddUnits-4].Desc-NonOwner;Если вы это видите, то это баг ивента Event-Radar-AddUnits-4
[StoryEvents.Event-Radar-Invasion-6].Name;Прорыв сталкеров
[StoryEvents.Event-Radar-Invasion-6].Desc-Owner;Территорию %0:s локации %1:s штурмует отряд группировки Одиночки!
[StoryEvents.Event-Radar-Invasion-6].Desc-NonOwner;К нам поступила информация, что территорию %0:s локации %1:s штурмует отряд группировки Одиночки!
[StoryEvents.Event-Radar-7].Name;Меченый продолжает идти
[StoryEvents.Event-Radar-7].Desc-Owner;На нашей территории %0:s на локации %1:s замечен сталкер Меченый. Наш гарнизон пропустил его.
[StoryEvents.Event-Radar-7].Desc-NonOwner;Ходят слухи, что сталкер Меченый был замечен на территории %0:s локации %1:s
[StoryEvents.Event-Radar-8].Name;Меченый напал на гарнизон территории
[StoryEvents.Event-Radar-8].Desc-Owner;Наши патрули наткнулись на сталкера с прозвищем Меченый. Мы проиграли бой на территории %0:s локации %1:s... Наши потери:
[StoryEvents.Event-Radar-8].Desc-NonOwner;Ходят слухи, что сталкер Меченый был замечен на территории %0:s локации %1:s
[StoryEvents.Event-Pripyat-SetFlag1-1].Name;Технический ивент
[StoryEvents.Event-Pripyat-SetFlag1-1].Desc-Owner;Если вы это видите, то это баг ивента Event-Pripyat-SetFlag1-1
[StoryEvents.Event-Pripyat-SetFlag1-1].Desc-NonOwner;Если вы это видите, то это баг ивента Event-Pripyat-SetFlag1-1
[StoryEvents.Event-Pripyat-SetFlag1-2].Name;Технический ивент
[StoryEvents.Event-Pripyat-SetFlag1-2].Desc-Owner;Если вы это видите, то это баг ивента Event-Pripyat-SetFlag1-1
[StoryEvents.Event-Pripyat-SetFlag1-2].Desc-NonOwner;Если вы это видите, то это баг ивента Event-Pripyat-SetFlag1-1
[StoryEvents.Event-StartOperationMonolith].Name;"Операция ""Монолит"""
[StoryEvents.Event-StartOperationMonolith].Desc-Owner;"К нам поступила информация, что вертолёты, которые летят к ЧАЭС это часть масштабной операции Военных под кодовым названием ""Монолит"". Похоже это начало масштабного штурма!"
[StoryEvents.Event-StartOperationMonolith].Desc-NonOwner;"Руководство Военных начинают операцию ""Монолит"" на севере Зоны!"
[StoryEvents.Event-Pripyat-Invasion-1].Name;В Припяти сбит вертолёт
[StoryEvents.Event-Pripyat-Invasion-1].Desc-Owner;Территорию %0:s локации %1:s штурмует отряд Военных, часть которого уцелела при аварийной посадке вертолёта!
[StoryEvents.Event-Pripyat-Invasion-1].Desc-NonOwner;К нам поступила информация, что территорию %0:s локации %1:s штурмует остатки отряда группировки Военных, которые уцелели при аварийной посадке подбитого вертолёта!
[StoryEvents.Event-Pripyat-SetFlag4-1].Name;Технический ивент
[StoryEvents.Event-Pripyat-SetFlag4-1].Desc-Owner;Если вы это видите, то это баг ивента Event-Pripyat-SetFlag4-1
[StoryEvents.Event-Pripyat-SetFlag4-1].Desc-NonOwner;Если вы это видите, то это баг ивента Event-Pripyat-SetFlag4-1
[StoryEvents.Event-Pripyat-Invasion-2].Name;Группа прорыва
[StoryEvents.Event-Pripyat-Invasion-2].Desc-Owner;Территорию %0:s локации %1:s штурмует отряд Одиночек!
[StoryEvents.Event-Pripyat-Invasion-2].Desc-NonOwner;К нам поступила информация, что территорию %0:s локации %1:s штурмует отряд группировки Одиночки!
[StoryEvents.Event-Pripyat-1].Name;Меченый продолжает идти
[StoryEvents.Event-Pripyat-1].Desc-Owner;На нашей территории %0:s на локации %1:s замечен сталкер Меченый. Наш гарнизон пропустил его.
[StoryEvents.Event-Pripyat-1].Desc-NonOwner;Ходят слухи, что сталкер Меченый был замечен на территории %0:s локации %1:s
[StoryEvents.Event-Pripyat-2].Name;Меченый напал на гарнизон территории
[StoryEvents.Event-Pripyat-2].Desc-Owner;Наши патрули наткнулись на сталкера с прозвищем Меченый. Мы проиграли бой на территории %0:s локации %1:s... Наши потери:
[StoryEvents.Event-Pripyat-2].Desc-NonOwner;Ходят слухи, что сталкер Меченый был замечен на территории %0:s локации %1:s
[StoryEvents.Event-Pripyat-SetFlag2-1].Name;Технический ивент
[StoryEvents.Event-Pripyat-SetFlag2-1].Desc-Owner;Если вы это видите, то это баг ивента Event-Pripyat-SetFlag2-1
[StoryEvents.Event-Pripyat-SetFlag2-1].Desc-NonOwner;Если вы это видите, то это баг ивента Event-Pripyat-SetFlag2-1
[StoryEvents.Event-Pripyat-SetFlag3-1].Name;Технический ивент
[StoryEvents.Event-Pripyat-SetFlag3-1].Desc-Owner;Если вы это видите, то это баг ивента Event-Pripyat-SetFlag3-1
[StoryEvents.Event-Pripyat-SetFlag3-1].Desc-NonOwner;Если вы это видите, то это баг ивента Event-Pripyat-SetFlag3-1
[StoryEvents.Event-Pripyat-Invasion-3].Name;Передовой отряд Долга
[StoryEvents.Event-Pripyat-Invasion-3].Desc-Owner;Территорию %0:s локации %1:s штурмует отряд группировки Долг!
[StoryEvents.Event-Pripyat-Invasion-3].Desc-NonOwner;К нам поступила информация, что территорию %0:s локации %1:s штурмует отряд группировки Долг!
[StoryEvents.Event-Pripyat-Invasion-4].Name;Передовой отряд Свободы
[StoryEvents.Event-Pripyat-Invasion-4].Desc-Owner;Территорию %0:s локации %1:s штурмует отряд группировки Свобода!
[StoryEvents.Event-Pripyat-Invasion-4].Desc-NonOwner;К нам поступила информация, что территорию %0:s локации %1:s штурмует отряд группировки Свобода!
[StoryEvents.Event-Pripyat-3].Name;Меченый продолжает идти
[StoryEvents.Event-Pripyat-3].Desc-Owner;На нашей территории %0:s на локации %1:s замечен сталкер Меченый. Наш гарнизон пропустил его.
[StoryEvents.Event-Pripyat-3].Desc-NonOwner;Ходят слухи, что сталкер Меченый был замечен на территории %0:s локации %1:s
[StoryEvents.Event-Pripyat-4].Name;Меченый напал на гарнизон территории
[StoryEvents.Event-Pripyat-4].Desc-Owner;Наши патрули наткнулись на сталкера с прозвищем Меченый. Мы проиграли бой на территории %0:s локации %1:s... Наши потери:
[StoryEvents.Event-Pripyat-4].Desc-NonOwner;Ходят слухи, что сталкер Меченый был замечен на территории %0:s локации %1:s
[StoryEvents.Event-Pripyat-5].Name;Меченый продолжает идти
[StoryEvents.Event-Pripyat-5].Desc-Owner;На нашей территории %0:s на локации %1:s замечен сталкер Меченый. Наш гарнизон пропустил его.
[StoryEvents.Event-Pripyat-5].Desc-NonOwner;Ходят слухи, что сталкер Меченый был замечен на территории %0:s локации %1:s
[StoryEvents.Event-Pripyat-6].Name;Меченый напал на гарнизон территории
[StoryEvents.Event-Pripyat-6].Desc-Owner;Наши патрули наткнулись на сталкера с прозвищем Меченый. Мы проиграли бой на территории %0:s локации %1:s... Наши потери:
[StoryEvents.Event-Pripyat-6].Desc-NonOwner;Ходят слухи, что сталкер Меченый был замечен на территории %0:s локации %1:s
[StoryEvents.Event-Pripyat-Helicopter].Name;Сбит вертолёт!
[StoryEvents.Event-Pripyat-Helicopter].Desc-Owner;На территории %0:s локации %1:s нам удалось сбить вертолёт неверных! Отомстим за братьев наших!
[StoryEvents.Event-Pripyat-Helicopter].Desc-NonOwner;Ходят слухи, что на территории %0:s локации %1:s был сбит вертолёт!
[StoryEvents.Event-Pripyat-7].Name;Меченый продолжает идти
[StoryEvents.Event-Pripyat-7].Desc-Owner;На нашей территории %0:s на локации %1:s замечен сталкер Меченый. Наш гарнизон пропустил его.
[StoryEvents.Event-Pripyat-7].Desc-NonOwner;Ходят слухи, что сталкер Меченый был замечен на территории %0:s локации %1:s
[StoryEvents.Event-Pripyat-8].Name;Меченый напал на гарнизон территории
[StoryEvents.Event-Pripyat-8].Desc-Owner;Наши патрули наткнулись на сталкера с прозвищем Меченый. Мы проиграли бой на территории %0:s локации %1:s... Наши потери:
[StoryEvents.Event-Pripyat-8].Desc-NonOwner;Ходят слухи, что сталкер Меченый был замечен на территории %0:s локации %1:s
[StoryEvents.Event-Pripyat-9].Name;Меченый продолжает идти
[StoryEvents.Event-Pripyat-9].Desc-Owner;На нашей территории %0:s на локации %1:s замечен сталкер Меченый. Наш гарнизон пропустил его.
[StoryEvents.Event-Pripyat-9].Desc-NonOwner;Ходят слухи, что сталкер Меченый был замечен на территории %0:s локации %1:s
[StoryEvents.Event-Pripyat-10].Name;Меченый напал на гарнизон территории
[StoryEvents.Event-Pripyat-10].Desc-Owner;Наши патрули наткнулись на сталкера с прозвищем Меченый. Мы проиграли бой на территории %0:s локации %1:s... Наши потери:
[StoryEvents.Event-Pripyat-10].Desc-NonOwner;Ходят слухи, что сталкер Меченый был замечен на территории %0:s локации %1:s
[StoryEvents.Event-Pripyat-11].Name;Меченый продолжает идти
[StoryEvents.Event-Pripyat-11].Desc-Owner;На нашей территории %0:s на локации %1:s замечен сталкер Меченый. Наш гарнизон пропустил его.
[StoryEvents.Event-Pripyat-11].Desc-NonOwner;Ходят слухи, что сталкер Меченый был замечен на территории %0:s локации %1:s
[StoryEvents.Event-Pripyat-12].Name;Меченый напал на гарнизон территории
[StoryEvents.Event-Pripyat-12].Desc-Owner;Наши патрули наткнулись на сталкера с прозвищем Меченый. Мы проиграли бой на территории %0:s локации %1:s... Наши потери:
[StoryEvents.Event-Pripyat-12].Desc-NonOwner;Ходят слухи, что сталкер Меченый был замечен на территории %0:s локации %1:s
[StoryEvents.Event-Pripyat-13].Name;Меченый продолжает идти
[StoryEvents.Event-Pripyat-13].Desc-Owner;На нашей территории %0:s на локации %1:s замечен сталкер Меченый. Наш гарнизон пропустил его.
[StoryEvents.Event-Pripyat-13].Desc-NonOwner;Ходят слухи, что сталкер Меченый был замечен на территории %0:s локации %1:s
[StoryEvents.Event-Pripyat-14].Name;Меченый напал на гарнизон территории
[StoryEvents.Event-Pripyat-14].Desc-Owner;Наши патрули наткнулись на сталкера с прозвищем Меченый. Мы проиграли бой на территории %0:s локации %1:s... Наши потери:
[StoryEvents.Event-Pripyat-14].Desc-NonOwner;Ходят слухи, что сталкер Меченый был замечен на территории %0:s локации %1:s
[StoryEvents.Event-Pripyat-SetFlag1-3].Name;Технический ивент
[StoryEvents.Event-Pripyat-SetFlag1-3].Desc-Owner;Если вы это видите, то это баг ивента Event-Radar-SetFlag1-2
[StoryEvents.Event-Pripyat-SetFlag1-3].Desc-NonOwner;Если вы это видите, то это баг ивента Event-Radar-SetFlag1-2
[StoryEvents.Event-Pripyat-SetFlag1-4].Name;Технический ивент
[StoryEvents.Event-Pripyat-SetFlag1-4].Desc-Owner;Если вы это видите, то это баг ивента Event-Pripyat-SetFlag1-3
[StoryEvents.Event-Pripyat-SetFlag1-4].Desc-NonOwner;Если вы это видите, то это баг ивента Event-Pripyat-SetFlag1-3
[StoryEvents.Event-OperationMonolith-HelicopterAttack-1].Name;Атака веролётом
[StoryEvents.Event-OperationMonolith-HelicopterAttack-1].Desc-Owner;Территорию %0:s локации %1:s обстрелял вертолёт Военных!
[StoryEvents.Event-OperationMonolith-HelicopterAttack-1].Desc-NonOwner;Если вы это видите, то это баг ивента Event-OperationMonolith-HelicopterAttack-1
[StoryEvents.Event-OperationMonolith-Invasion-1].Name;Операция Монолит. Квартет.
[StoryEvents.Event-OperationMonolith-Invasion-1].Desc-Owner;Территорию %0:s локации %1:s штурмуют Военные!
[StoryEvents.Event-OperationMonolith-Invasion-1].Desc-NonOwner;К нам поступила информация, что территорию %0:s локации %1:s штурмуют Военные!
[StoryEvents.Event-OperationMonolith-HelicopterAttack-2].Name;Атака веролётом
[StoryEvents.Event-OperationMonolith-HelicopterAttack-2].Desc-Owner;Территорию %0:s локации %1:s обстрелял вертолёт Военных!
[StoryEvents.Event-OperationMonolith-HelicopterAttack-2].Desc-NonOwner;Если вы это видите, то это баг ивента Event-OperationMonolith-HelicopterAttack-2
[StoryEvents.Event-OperationMonolith-HelicopterAttack-3].Name;Атака веролётом
[StoryEvents.Event-OperationMonolith-HelicopterAttack-3].Desc-Owner;Территорию %0:s локации %1:s обстрелял вертолёт Военных!
[StoryEvents.Event-OperationMonolith-HelicopterAttack-3].Desc-NonOwner;Если вы это видите, то это баг ивента Event-OperationMonolith-HelicopterAttack-3
[StoryEvents.Event-OperationMonolith-Bridge-1].Name;Битва у моста
[StoryEvents.Event-OperationMonolith-Bridge-1].Desc-Owner;На территории %0:s локации %1:s мы разбили колонну Военных! Нам пришлось потратить следующее число боеприпасов:
[StoryEvents.Event-OperationMonolith-Bridge-1].Desc-NonOwner;На территории %0:s локации %1:s была полностью разбита колонна бронетехники Военных!
[StoryEvents.Event-CHAES-1].Name;Меченый продолжает идти
[StoryEvents.Event-CHAES-1].Desc-Owner;На нашей территории %0:s на локации %1:s замечен сталкер Меченый. Наш гарнизон пропустил его.
[StoryEvents.Event-CHAES-1].Desc-NonOwner;Ходят слухи, что сталкер Меченый был замечен на территории %0:s локации %1:s
[StoryEvents.Event-CHAES-2].Name;Меченый напал на гарнизон территории
[StoryEvents.Event-CHAES-2].Desc-Owner;Наши патрули наткнулись на сталкера с прозвищем Меченый. Мы проиграли бой на территории %0:s локации %1:s... Наши потери:
[StoryEvents.Event-CHAES-2].Desc-NonOwner;Ходят слухи, что сталкер Меченый был замечен на территории %0:s локации %1:s
[StoryEvents.Event-OperationMonolith-HelicopterAttack-4].Name;Атака веролётом
[StoryEvents.Event-OperationMonolith-HelicopterAttack-4].Desc-Owner;Территорию %0:s локации %1:s обстрелял вертолёт Военных!
[StoryEvents.Event-OperationMonolith-HelicopterAttack-4].Desc-NonOwner;Если вы это видите, то это баг ивента Event-OperationMonolith-HelicopterAttack-4
[StoryEvents.Event-OperationMonolith-Invasion-2].Name;Отряд Коршун
[StoryEvents.Event-OperationMonolith-Invasion-2].Desc-Owner;Территорию %0:s локации %1:s штурмует отряд Военных!
[StoryEvents.Event-OperationMonolith-Invasion-2].Desc-NonOwner;К нам поступила информация, что территорию %0:s локации %1:s штурмует отряд Военных!
[StoryEvents.Event-OperationMonolith-HelicopterShotdown-1].Name;Сбит вертолёт
[StoryEvents.Event-OperationMonolith-HelicopterShotdown-1].Desc-Owner;Над локацией %1:s был сбит вертолёт Военных!
[StoryEvents.Event-OperationMonolith-HelicopterShotdown-1].Desc-NonOwner;Над локацией %1:s был сбит вертолёт Военных!
[StoryEvents.Event-OperationMonolith-Invasion-3].Name;Отряд Сапсан
[StoryEvents.Event-OperationMonolith-Invasion-3].Desc-Owner;Территорию %0:s локации %1:s штурмует отряд Военных!
[StoryEvents.Event-OperationMonolith-Invasion-3].Desc-NonOwner;К нам поступила информация, что территорию %0:s локации %1:s штурмует отряд Военных!
[StoryEvents.Event-OperationMonolith-Reinforcement-1].Name;Отряд Ястреб
[StoryEvents.Event-OperationMonolith-Reinforcement-1].Desc-Owner;Территорию %0:s локации %1:s прибыло подкрепление!
[StoryEvents.Event-OperationMonolith-Reinforcement-1].Desc-NonOwner;К нам поступила информация, что территорию %0:s локации %1:s прибыл еще один отряд Военных!
[StoryEvents.Event-OperationMonolith-Invasion-4].Name;Отряд Ястреб
[StoryEvents.Event-OperationMonolith-Invasion-4].Desc-Owner;Территорию %0:s локации %1:s штурмует отряд Военных!
[StoryEvents.Event-OperationMonolith-Invasion-4].Desc-NonOwner;К нам поступила информация, что территорию %0:s локации %1:s штурмует отряд Военных!
[StoryEvents.Event-CHAES-3].Name;Меченый продолжает идти
[StoryEvents.Event-CHAES-3].Desc-Owner;На нашей территории %0:s на локации %1:s замечен сталкер Меченый. Наш гарнизон пропустил его.
[StoryEvents.Event-CHAES-3].Desc-NonOwner;Ходят слухи, что сталкер Меченый был замечен на территории %0:s локации %1:s
[StoryEvents.Event-CHAES-4].Name;Меченый напал на гарнизон территории
[StoryEvents.Event-CHAES-4].Desc-Owner;Наши патрули наткнулись на сталкера с прозвищем Меченый. Мы проиграли бой на территории %0:s локации %1:s... Наши потери:
[StoryEvents.Event-CHAES-4].Desc-NonOwner;Ходят слухи, что сталкер Меченый был замечен на территории %0:s локации %1:s
[StoryEvents.Event-OperationMonolith-HelicopterAttack-5].Name;Атака веролётом
[StoryEvents.Event-OperationMonolith-HelicopterAttack-5].Desc-Owner;Территорию %0:s локации %1:s обстрелял вертолёт Военных!
[StoryEvents.Event-OperationMonolith-HelicopterAttack-5].Desc-NonOwner;Если вы это видите, то это баг ивента Event-OperationMonolith-HelicopterAttack-5
[StoryEvents.Event-OperationMonolith-Invasion-5].Name;Операция Монолит
[StoryEvents.Event-OperationMonolith-Invasion-5].Desc-Owner;Территорию %0:s локации %1:s штурмуют Военные!
[StoryEvents.Event-OperationMonolith-Invasion-5].Desc-NonOwner;К нам поступила информация, что территорию %0:s локации %1:s штурмуют Военные!
[StoryEvents.Event-OperationMonolith-HelicopterShotdown-2].Name;Сбит вертолёт
[StoryEvents.Event-OperationMonolith-HelicopterShotdown-2].Desc-Owner;Над локацией %1:s был сбит вертолёт Военных!
[StoryEvents.Event-OperationMonolith-HelicopterShotdown-2].Desc-NonOwner;Над локацией %1:s был сбит вертолёт Военных!
[StoryEvents.Event-OperationMonolith-HelicopterAttack-6].Name;Атака веролётом
[StoryEvents.Event-OperationMonolith-HelicopterAttack-6].Desc-Owner;Территорию %0:s локации %1:s обстрелял вертолёт Военных!
[StoryEvents.Event-OperationMonolith-HelicopterAttack-6].Desc-NonOwner;Если вы это видите, то это баг ивента Event-OperationMonolith-HelicopterAttack-6
[StoryEvents.Event-OperationMonolith-Reinforcement-2].Name;Отряд Сокол
[StoryEvents.Event-OperationMonolith-Reinforcement-2].Desc-Owner;Территорию %0:s локации %1:s прибыло подкрепление!
[StoryEvents.Event-OperationMonolith-Reinforcement-2].Desc-NonOwner;К нам поступила информация, что территорию %0:s локации %1:s прибыл еще один отряд Военных!
[StoryEvents.Event-OperationMonolith-Invasion-6].Name;Отряд Сокол
[StoryEvents.Event-OperationMonolith-Invasion-6].Desc-Owner;Территорию %0:s локации %1:s штурмует отряд Военных!
[StoryEvents.Event-OperationMonolith-Invasion-6].Desc-NonOwner;К нам поступила информация, что территорию %0:s локации %1:s штурмует отряд Военных!
[StoryEvents.Event-OperationMonolith-HelicopterAttack-7].Name;Атака веролётом
[StoryEvents.Event-OperationMonolith-HelicopterAttack-7].Desc-Owner;Территорию %0:s локации %1:s обстрелял вертолёт Военных!
[StoryEvents.Event-OperationMonolith-HelicopterAttack-7].Desc-NonOwner;Если вы это видите, то это баг ивента Event-OperationMonolith-HelicopterAttack-7
[StoryEvents.Event-OperationMonolith-Reinforcement-3].Name;Отряд Канюк
[StoryEvents.Event-OperationMonolith-Reinforcement-3].Desc-Owner;Территорию %0:s локации %1:s прибыло подкрепление!
[StoryEvents.Event-OperationMonolith-Reinforcement-3].Desc-NonOwner;К нам поступила информация, что территорию %0:s локации %1:s прибыл еще один отряд Военных!
[StoryEvents.Event-OperationMonolith-Invasion-7].Name;Отряд Канюк
[StoryEvents.Event-OperationMonolith-Invasion-7].Desc-Owner;Территорию %0:s локации %1:s штурмует отряд Военных!
[StoryEvents.Event-OperationMonolith-Invasion-7].Desc-NonOwner;К нам поступила информация, что территорию %0:s локации %1:s штурмует отряд Военных!
[StoryEvents.Event-CHAES-5].Name;Меченый продолжает идти
[StoryEvents.Event-CHAES-5].Desc-Owner;На нашей территории %0:s на локации %1:s замечен сталкер Меченый. Наш гарнизон пропустил его.
[StoryEvents.Event-CHAES-5].Desc-NonOwner;Ходят слухи, что сталкер Меченый был замечен на территории %0:s локации %1:s
[StoryEvents.Event-CHAES-6].Name;Меченый напал на гарнизон территории
[StoryEvents.Event-CHAES-6].Desc-Owner;Наши патрули наткнулись на сталкера с прозвищем Меченый. Мы проиграли бой на территории %0:s локации %1:s... Наши потери:
[StoryEvents.Event-CHAES-6].Desc-NonOwner;Ходят слухи, что сталкер Меченый был замечен на территории %0:s локации %1:s
[StoryEvents.Event-OperationMonolith-HelicopterAttack-8].Name;Атака веролётом
[StoryEvents.Event-OperationMonolith-HelicopterAttack-8].Desc-Owner;Территорию %0:s локации %1:s обстрелял вертолёт Военных!
[StoryEvents.Event-OperationMonolith-HelicopterAttack-8].Desc-NonOwner;Если вы это видите, то это баг ивента Event-OperationMonolith-HelicopterAttack-8
[StoryEvents.Event-OperationMonolith-Reinforcement-4].Name;Отряд Пустельга
[StoryEvents.Event-OperationMonolith-Reinforcement-4].Desc-Owner;Территорию %0:s локации %1:s прибыло подкрепление!
[StoryEvents.Event-OperationMonolith-Reinforcement-4].Desc-NonOwner;К нам поступила информация, что территорию %0:s локации %1:s прибыл еще один отряд Военных!
[StoryEvents.Event-OperationMonolith-Invasion-8].Name;Отряд Пустельга
[StoryEvents.Event-OperationMonolith-Invasion-8].Desc-Owner;Территорию %0:s локации %1:s штурмует отряд Военных!
[StoryEvents.Event-OperationMonolith-Invasion-8].Desc-NonOwner;К нам поступила информация, что территорию %0:s локации %1:s штурмует отряд Военных!
[StoryEvents.Event-OperationMonolith-BurstAlarm-1].Name;Приборы зашкаливают
[StoryEvents.Event-OperationMonolith-BurstAlarm-1].Desc-Owner;Внимание! Скоро состоится Выброс!
[StoryEvents.Event-OperationMonolith-BurstAlarm-1].Desc-NonOwner;Поступила информация, что скоро состоится Выброс! Измерительные приборы зашкаливают!
[StoryEvents.Event-OperationMonolith-HelicopterAttack-9].Name;Атака веролётом
[StoryEvents.Event-OperationMonolith-HelicopterAttack-9].Desc-Owner;Территорию %0:s локации %1:s обстрелял вертолёт Военных!
[StoryEvents.Event-OperationMonolith-HelicopterAttack-9].Desc-NonOwner;Если вы это видите, то это баг ивента Event-OperationMonolith-HelicopterAttack-9
[StoryEvents.Event-OperationMonolith-Reinforcement-5].Name;Отряд Лунь
[StoryEvents.Event-OperationMonolith-Reinforcement-5].Desc-Owner;Территорию %0:s локации %1:s прибыло подкрепление!
[StoryEvents.Event-OperationMonolith-Reinforcement-5].Desc-NonOwner;К нам поступила информация, что территорию %0:s локации %1:s прибыл еще один отряд Военных!
[StoryEvents.Event-OperationMonolith-Invasion-9].Name;Отряд Лунь
[StoryEvents.Event-OperationMonolith-Invasion-9].Desc-Owner;Территорию %0:s локации %1:s штурмует отряд Военных!
[StoryEvents.Event-OperationMonolith-Invasion-9].Desc-NonOwner;К нам поступила информация, что территорию %0:s локации %1:s штурмует отряд Военных!
[StoryEvents.Event-CHAES-7].Name;Меченый продолжает идти
[StoryEvents.Event-CHAES-7].Desc-Owner;На нашей территории %0:s на локации %1:s замечен сталкер Меченый. Наш гарнизон пропустил его.
[StoryEvents.Event-CHAES-7].Desc-NonOwner;Ходят слухи, что сталкер Меченый был замечен на территории %0:s локации %1:s
[StoryEvents.Event-CHAES-8].Name;Меченый напал на гарнизон территории
[StoryEvents.Event-CHAES-8].Desc-Owner;Наши патрули наткнулись на сталкера с прозвищем Меченый. Мы проиграли бой на территории %0:s локации %1:s... Наши потери:
[StoryEvents.Event-CHAES-8].Desc-NonOwner;Ходят слухи, что сталкер Меченый был замечен на территории %0:s локации %1:s
[StoryEvents.Event-OperationMonolith-HelicopterAttack-10].Name;Атака веролётом
[StoryEvents.Event-OperationMonolith-HelicopterAttack-10].Desc-Owner;Территорию %0:s локации %1:s обстрелял вертолёт Военных!
[StoryEvents.Event-OperationMonolith-HelicopterAttack-10].Desc-NonOwner;Если вы это видите, то это баг ивента Event-OperationMonolith-HelicopterAttack-10
[StoryEvents.Event-OperationMonolith-Reinforcement-6].Name;Отряд Сова
[StoryEvents.Event-OperationMonolith-Reinforcement-6].Desc-Owner;Территорию %0:s локации %1:s прибыло подкрепление!
[StoryEvents.Event-OperationMonolith-Reinforcement-6].Desc-NonOwner;К нам поступила информация, что территорию %0:s локации %1:s прибыл еще один отряд Военных!
[StoryEvents.Event-OperationMonolith-Invasion-10].Name;Отряд Сова
[StoryEvents.Event-OperationMonolith-Invasion-10].Desc-Owner;Территорию %0:s локации %1:s штурмует отряд Военных!
[StoryEvents.Event-OperationMonolith-Invasion-10].Desc-NonOwner;К нам поступила информация, что территорию %0:s локации %1:s штурмует отряд Военных!
[StoryEvents.Event-OperationMonolith-HelicopterAttack-11].Name;Атака веролётом
[StoryEvents.Event-OperationMonolith-HelicopterAttack-11].Desc-Owner;Территорию %0:s локации %1:s обстрелял вертолёт Военных!
[StoryEvents.Event-OperationMonolith-HelicopterAttack-11].Desc-NonOwner;Если вы это видите, то это баг ивента Event-OperationMonolith-HelicopterAttack-11
[StoryEvents.Event-OperationMonolith-Reinforcement-7].Name;Отряд Гриф
[StoryEvents.Event-OperationMonolith-Reinforcement-7].Desc-Owner;Территорию %0:s локации %1:s прибыло подкрепление!
[StoryEvents.Event-OperationMonolith-Reinforcement-7].Desc-NonOwner;К нам поступила информация, что территорию %0:s локации %1:s прибыл еще один отряд Военных!
[StoryEvents.Event-OperationMonolith-Invasion-11].Name;Отряд Гриф
[StoryEvents.Event-OperationMonolith-Invasion-11].Desc-Owner;Территорию %0:s локации %1:s штурмует отряд Военных!
[StoryEvents.Event-OperationMonolith-Invasion-11].Desc-NonOwner;К нам поступила информация, что территорию %0:s локации %1:s штурмует отряд Военных!
[StoryEvents.Event-CHAES-9].Name;Меченый продолжает идти
[StoryEvents.Event-CHAES-9].Desc-Owner;На нашей территории %0:s на локации %1:s замечен сталкер Меченый. Наш гарнизон пропустил его.
[StoryEvents.Event-CHAES-9].Desc-NonOwner;Ходят слухи, что сталкер Меченый был замечен на территории %0:s локации %1:s
[StoryEvents.Event-CHAES-10].Name;Меченый напал на гарнизон территории
[StoryEvents.Event-CHAES-10].Desc-Owner;Наши патрули наткнулись на сталкера с прозвищем Меченый. Мы проиграли бой на территории %0:s локации %1:s... Наши потери:
[StoryEvents.Event-CHAES-10].Desc-NonOwner;Ходят слухи, что сталкер Меченый был замечен на территории %0:s локации %1:s
[StoryEvents.Event-OperationMonolith-HelicopterShotdown-3].Name;Сбит вертолёт
[StoryEvents.Event-OperationMonolith-HelicopterShotdown-3].Desc-Owner;Над локацией %1:s был сбит вертолёт Военных!
[StoryEvents.Event-OperationMonolith-HelicopterShotdown-3].Desc-NonOwner;Над локацией %1:s был сбит вертолёт Военных!
[StoryEvents.Event-OperationMonolith-HelicopterShotdown-4].Name;Сбит еще один вертолёт
[StoryEvents.Event-OperationMonolith-HelicopterShotdown-4].Desc-Owner;Над локацией %1:s был сбит вертолёт Военных!
[StoryEvents.Event-OperationMonolith-HelicopterShotdown-4].Desc-NonOwner;Над локацией %1:s был сбит вертолёт Военных!
[StoryEvents.Event-OperationMonolith-Clearing-1].Name;Смена владельца на ЧАЭС
[StoryEvents.Event-OperationMonolith-Clearing-1].Desc-Owner;Если вы это видите, то это баг ивента Event-OperationMonolith-Clearing-1
[StoryEvents.Event-OperationMonolith-Clearing-1].Desc-NonOwner;Если вы это видите, то это баг ивента Event-OperationMonolith-Clearing-1
[StoryEvents.Event-OperationMonolith-Clearing-2].Name;Смена владельца на ЧАЭС
[StoryEvents.Event-OperationMonolith-Clearing-2].Desc-Owner;Если вы это видите, то это баг ивента Event-OperationMonolith-Clearing-2
[StoryEvents.Event-OperationMonolith-Clearing-2].Desc-NonOwner;Если вы это видите, то это баг ивента Event-OperationMonolith-Clearing-2
[StoryEvents.Event-OperationMonolith-Clearing-3].Name;Смена владельца на ЧАЭС
[StoryEvents.Event-OperationMonolith-Clearing-3].Desc-Owner;Если вы это видите, то это баг ивента Event-OperationMonolith-Clearing-3
[StoryEvents.Event-OperationMonolith-Clearing-3].Desc-NonOwner;Если вы это видите, то это баг ивента Event-OperationMonolith-Clearing-3
[StoryEvents.Event-OperationMonolith-Clearing-4].Name;Смена владельца на ЧАЭС
[StoryEvents.Event-OperationMonolith-Clearing-4].Desc-Owner;Если вы это видите, то это баг ивента Event-OperationMonolith-Clearing-4
[StoryEvents.Event-OperationMonolith-Clearing-4].Desc-NonOwner;Если вы это видите, то это баг ивента Event-OperationMonolith-Clearing-4
[StoryEvents.Event-OperationMonolith-Clearing-5].Name;Смена владельца на ЧАЭС
[StoryEvents.Event-OperationMonolith-Clearing-5].Desc-Owner;Если вы это видите, то это баг ивента Event-OperationMonolith-Clearing-5
[StoryEvents.Event-OperationMonolith-Clearing-5].Desc-NonOwner;Если вы это видите, то это баг ивента Event-OperationMonolith-Clearing-5
[StoryEvents.Event-OperationMonolith-Clearing-6].Name;Смена владельца на ЧАЭС
[StoryEvents.Event-OperationMonolith-Clearing-6].Desc-Owner;Если вы это видите, то это баг ивента Event-OperationMonolith-Clearing-6
[StoryEvents.Event-OperationMonolith-Clearing-6].Desc-NonOwner;Если вы это видите, то это баг ивента Event-OperationMonolith-Clearing-6
[StoryEvents.Event-OperationMonolith-Clearing-7].Name;Смена владельца на ЧАЭС
[StoryEvents.Event-OperationMonolith-Clearing-7].Desc-Owner;Если вы это видите, то это баг ивента Event-OperationMonolith-Clearing-7
[StoryEvents.Event-OperationMonolith-Clearing-7].Desc-NonOwner;Если вы это видите, то это баг ивента Event-OperationMonolith-Clearing-7
[StoryEvents.Event-OperationMonolith-Clearing-8].Name;Смена владельца на ЧАЭС
[StoryEvents.Event-OperationMonolith-Clearing-8].Desc-Owner;Если вы это видите, то это баг ивента Event-OperationMonolith-Clearing-8
[StoryEvents.Event-OperationMonolith-Clearing-8].Desc-NonOwner;Если вы это видите, то это баг ивента Event-OperationMonolith-Clearing-8
[StoryEvents.Event-OperationMonolith-Clearing-9].Name;Смена владельца на ЧАЭС
[StoryEvents.Event-OperationMonolith-Clearing-9].Desc-Owner;Если вы это видите, то это баг ивента Event-OperationMonolith-Clearing-9
[StoryEvents.Event-OperationMonolith-Clearing-9].Desc-NonOwner;Если вы это видите, то это баг ивента Event-OperationMonolith-Clearing-9
[StoryEvents.Event-OperationMonolith-Clearing-10].Name;Смена владельца на ЧАЭС
[StoryEvents.Event-OperationMonolith-Clearing-10].Desc-Owner;Если вы это видите, то это баг ивента Event-OperationMonolith-Clearing-10
[StoryEvents.Event-OperationMonolith-Clearing-10].Desc-NonOwner;Если вы это видите, то это баг ивента Event-OperationMonolith-Clearing-10
[StoryEvents.Event-OperationMonolith-Clearing-11].Name;Смена владельца на ЧАЭС
[StoryEvents.Event-OperationMonolith-Clearing-11].Desc-Owner;Если вы это видите, то это баг ивента Event-OperationMonolith-Clearing-11
[StoryEvents.Event-OperationMonolith-Clearing-11].Desc-NonOwner;Если вы это видите, то это баг ивента Event-OperationMonolith-Clearing-11
[StoryEvents.Event-OperationMonolith-Clearing-12].Name;Смена владельца на ЧАЭС
[StoryEvents.Event-OperationMonolith-Clearing-12].Desc-Owner;Если вы это видите, то это баг ивента Event-OperationMonolith-Clearing-12
[StoryEvents.Event-OperationMonolith-Clearing-12].Desc-NonOwner;Если вы это видите, то это баг ивента Event-OperationMonolith-Clearing-12
[StoryEvents.Event-OperationMonolith-Clearing-13].Name;Смена владельца на ЧАЭС
[StoryEvents.Event-OperationMonolith-Clearing-13].Desc-Owner;Если вы это видите, то это баг ивента Event-OperationMonolith-Clearing-13
[StoryEvents.Event-OperationMonolith-Clearing-13].Desc-NonOwner;Если вы это видите, то это баг ивента Event-OperationMonolith-Clearing-13
[StoryEvents.Event-OperationMonolith-Clearing-14].Name;Смена владельца на ЧАЭС
[StoryEvents.Event-OperationMonolith-Clearing-14].Desc-Owner;Если вы это видите, то это баг ивента Event-OperationMonolith-Clearing-14
[StoryEvents.Event-OperationMonolith-Clearing-14].Desc-NonOwner;Если вы это видите, то это баг ивента Event-OperationMonolith-Clearing-14
[StoryEvents.Event-OperationMonolith-Clearing-15].Name;Смена владельца на ЧАЭС
[StoryEvents.Event-OperationMonolith-Clearing-15].Desc-Owner;Если вы это видите, то это баг ивента Event-OperationMonolith-Clearing-15
[StoryEvents.Event-OperationMonolith-Clearing-15].Desc-NonOwner;Если вы это видите, то это баг ивента Event-OperationMonolith-Clearing-15
[StoryEvents.Event-OperationMonolith-Clearing-16].Name;Смена владельца на ЧАЭС
[StoryEvents.Event-OperationMonolith-Clearing-16].Desc-Owner;Если вы это видите, то это баг ивента Event-OperationMonolith-Clearing-16
[StoryEvents.Event-OperationMonolith-Clearing-16].Desc-NonOwner;Если вы это видите, то это баг ивента Event-OperationMonolith-Clearing-16
[StoryEvents.Event-OperationMonolith-Clearing-17].Name;Смена владельца на ЧАЭС
[StoryEvents.Event-OperationMonolith-Clearing-17].Desc-Owner;Если вы это видите, то это баг ивента Event-OperationMonolith-Clearing-17
[StoryEvents.Event-OperationMonolith-Clearing-17].Desc-NonOwner;Если вы это видите, то это баг ивента Event-OperationMonolith-Clearing-17
[StoryEvents.Event-OperationMonolith-Clearing-18].Name;Смена владельца на ЧАЭС
[StoryEvents.Event-OperationMonolith-Clearing-18].Desc-Owner;Если вы это видите, то это баг ивента Event-OperationMonolith-Clearing-18
[StoryEvents.Event-OperationMonolith-Clearing-18].Desc-NonOwner;Если вы это видите, то это баг ивента Event-OperationMonolith-Clearing-18
[StoryEvents.Event-OperationMonolith-Clearing-19].Name;Смена владельца на ЧАЭС
[StoryEvents.Event-OperationMonolith-Clearing-19].Desc-Owner;Если вы это видите, то это баг ивента Event-OperationMonolith-Clearing-19
[StoryEvents.Event-OperationMonolith-Clearing-19].Desc-NonOwner;Если вы это видите, то это баг ивента Event-OperationMonolith-Clearing-19
[StoryEvents.Event-OperationMonolith-Clearing-20].Name;Смена владельца на ЧАЭС
[StoryEvents.Event-OperationMonolith-Clearing-20].Desc-Owner;Если вы это видите, то это баг ивента Event-OperationMonolith-Clearing-20
[StoryEvents.Event-OperationMonolith-Clearing-20].Desc-NonOwner;Если вы это видите, то это баг ивента Event-OperationMonolith-Clearing-20
[StoryEvents.Event-OperationMonolith-Clearing-21].Name;Смена владельца на ЧАЭС
[StoryEvents.Event-OperationMonolith-Clearing-21].Desc-Owner;Если вы это видите, то это баг ивента Event-OperationMonolith-Clearing-21
[StoryEvents.Event-OperationMonolith-Clearing-21].Desc-NonOwner;Если вы это видите, то это баг ивента Event-OperationMonolith-Clearing-21
[StoryEvents.Event-OperationMonolith-Clearing-22].Name;Смена владельца на ЧАЭС
[StoryEvents.Event-OperationMonolith-Clearing-22].Desc-Owner;Если вы это видите, то это баг ивента Event-OperationMonolith-Clearing-22
[StoryEvents.Event-OperationMonolith-Clearing-22].Desc-NonOwner;Если вы это видите, то это баг ивента Event-OperationMonolith-Clearing-22
[StoryEvents.Event-OperationMonolith-Finishing-Lose-1].Name;Провал операции Монолит
[StoryEvents.Event-OperationMonolith-Finishing-Lose-1].Desc-Owner;Великий Монолит дал нам силу и мы отбились!
[StoryEvents.Event-OperationMonolith-Finishing-Lose-1].Desc-NonOwner;Государственные силы так и не смогли взять Саркофаг под контроль! Это полная катастрофа для них?
[StoryEvents.Event-OperationMonolith-Finishing-Lose-2].Name;Провал операции Монолит
[StoryEvents.Event-OperationMonolith-Finishing-Lose-2].Desc-Owner;Мы смогли защитить %0:s! Мы отбились от Военных!
[StoryEvents.Event-OperationMonolith-Finishing-Lose-2].Desc-NonOwner;Государственные силы так и не смогли взять %0:s под контроль! Это полная катастрофа для них?
[StoryEvents.Event-OperationMonolith-Finishing-Lose-3].Name;Неоднозначные итоги
[StoryEvents.Event-OperationMonolith-Finishing-Lose-3].Desc-Owner;"Мы смогли захватить %0:s! Именно мы, а не ""эти"" Военные! Мы - защита этого мира от заразы Зоны!"
[StoryEvents.Event-OperationMonolith-Finishing-Lose-3].Desc-NonOwner;Государственные силы так и не смогли взять %0:s под контроль! Это полная катастрофа для них или был какой-то договор с Долгом?
[StoryEvents.Event-OperationMonolith-Finishing-Victory].Name;Итоги операции
[StoryEvents.Event-OperationMonolith-Finishing-Victory].Desc-Owner;Не смотря на все жертвы, %0:s захвачен! Успех, но мы за свои потери в этой кампании, похоже, представимся перед трибуналом...
[StoryEvents.Event-OperationMonolith-Finishing-Victory].Desc-NonOwner;%0:s под контролем государственных сил!
[StoryEvents.Event-CHAES-11].Name;Меченый продолжает идти
[StoryEvents.Event-CHAES-11].Desc-Owner;На нашей территории %0:s на локации %1:s замечен сталкер Меченый. Наш гарнизон пропустил его.
[StoryEvents.Event-CHAES-11].Desc-NonOwner;Ходят слухи, что сталкер Меченый был замечен на территории %0:s локации %1:s
[StoryEvents.Event-CHAES-12].Name;Меченый напал на гарнизон территории
[StoryEvents.Event-CHAES-12].Desc-Owner;Наши патрули наткнулись на сталкера с прозвищем Меченый. Мы проиграли бой на территории %0:s локации %1:s... Наши потери:
[StoryEvents.Event-CHAES-12].Desc-NonOwner;Ходят слухи, что сталкер Меченый был замечен на территории %0:s локации %1:s
[StoryEvents.Event-Ending-Mutants].Name;Меченый загадал желание
[StoryEvents.Event-Ending-Mutants].Desc-Owner;Контролёр другому Контролёру: Видел Меченого возле Тёмного камня людей? Хах, ходит слепой, глухой и про зелёную траву с красивыми лугами говорит. И так уже несколько дней. Мне бы так людям мозги промывать как этот камень...
[StoryEvents.Event-Ending-Mutants].Desc-NonOwner;Ходят слухи, что Меченый нашел Исполнитель Желаний, но почему-то позже его нашли бродящим возле ЧАЭС. Глухой и слепой, бубнящий что-то зелёную траву и красивые луга. Что же он такого загадал?
[StoryEvents.Event-Ending-Stalkers].Name;Меченый загадал желание
[StoryEvents.Event-Ending-Stalkers].Desc-Owner;Командиры групп сообщили, что нашли тело Меченого под завалом обломков в Саркофаге. В руке он держал гайку. Что же произошло?
[StoryEvents.Event-Ending-Stalkers].Desc-NonOwner;Ходят слухи, что Меченый нашел Исполнитель Желаний, но почему-то позже его нашли под завалом обломков держащем в руке гайку. Что же он такого загадал?
[StoryEvents.Event-Ending-Soldiers].Name;Меченый загадал желание
[StoryEvents.Event-Ending-Soldiers].Desc-Owner;Офицеры сообщили, что нашли амуницию Меченого возле Исполнителя Желаний. Самого Меченого нигде нет. Его что, затащило в Монолит? Что же произошло?
[StoryEvents.Event-Ending-Soldiers].Desc-NonOwner;Ходят слухи, про Меченого, нашедшего Исполнитель Желаний, но почему-то позже он исчез и его никто не видел. Хотя возле Исполнителя Желаний нашли его амуницию. Его что, затащило в Монолит? Что же он такого загадал?
[StoryEvents.Event-Ending-Duty].Name;Меченый загадал желание
[StoryEvents.Event-Ending-Duty].Desc-Owner;Офицеры сообщили, что нашли Меченого в Саркофаге. Он ничего не видит и не слышит, всё время говорит про зелень кругом и красивые луга. Что же произошло?
[StoryEvents.Event-Ending-Duty].Desc-NonOwner;Ходят слухи, что Меченый нашел Исполнитель Желаний, но почему-то позже его нашли глухим и слепым бубнящим что-то зелёную траву и красивые луга. Что же он такого загадал?
[StoryEvents.Event-Ending-Freedom].Name;Меченый загадал желание
[StoryEvents.Event-Ending-Freedom].Desc-Owner;Офицеры сообщили, что нашли Меченого в Саркофаге бесцельно бродящего. Он ничего не видит и не слышит, всё время говорит про темноту. Что же произошло?
[StoryEvents.Event-Ending-Freedom].Desc-NonOwner;Ходят слухи, что Меченый нашел Исполнитель Желаний, но почему-то позже его нашли глухим и слепым бесцельно бродящим и бубнящим что-то про темноту. Что же он такого загадал?
[StoryEvents.Event-CHAES-13].Name;Меченый продолжает идти
[StoryEvents.Event-CHAES-13].Desc-Owner;На нашей территории %0:s на локации %1:s замечен сталкер Меченый. Наш гарнизон пропустил его.
[StoryEvents.Event-CHAES-13].Desc-NonOwner;Ходят слухи, что сталкер Меченый был замечен на территории %0:s локации %1:s
[StoryEvents.Event-CHAES-14].Name;Меченый напал на гарнизон территории
[StoryEvents.Event-CHAES-14].Desc-Owner;Наши патрули наткнулись на сталкера с прозвищем Меченый. Мы проиграли бой на территории %0:s локации %1:s... Наши потери:
[StoryEvents.Event-CHAES-14].Desc-NonOwner;Ходят слухи, что сталкер Меченый был замечен на территории %0:s локации %1:s
[StoryEvents.Event-Ending-Monolith].Name;Меченый уничтожил О-Сознание!
[StoryEvents.Event-Ending-Monolith].Desc-Owner;Монолит! Мы перестали тебя слышать! Монолит! Ответь нам! Монолит! Монолит!!!
[StoryEvents.Event-Ending-Monolith].Desc-NonOwner;Ходят слухи, что Меченый уничтожил некое О-Сознание, которое использовало Исполнитель желаний и управляло группировкой Монолит! Интересно, правда ли это?
[StoryEvents.Event-Ending-Zombie].Name;Меченый присоединился к О-Сознанию!
[StoryEvents.Event-Ending-Zombie].Desc-Owner;Что ж. Меченый присоединился к О-Сознанию. Он завоевал себе место в кругу хозяев Зоны!
[StoryEvents.Event-Ending-Zombie].Desc-NonOwner;"Ходят слухи, что Меченый смог пробраться внутрь ЧАЭС. Но каких-либо подтверждений этому или информации о том, что было с ним дальше нету. Некоторые предполагают, что он присоединился к группировке Монолит, а кто-то даже говорит, что он загадал желание что-то в виде ""Я хочу стать хозяином Зоны"". В общем слухи ходят разные, а Зона стала стремительно расширяться... Скоро Кордон уже не будет окраиной..."
ScenarioName;"Операция ""Монолит"". Тень Чернобыля"
ScenarioDescription;"Сценарий переводит время на момент отключения Меченым устройства ""Выжигатель Мозгов"". Вот-вот начнётся операция военных ""Монолит"". Для победы вам необходимо захватить территории Радара, Припяти и ЧАЭС до момента как Меченый доберётся до ""Исполнителя Желаний""! Дипломатия между группировками близка к канону. Выброс имеет тройную силу."
ScenarioVictoryDescription;Условия победы: захватить все территории на карте и удержать их 1 ход.
ScenarioLoseDescription;Условия поражения: потерять все подконтрольные территории или не выполнить условия победы примерно за 21-23 хода.
[Groups.Duty.:main].Spy1-Name;Новичок
[Groups.Duty.:main].Spy2-Name;Опытный
[Groups.Duty.:main].Spy3-Name;Ветеран
[Groups.Duty.:main].Spy4-Name;Мастер
[Groups.Duty.:main].Name;Долг
[Groups.Duty.:main].Description;Долг – цель группировки защитить мир от заразы Зоны. Достаточно мощная военизированная группировка. Удачное расположение, хорошее вооружение и предрасположенность к борьбе с мутантами гарантируют успех в умелых руках.
[Groups.Duty.:main].DiplomacyText-Question-War;Вы и ваша шайка угроза миру, пора с вами разобраться!
[Groups.Duty.:main].DiplomacyText-Question-Neutral;Мы хотим заключить с вами перемирие, Вы cогласны?
[Groups.Duty.:main].DiplomacyText-Question-Alliance;Мы предлагаем союз. Вместе мы сможем провернуть пару операций против наших врагов. Вы согласны?
[Groups.Duty.:main].DiplomacyText-Question-BreakAlliance;Мы больше не будем сотрудничать!
[Groups.Duty.:main].DiplomacyText-RequestMoney-Ask;Лишних денег не найдется? А то времена у нас тяжелые. Нам бы вот столько:
[Groups.Duty.:main].DiplomacyText-Ans-0-Down;Понятно. И от тебя Зону отчистим!
[Groups.Duty.:main].DiplomacyText-Ans-1-Down;Жа-а-аль, но раз Вы настаиваете, значит будет так.
[Groups.Duty.:main].DiplomacyText-Ans-1-No;Нет, сейчас мы точно на это не пойдем.
[Groups.Duty.:main].DiplomacyText-Ans-1-Yes;Мы надеемся на дальнейшее сотрудничество.
[Groups.Duty.:main].DiplomacyText-Ans-2-No;Нет, сейчас мы точно на это не пойдем.
[Groups.Duty.:main].DiplomacyText-Ans-2-Yes;Та-а-ак, отлично, по рукам!
[Groups.Duty.:main].DiplomacyText-RequestMoney-Ans-No;Нет, мы пока не можем помогать.
[Groups.Duty.:main].DiplomacyText-RequestMoney-Ans-Yes;Хорошо, мы Вам поможем.
[Groups.Duty.:main].DiplomacyText-Question-Neutral-No;Ох и зря Вы отказались!
[Groups.Duty.:main].DiplomacyText-Question-Neutral-Yes;Хорошо, это радует!
[Groups.Duty.:main].DiplomacyText-Question-Alliance-No;Ох и зря Вы отказались!
[Groups.Duty.:main].DiplomacyText-Question-Alliance-Yes;Хорошо, это радует!
[Groups.Duty.:main].Text-End-Step-Victory;Вы выжили! Победа!
[Groups.Duty.:main].Text-End-EventFlag-Victory;Победа по ивент флагу!
[Groups.Duty.:main].Text-End-Standart-Lose;Ваша группировка полностью уничтожена на севере Зоны. Группировка еще долго не сможет оправиться после таких потерь и вряд ли в ближайшее время будет восприниматься в серьез другими сталкерами. Поражение!
[Groups.Duty.:main].Text-End-Step-Lose;Время истекло, Вы не смогли добиться контроля над Зоной. Поражение!
[Groups.Duty.:main].Text-End-EventFlag-Lose;Поражение! Вы не смогли захватить север Зоны!
[Groups.Duty.Anarchy].Text-End-Standart-Victory;Победа! Казалось бы теперь войне конец. Зона контролируется одной группировкой. Но не так давно в ней поменялась идеология. Причем на ту, против которой выступали ее основатели. Еще до завершения войны назревали разногласия среди командиров. Похоже, назревает новая «Война в Зоне», которая уже будет чисто идеологической…
[Groups.Duty.AntiZone].Text-End-Standart-Victory;"Победа! Долг захватил север Зоны и принялся за активную зачистку территорий от мутантов. Ходят слухи, что в группировке всё чаще стали мелькать лица, которых раньше нигде не видели. Долг сотрудничает с правительством? Неизвестно, но в лаборатории и к ЧАЭС долговцы не пропускают кого-либо. Даже не всем из ""своих"" можно приближаться к данным местам. Такой ""подход"" понравился не всем и вскоре остальные группировки решили начать новую масштабную войну за северные территории Зоны. Среди самых активных разжигателей войны была успевшая восстановиться Свобода..."
[Groups.Duty.AntiZone].Text-End-Standart-Lose;Ваша группировка полностью уничтожена на севере Зоны. Группировка еще долго не сможет оправиться после таких потерь и вряд ли в ближайшее время будет восприниматься в серьез другими сталкерами. Поражение!
[Groups.Duty.Control].Text-End-Standart-Victory;Победа! Вскоре руководство вышло на связь с правительством и начало с ним открыто сотрудничать. Не всем это понравилось. Часть сталкеров отделились от общей группы и сформировали свои группировки на разных участках Зоны. Назревает новая «Война в Зоне» за контроль над всем, что внутри периметра.
[Groups.Duty.Crime].Text-End-Standart-Victory;"Победа! Теперь север Зоны контролируется мощной группировкой. И это не Монолит. Теперь сталкеры могут пройти дальше Радара, но с некоторыми условностями. Теперь им надо платить за возможность пройти и за ""крышу"". При чем платить надо постоянно, так как верхушка в группировке теперь в руках криминальных элементов. Всё постепенно скатывается в самые обычные рэкет, мародёрство и «крышевание». Назревают новые конфликты. Группировка точно не сможет остаться единым целым владея севером Зоны…"
[Groups.Duty.Exploring].Text-End-Standart-Victory;Победа! Вскоре руководство вышло на связь с правительством и пошло на некоторые уступки, чтобы избежать конфликта с внешним миром. Участники группировки в целом поддержали данное направление, так как с тем врагом, которого хорошо изучили, на много легче бороться. Первые результаты сотрудничества уже ощутили сталкеры на местах. Отличные приборы поиска артефактов, более точные приборы для обозначения аномальных мест, уязвимые места мутантов. Это позволило отвести глаза участников группировки от того, что документы из лабораторий были переданы в руки правительства, а все кто знал об их содержимом, почему-то внезапно пропали. Якобы «потеряли интерес к Зоне и решили вернуться домой». И пропадают до сих пор все те, кто находит какие-либо документы в подземельях Зоны…
[Groups.Duty.Growth].Text-End-Standart-Victory;Победа! Вскоре Долг вышел на связь с правительством и начал с ним сотрудничать. Мутанты искоренялись, ученые всё чаще командировались в Зону. В Долге всё чаще стали замечать агентов спецслужб, но может быть, что это всего лишь слухи...
[Groups.Duty.Growth].Text-End-Standart-Lose;Ваша группировка полностью уничтожена на севере Зоны. Группировка еще долго не сможет оправиться после таких потерь и вряд ли в ближайшее время будет восприниматься в серьез другими сталкерами. Поражение!
[Groups.Duty.Mercenary].Text-End-Standart-Victory;Победа! Теперь север Зоны контролируется группировкой, которая не имеет какого-либо отношения к Монолиту. Изначальная цель про защиту мира от заразы Зоны уже практически забыта. Мутантов теперь почему-то не так активно уничтожают. Все говорят о деньгах и как их проще заработать… Организовать «сафари для богатеньких из внешнего мира»? Или поймать на продажу мутанта? Может редкий артефакт переправить через периметр в чью-то частную коллекцию? Такой подход к Зоне не всем оказался по душе. В рядах группировки нашлись те самые, которые еще помнили, чем являлся когда-то настоящий Долг. Они постепенно отделяются от основной массы и занимают ключевые точки внутри периметра. Поговаривают, что им помогают Военные. Весьма вероятно север Зоны ждут новые столкновения с множеством смертей…
[Groups.Duty.Sectarianism].Text-End-Standart-Victory;Победа! Казалось бы теперь войне конец. Зона контролируется одной группировкой. Но не так давно в ней поменялись приоритеты. Мутантов теперь почему-то не так активно уничтожают. Все говорят о некоторых покровителях с севера. Документы из лабораторий пропадают в неизвестном направлении. Среди обычных бойцов зреет негодование из-за странных религиозных речей их командиров. Не все готовы промыть себе мозги какими-то непонятными проповедями. Особенно те, кто находится на юге Зоны. Уже налажены новые контакты с Военными. А недавние новости о включении пси установок на севере дали понять – назад дороги нет. Внутри периметра вот-вот начнётся новая «Война в Зоне»…
[Groups.Duty.Stability].Text-End-Standart-Victory;Победа! Вскоре группировка вышла на связь с правительством и начала с ним сотрудничать. Дело двигалось не быстро, не смотря на давление из внешнего мира. Мутанты по-прежнему искоренялись, артефакты искались, ученые охранялись. Но всё как-то было неспешно. У некоторых складывалось впечатление, что верха не торопятся с борьбой против проявлений Зоны. Отдельные лица утверждали, что верхушка тянет время, потому что пытается как можно больше обогатиться, другие же говорили, что лидеры группировки не хотят потерять ту власть, которую они имеют. Недовольства среди рядовых бойцов практически не было, так как ни кого не обижали в плане заработка, но идеологически заряжены командиры начали готовить переворот…
[Groups.Duty.Stalkers].Text-End-Standart-Victory;Победа! Вскоре руководство группировки всё больше и больше стало смещать акценты своей пропаганды.  Поиск артефактов, сотрудничество с правительством и учеными стало обыденностью. Бандитов в Зоне не стало и любой рэкет пресекался на корню, так что зарабатывать деньги в Зоне стало немного проще. Но правительство хоть особо и не конфликтовало с верхушкой группировки, но готовило планы по взятию Зоны под свой контроль…
[Groups.Duty.Unknow].Text-End-Standart-Victory;Победа! Вскоре Долг вышел на связь с правительством и начал с ним сотрудничать. Мутанты искоренялись, ученые всё чаще командировались в Зону. В Долге всё чаще стали замечать агентов спецслужб, но может быть, что это всего лишь слухи...
[Groups.Duty.Unknow].Text-End-Standart-Lose;Ваша группировка полностью уничтожена на севере Зоны. Группировка еще долго не сможет оправиться после таких потерь и вряд ли в ближайшее время будет восприниматься в серьез другими сталкерами. Поражение!
[Groups.Duty.Zombie].Text-End-Standart-Victory;Победа! Теперь О-Сознание в безопасности. Вскоре пси-излучение покрыло всю Зону благодаря увеличению числа излучателей. Даже Кордон стал опасен. Правительство хоть и не выпускало мутантов из Зоны, но больше не пыталось вернуть ее...
[Groups.freedom.:main].Spy1-Name;Новичок
[Groups.freedom.:main].Spy2-Name;Опытный
[Groups.freedom.:main].Spy3-Name;Ветеран
[Groups.freedom.:main].Spy4-Name;Мастер
[Groups.freedom.:main].Name;Свобода
[Groups.freedom.:main].Description;Свобода – анархистская группировка, которая враждебно относится к правительственным войскам и исследовательским группам. Некоторые аналитики считают, что расположение этой группировки на локации Армейские склады можно охарактеризовать как «между молотом и наковальней», однако, опытные бойцы, которые, к тому же, хорошо вооружены, могут дать отпор любой группировке.
[Groups.freedom.:main].DiplomacyText-Question-War;Ну, мэн, готовься! Мы идем за тобой и твоими ребятами.
[Groups.freedom.:main].DiplomacyText-Question-Neutral;Чувак, может на мировую, а?
[Groups.freedom.:main].DiplomacyText-Question-Alliance;Чел, как насчет союза? Что думаешь?
[Groups.freedom.:main].DiplomacyText-Question-BreakAlliance;Чувак, сорян-ба, Но наши дороги расходятся.
[Groups.freedom.:main].DiplomacyText-RequestMoney-Ask;Хай, мэн! Свободе не хватает свободных деньжат... Не подкинешь ли нам сумму в таком размере:
[Groups.freedom.:main].DiplomacyText-Ans-0-Down;Вот гробы-то подорожают!
[Groups.freedom.:main].DiplomacyText-Ans-1-Down;О-о-о... Всё с тобой понятно, ну и ладно.
[Groups.freedom.:main].DiplomacyText-Ans-1-No;Не, мы не согласны.
[Groups.freedom.:main].DiplomacyText-Ans-1-Yes;Окей, договорились!
[Groups.freedom.:main].DiplomacyText-Ans-2-No;Не, чувак, мы сейчас точно пас.
[Groups.freedom.:main].DiplomacyText-Ans-2-Yes;О-о-о, ништяк, замётано!
[Groups.freedom.:main].DiplomacyText-RequestMoney-Ans-No;Мэн, не, ты чего? Мы такой кэш не готовы сейчас подкинуть...
[Groups.freedom.:main].DiplomacyText-RequestMoney-Ans-Yes;Чувак, не вопрос! Уже перевели!
[Groups.freedom.:main].DiplomacyText-Question-Neutral-No;Хай мэн. Это новость грустая, печальная. Жаль, что ты отказался, но имей ввиду - мы то тебе предлагали...
[Groups.freedom.:main].DiplomacyText-Question-Neutral-Yes;Чувак, эт отличный ньюс!
[Groups.freedom.:main].DiplomacyText-Question-Alliance-No;О-о-о... Всё с тобой понятно, ну и ладно.
[Groups.freedom.:main].DiplomacyText-Question-Alliance-Yes;Мэн, это отлично!
[Groups.freedom.:main].Text-End-Step-Victory;Вы выжили! Победа!
[Groups.freedom.:main].Text-End-EventFlag-Victory;Победа по ивент флагу!
[Groups.freedom.:main].Text-End-Standart-Lose;Ваша группировка полностью уничтожена на севере Зоны. Группировка еще долго не сможет оправиться после таких потерь и вряд ли в ближайшее время будет восприниматься в серьез другими сталкерами. Поражение!
[Groups.freedom.:main].Text-End-Step-Lose;Время истекло, Вы не смогли добиться контроля над Зоной. Поражение!
[Groups.freedom.:main].Text-End-EventFlag-Lose;Поражение! Вы не смогли захватить север Зоны!
[Groups.freedom.Anarchy].Text-End-Standart-Victory;Победа! Свобода контролирует север Зоны. Группировка начала активно собирать информацию и лабораторий и Саркофага, чтобы весь мир узнал о том, что творилось в Зоне. Правительством было решено пресечь распространение секретной информации и начала быстро готовить новую операцию по штурму севера Зоны... К тому же Долг тоже быстро восстанавливается и явно хочет принять в этом участие. Совсем скоро начнётся новый этап кровавой бойни за север Зоны...
[Groups.freedom.AntiZone].Text-End-Standart-Victory;Победа! Казалось бы теперь войне конец. Зона контролируется одной группировкой. Но не так давно в ней поменялась идеология. Причем на ту, против которой выступали ее основатели. Еще до завершения войны назревали разногласия среди командиров. Похоже, назревает новая «Война в Зоне», которая уже будет чисто идеологической…
[Groups.freedom.Control].Text-End-Standart-Victory;Победа! Не смотря на взятия всех территорий ситуация не стабилизовалась. Нашлось много недовольных бойцов текущими порядками. Ходят слухи о том, что среди руководства работают силы правительства, так как было объявлено о переходе некоторых ключевых территорий и самой ЧАЭС под контроль Военных. Нашлись командиры уже отказавшиеся подчиняться приказам верхушки и формируют единую сеть сопротивления. Похоже, будет новый этап «Войны в Зоне»…
[Groups.freedom.Crime].Text-End-Standart-Victory;Победа! Вскоре Зона была объявлена свободным квазигосударством. Но из-за недавней смены акцентов группировки в сторону криминала привело к новому хаосу в Зоне. Уже через неделю началась борьба за власть и зоны влияния. Это привело к новым массовым боям по всей территории отчуждения. Военные уже подготовили планы по взятию ключевых мест и вот-вот начнутся штурмы. Новая «Война в Зоне» уже начинается…
[Groups.freedom.Exploring].Text-End-Standart-Victory;Победа! Вскоре руководство вышло на связь с правительством и пошло на некоторые уступки, чтобы избежать конфликта с внешним миром. Участники группировки в целом поддержали данное направление, так как с тем врагом, которого хорошо изучили, на много легче бороться. Первые результаты сотрудничества уже ощутили сталкеры на местах. Отличные приборы поиска артефактов, более точные приборы для обозначения аномальных мест, уязвимые места мутантов. Это позволило отвести глаза участников группировки от того, что документы из лабораторий были переданы в руки правительства, а все кто знал об их содержимом, почему-то внезапно пропали. Якобы «потеряли интерес к Зоне и решили вернуться домой». И пропадают до сих пор все те, кто находит какие-либо документы в подземельях Зоны…
[Groups.freedom.Growth].Text-End-Standart-Victory;Победа! Вскоре Зона была объявлена свободным квазигосударством. Глава СБУ поседел от новостей опубликованных в СМИ. Для общественности стали доступны секретные документы, которые нашла группировка Свобода в лабораториях Зоны. Теперь весь мир знает, что творилось в Зоне и как она появилась!
[Groups.freedom.Mercenary].Text-End-Standart-Victory;Победа! Теперь север Зоны контролируется одной группировкой. Но не так давно в ней поменялись приоритеты. Все говорят о деньгах и как их проще заработать… Организовать «сафари для богатеньких из внешнего мира»? Или поймать на продажу мутанта? Может редкий артефакт переправить через периметр в чью-то частную коллекцию? Такой подход к Зоне не всем оказался по душе. В рядах группировки нашлись те самые, которые еще помнили, чем являлась когда-то настоящая Свобода. Они постепенно отделяются от основной массы и занимают ключевые точки внутри периметра. Весьма вероятно группировку ждут новые столкновения с множеством смертей, к тому же Долг, которого не трогали длительное время после борьбы за север, стал быстро наращивать мощь…
[Groups.freedom.Sectarianism].Text-End-Standart-Victory;Победа! Казалось бы теперь войне конец. Зона контролируется одной группировкой. Но не так давно в ней поменялись приоритеты. Все говорят о некоторых покровителях с севера. Документы из лабораторий пропадают в неизвестном направлении. Среди обычных бойцов зреет негодование из-за странных религиозных речей их командиров. Не все готовы промыть себе мозги какими-то непонятными проповедями. Особенно те, кто находится на юге Зоны. А недавние новости о включении пси установок на севере дали понять – назад дороги нет. Внутри периметра вот-вот начнётся новая «Война в Зоне»…
[Groups.freedom.Stability].Text-End-Standart-Victory;Победа! Вскоре группировка начала сливать в СМИ информацию о севере Зоне. Но, то открытие миру тайн Зоны шло крайне медленно и неспешно. У некоторых складывалось впечатление, что верха не торопятся с борьбой против правительства. Отдельные лица утверждали, что верхушка тянет время, потому что пытается как можно больше обогатиться, другие же говорили, что лидеры группировки не хотят потерять ту власть, которую они имеют, третьи утверждали, что лидер прогнулся под правительство… Недовольства среди рядовых бойцов практически не было, так как ни кого не обижали в плане заработка, но идеологически заряжены командиры начали готовить переворот…
[Groups.freedom.Stalkers].Text-End-Standart-Victory;Победа! Группировка теперь контролирует весь север. Каждый в Зоне обсуждает успехи группировки и ее перспективы, но текущие цели группировки отличаются от изначальных про раскрытие тайн Зоны миру. Но несколько скандалов после публикации в СМИ правительству было обеспечено. После такого государство усилило давление на верхушку группировки, что привело к расколу. Некогда единая группировка раздробилась на несколько мелких. Однако, это не привело к новой войне, а лишь к не многочисленным мелким конфликтам. Военные, решив, что это их шанс начали подготовку к новой операции по взятию ключевых мест в Зоне. Сможет ли раздробленная группировка отстоять территорию? Неизвестно…
[Groups.freedom.Unknow].Text-End-Standart-Victory;Победа! Вскоре Зона была объявлена свободным квазигосударством. Глава СБУ поседел от новостей опубликованных в СМИ. Для общественности стали доступны секретные документы, которые нашла группировка Свобода в лабораториях Зоны. Теперь весь мир знает, что творилось в Зоне и как она появилась!
[Groups.freedom.Zombie].Text-End-Standart-Victory;Победа! Теперь О-Сознание в безопасности. Вскоре пси-излучение покрыло всю Зону благодаря увеличению числа излучателей. Даже Кордон стал опасен. Правительство хоть и не выпускало мутантов из Зоны, но больше не пыталось вернуть ее...
[Groups.monolith.:main].Spy1-Name;Новичок
[Groups.monolith.:main].Spy2-Name;Опытный
[Groups.monolith.:main].Spy3-Name;Ветеран
[Groups.monolith.:main].Spy4-Name;Мастер
[Groups.monolith.:main].Name;Монолит
[Groups.monolith.:main].Description;Монолит – группировка, служащая щитом О-Сознания. Главная цель – защита Зоны от какого-либо внешнего вмешательства. Крайне враждебна к любым другим группировкам. Несмотря на преимущество в вооружении имеет проблемы с контролем своих территорий, так как расположена на севере Зоны.
[Groups.monolith.:main].DiplomacyText-Question-War;Найти и искоренить!
[Groups.monolith.:main].DiplomacyText-Question-Neutral;Монолит повелел нам заключить с вами мир. Вы согласны или как?
[Groups.monolith.:main].DiplomacyText-Question-Alliance;Монолит велел нам стать вашими друзьями.
[Groups.monolith.:main].DiplomacyText-Question-BreakAlliance;Монолит недоволен нашим союзом!
[Groups.monolith.:main].DiplomacyText-RequestMoney-Ask;По воле Великого Монолита мы отправяем вам запрос на денежный перевод для наших братьев в таком вот размере:
[Groups.monolith.:main].DiplomacyText-Ans-0-Down;Обнаружить и искоренить! *Собеседник добавил вас в черный список*
[Groups.monolith.:main].DiplomacyText-Ans-1-Down;Такое Монолит точно не одобрит! *Собеседник удалил вас из друзей*
[Groups.monolith.:main].DiplomacyText-Ans-1-No;Ты познаешь гнев Монолита! *Собеседник вышел из чата*
[Groups.monolith.:main].DiplomacyText-Ans-1-Yes;И придет день, и Монолит вновь воссияет во славе своей! *Собеседник вышел из чата*
[Groups.monolith.:main].DiplomacyText-Ans-2-No;Монолит точно не даст согласия своего. *Собеседник вышел из чата*
[Groups.monolith.:main].DiplomacyText-Ans-2-Yes;Никому не верь кроме Монолита и братьев его, никому. *Собеседник добавил вас в друзья*
[Groups.monolith.:main].DiplomacyText-RequestMoney-Ans-No;Монолит сказал не проявлять милосердие к неверным! *Собеседник исключил вас из чата*
[Groups.monolith.:main].DiplomacyText-RequestMoney-Ans-Yes;Монолит велел проявить жалость к слепцам и сделать вам денежный перевод.
[Groups.monolith.:main].DiplomacyText-Question-Neutral-No;Тогда мы вас найдем и уничтожим!
[Groups.monolith.:main].DiplomacyText-Question-Neutral-Yes;Иначе и не могло быть. Всё по воле Великого Монолита!
[Groups.monolith.:main].DiplomacyText-Question-Alliance-No;Зря вы не следуете воле Монолита.
[Groups.monolith.:main].DiplomacyText-Question-Alliance-Yes;Да возрадуются братья наши и ужаснутся наши враги!
[Groups.monolith.:main].Text-End-Step-Victory;Вы выжили! Победа!
[Groups.monolith.:main].Text-End-EventFlag-Victory;Победа по ивент флагу!
[Groups.monolith.:main].Text-End-Standart-Lose;Группировка была полностью уничтожена, теперь Зону буду делить другие группировки. Поражение!
[Groups.monolith.:main].Text-End-Step-Lose;Время истекло, Вы не смогли добиться контроля над Зоной. Поражение!
[Groups.monolith.:main].Text-End-EventFlag-Lose;Поражение! Вы не смогли вернуть под контроль север Зоны!
[Groups.monolith.Anarchy].Text-End-Standart-Victory;Победа! О-Сознание с помощью монолитовцев надежно контролирует Зону. Но так лишь может показаться со стороны. Из-за нехватки мощности пси установок люди на юге Зоны стали постепенно приходить в себя. Ко многим из них возвращались воспоминания. Местами назревают столкновения. Проповедники уже докладывают о росте числа сопротивления. Уже целые подразделения отказываются слушаться приказов. Похоже, они собираются освободить товарищей на севере… Грядет новая «Война в Зоне»…
[Groups.monolith.AntiZone].Text-End-Standart-Victory;Победа! О-Сознание с помощью монолитовцев надежно контролирует Зону. Но так лишь может показаться со стороны. Из-за нехватки мощности пси установок люди на юге Зоны стали постепенно приходить в себя. Ко многим из них возвращались воспоминания. Местами назревают столкновения. Проповедники уже докладывают о росте числа сопротивления. Уже целые подразделения отказываются слушаться приказов. Похоже, они собираются освободить товарищей на севере… Грядет новая «Война в Зоне»…
[Groups.monolith.Control].Text-End-Standart-Victory;Победа! О-Сознание с помощью монолитовцев надежно контролирует Зону. Но так лишь может показаться со стороны. Из-за нехватки мощности пси установок люди на юге Зоны стали постепенно приходить в себя. Ко многим из них возвращались воспоминания. Местами назревают столкновения. Проповедники уже докладывают о росте числа сопротивления. Уже целые подразделения отказываются слушаться приказов. Похоже, они собираются освободить товарищей на севере… Грядет новая «Война в Зоне»…
[Groups.monolith.Crime].Text-End-Standart-Victory;Победа! О-Сознание с помощью монолитовцев надежно контролирует Зону. Но так лишь может показаться со стороны. Из-за нехватки мощности пси установок люди на юге Зоны стали постепенно приходить в себя. Ко многим из них возвращались воспоминания. Местами назревают столкновения. Проповедники уже докладывают о росте числа сопротивления. Уже целые подразделения отказываются слушаться приказов. Похоже, они собираются освободить товарищей на севере… Грядет новая «Война в Зоне»…
[Groups.monolith.Exploring].Text-End-Standart-Victory;Победа! О-Сознание с помощью монолитовцев надежно контролирует Зону. Но так лишь может показаться со стороны. Из-за нехватки мощности пси установок люди на юге Зоны стали постепенно приходить в себя. Ко многим из них возвращались воспоминания. Местами назревают столкновения. Проповедники уже докладывают о росте числа сопротивления. Уже целые подразделения отказываются слушаться приказов. Похоже, они собираются освободить товарищей на севере… Грядет новая «Война в Зоне»…
[Groups.monolith.Growth].Text-End-Standart-Victory;Победа! О-Сознание с помощью монолитовцев надежно контролирует Зону. Теперь правительство больше не вмешивается. Монолитовцы расстреливают всех, кто пытается проникнуть в Зону. Вскоре она стала полностью закрыта для посторонних глаз...
[Groups.monolith.Growth].Text-End-Standart-Lose;"О-сознание в панике. Ее верный пёс - группировка Монолит - полностью уничтожена! Уже разрабатывается новый план по защите важных персон ""Института"""
[Groups.monolith.Mercenary].Text-End-Standart-Victory;Победа! О-Сознание с помощью монолитовцев надежно контролирует Зону. Но так лишь может показаться со стороны. Из-за нехватки мощности пси установок люди на юге Зоны стали постепенно приходить в себя. Ко многим из них возвращались воспоминания. Местами назревают столкновения. Проповедники уже докладывают о росте числа сопротивления. Уже целые подразделения отказываются слушаться приказов. Похоже, они собираются освободить товарищей на севере… Грядет новая «Война в Зоне»…
[Groups.monolith.Sectarianism].Text-End-Standart-Victory;Победа! О-Сознание с помощью монолитовцев смогла вернуть контроль над севером Зоны. Теперь правительство больше не планирует каких-либо операций, а другие группировки поняли, что они упустили последний шанс, который позволял им прорваться за Выжигатель. Монолитовцы расстреливают всех, кто пытается проникнуть на Радар. Вскоре был собран штурмовой отряд для взятия Барьера, который охраняли остатки Свободы...
[Groups.monolith.Sectarianism].Text-End-Standart-Lose;"О-сознание в панике. Ее верный пёс - группировка Монолит - полностью уничтожена! Уже разрабатывается новый план по защите важных персон ""Института"""
[Groups.monolith.Stability].Text-End-Standart-Victory;Победа! О-Сознание с помощью монолитовцев надежно контролирует Зону. Но так лишь может показаться со стороны. Из-за нехватки мощности пси установок люди на юге Зоны стали постепенно приходить в себя. Ко многим из них возвращались воспоминания. Местами назревают столкновения. Проповедники уже докладывают о росте числа сопротивления. Уже целые подразделения отказываются слушаться приказов. Похоже, они собираются освободить товарищей на севере… Грядет новая «Война в Зоне»…
[Groups.monolith.Stalkers].Text-End-Standart-Victory;Победа! О-Сознание с помощью монолитовцев надежно контролирует Зону. Но так лишь может показаться со стороны. Из-за нехватки мощности пси установок люди на юге Зоны стали постепенно приходить в себя. Ко многим из них возвращались воспоминания. Местами назревают столкновения. Проповедники уже докладывают о росте числа сопротивления. Уже целые подразделения отказываются слушаться приказов. Похоже, они собираются освободить товарищей на севере… Грядет новая «Война в Зоне»…
[Groups.monolith.Unknow].Text-End-Standart-Victory;Победа! О-Сознание с помощью монолитовцев надежно контролирует Зону. Теперь правительство больше не вмешивается. Монолитовцы расстреливают всех, кто пытается проникнуть в Зону. Вскоре она стала полностью закрыта для посторонних глаз...
[Groups.monolith.Unknow].Text-End-Standart-Lose;"О-сознание в панике. Ее верный пёс - группировка Монолит - полностью уничтожена! Уже разрабатывается новый план по защите важных персон ""Института"""
[Groups.monolith.Zombie].Text-End-Standart-Victory;Победа! Теперь О-Сознание в безопасности. Вскоре пси-излучение покрыло всю Зону благодаря увеличению числа излучателей. Даже Кордон стал опасен. Правительство хоть и не выпускало мутантов из Зоны, но больше не пыталось вернуть ее...
[Groups.soldiers.:main].Spy1-Name;Новичок
[Groups.soldiers.:main].Spy2-Name;Опытный
[Groups.soldiers.:main].Spy3-Name;Ветеран
[Groups.soldiers.:main].Spy4-Name;Мастер
[Groups.soldiers.:main].Name;Военные
[Groups.soldiers.:main].Description;Военные – государственные силы на территории Зоны. Считают своими врагами всё живое внутри периметра кроме Экологов. Имеют отличную амуницию в плане борьбы с любыми сталкерами, однако, плохо приспособлены к аномальным порождениям Зоны.
[Groups.soldiers.:main].DiplomacyText-Question-War;Ваше нахождение в Зоне теперь считается незаконным. Попадетёсь - расстрел на месте!
[Groups.soldiers.:main].DiplomacyText-Question-Neutral;Командование считает, что нам нужно снизить оперативную активность. Как насчет перемирия?
[Groups.soldiers.:main].DiplomacyText-Question-Alliance;Командование считает, что нам нужен союзник в Зоне для проведения операций. Вы согласны?
[Groups.soldiers.:main].DiplomacyText-Question-BreakAlliance;Мы больше не будем сотрудничать!
[Groups.soldiers.:main].DiplomacyText-RequestMoney-Ask;Правительственным силам требуется финансовое содействие на новый особняк генерал.. Кхм. На... На выполнение особых задач вот в таком размере. Поможите?
[Groups.soldiers.:main].DiplomacyText-Ans-0-Down;Да мы тебя в порошок сотрём!
[Groups.soldiers.:main].DiplomacyText-Ans-1-Down;Это еще как понимать?
[Groups.soldiers.:main].DiplomacyText-Ans-1-No;Нет, мы не можем закрыть глаза на ваше присутствие в Зоне.
[Groups.soldiers.:main].DiplomacyText-Ans-1-Yes;Ладно, мы закроем глаза на ваше присутствие в Зоне...
[Groups.soldiers.:main].DiplomacyText-Ans-2-No;Нет, мы не можем закрыть глаза на ваше присутствие в Зоне.
[Groups.soldiers.:main].DiplomacyText-Ans-2-Yes;Армии нужен союзник в Зоне. Хорошо, мы согласны.
[Groups.soldiers.:main].DiplomacyText-RequestMoney-Ans-No;Нет, мы не оказываем финансовую помощь!
[Groups.soldiers.:main].DiplomacyText-RequestMoney-Ans-Yes;Да, начальство согласилось помочь вам с финансами
[Groups.soldiers.:main].DiplomacyText-Question-Neutral-No;Отказались? Ну.. Это Вы зря!
[Groups.soldiers.:main].DiplomacyText-Question-Neutral-Yes;Отлично, хорошо что Вы согласились!
[Groups.soldiers.:main].DiplomacyText-Question-Alliance-No;Отказались? Ну.. Это Вы зря!
[Groups.soldiers.:main].DiplomacyText-Question-Alliance-Yes;Отлично, хорошо что Вы согласились!
[Groups.soldiers.:main].Text-End-Step-Victory;Вы выжили! Победа!
[Groups.soldiers.:main].Text-End-EventFlag-Victory;Победа по ивент флагу!
[Groups.soldiers.:main].Text-End-Standart-Lose;Группировка была полностью уничтожена, теперь Зону буду делить другие группировки. Поражение!
[Groups.soldiers.:main].Text-End-Step-Lose;Время истекло, Вы не смогли добиться контроля над Зоной. Вы разжалованы. Поражение!
[Groups.soldiers.:main].Text-End-EventFlag-Lose;Поражение по ивент флагу!
[Groups.soldiers.Anarchy].Text-End-Standart-Victory;Победа! Правительство взяло под контроль Зону и как только ознакомилось с документами из лабораторий, было принято решение всё сразу же засекретить. Но часть документации попало странным образом в руки общественности. Оружие, опыты над людьми, причина появления Зоны... Теперь многое из этого стало достояние общественности...
[Groups.soldiers.AntiZone].Text-End-Standart-Victory;Победа! Правительство взяло под контроль Зону и как только ознакомилось с документами из лабораторий, было принято решение всё сразу же засекретить. Оружие, опыты над людьми, причина появления Зоны... Теперь это навсегда останется тайной... Новым приоритетом стало уничтожение любых проявлений Зоны. Главная цель – мутанты. Были сформированы специальные группы вооруженные дробовиками и огнемётами для уничтожения любого существа, даже если это были мелкие крысы. Убрать аномальные проявления Зоны – новый приказ правительства, который необходимо выполнить.
[Groups.soldiers.Control].Text-End-Standart-Victory;Победа! Правительство взяло под контроль Зону и как только ознакомилось с документами из лабораторий, было принято решение всё сразу же засекретить. Оружие, опыты над людьми, причина появления Зоны... Теперь это навсегда останется тайной...
[Groups.soldiers.Control].Text-End-Standart-Lose;Военных в Зоне не осталось... Теперь неизвестно чем всё кончится без правительственных сил. Вы разжалованы за провал! Поражение!
[Groups.soldiers.Crime].Text-End-Standart-Victory;Победа! Правительство взяло под контроль Зону. Но коррупция и разгильдяйство процветало. На рейды против мутантов почему-то не хватало то амуниции, то из-за не годности, то из-за отсутствия нужного на складах… Охрана периметра отчуждения занималось не охраной, а сбором взяток при провозе запрещенных предметов, например, артефактов. Неизвестно к чему приведет такое не внимательное отношение к Зоне, но вряд ли к чему-то хорошему…
[Groups.soldiers.Exploring].Text-End-Standart-Victory;Победа! Правительственные войска смогли взять под контроль всю территорию отчуждения и теперь стремительно наводят порядок. Новым приоритетом стало обеспечение безопасности исследовательских групп. Были сформированы различные мелкие отряды из солдат специального назначения для операций в особо опасных условиях. Так называли подземные комплексы и лаборатории, которых на удивление генералов, оказалось в несколько раз больше, чем предполагалось изначально. Вся добытая информация стремительно засекречивалась и общественность знала о Зоне только, что говорило им правительство.
[Groups.soldiers.Growth].Text-End-Standart-Victory;Победа! Правительство взяло под контроль Зону и как только ознакомилось с документами из лабораторий, было принято решение всё сразу же засекретить. Оружие, опыты над людьми, причина появления Зоны... Теперь это навсегда останется тайной...
[Groups.soldiers.Growth].Text-End-Standart-Lose;Военных в Зоне не осталось... Теперь неизвестно чем всё кончится без правительственных сил. Вы разжалованы за провал! Поражение!
[Groups.soldiers.Mercenary].Text-End-Standart-Victory;Победа! Правительственные войска смогли взять под контроль всю территорию отчуждения и теперь стремительно наводят порядок. Но среди командиров царила коррупция. Некоторые стали промышлять подозрительными контрактами от частных фирм. Образовались различные мелкие отряды из солдат, которые занимались добычей артефактов и ловлей мутантов для частных «коллекционеров». Служба или деньги? Этим вопросом задавались все без исключений…
[Groups.soldiers.Sectarianism].Text-End-Standart-Victory;Победа! Правительство взяло под контроль Зону, но командиры на местах всё меньше соблюдали субординацию. Ротация не помогала. СБУ докладывало о неком элементе сектантства среди командиров, но подробнее расследовать не получалось. Командиры умело заметали следы. На столько, что даже О-Сознание так и не было найдено, о котором говорилось в найденных документах…
[Groups.soldiers.Stability].Text-End-Standart-Victory;Победа! Правительственные войска смогли взять под контроль всю территорию отчуждения и теперь стремительно наводят порядок. Были сформированы различные мелкие отряды из солдат специального назначения для операций в особо опасных условиях. Так называли подземные комплексы и лаборатории, которых на удивление генералов, оказалось в несколько раз больше, чем предполагалось изначально. Вся добытая информация стремительно засекречивалась и общественность знала о Зоне только, что говорило им правительство.
[Groups.soldiers.Stalkers].Text-End-Standart-Victory;Победа! Правительство взяло под контроль Зону. Оно решило не только бороться с Зоной, но и скрытно на ней подзаработать. Были сформированы несколько секретных отрядов военных сталкеров для поиска особо ценных артефактов, которые потом продавались на черном рынке за рубежом для обогащения некоторых из «верхов». Таким образом, впоследствии появились так называемые «артефактные олигархи»…
[Groups.soldiers.Unknow].Text-End-Standart-Victory;Победа! Правительство взяло под контроль Зону и как только ознакомилось с документами из лабораторий, было принято решение всё сразу же засекретить. Оружие, опыты над людьми, причина появления Зоны... Теперь это навсегда останется тайной...
[Groups.soldiers.Unknow].Text-End-Standart-Lose;Военных в Зоне не осталось... Теперь неизвестно чем всё кончится без правительственных сил. Вы разжалованы за провал! Поражение!
[Groups.soldiers.Zombie].Text-End-Standart-Victory;Победа! Теперь О-Сознание в безопасности. Вскоре пси-излучение покрыло всю Зону благодаря увеличению числа излучателей. Даже Кордон стал опасен. Правительство хоть и не выпускало мутантов из Зоны, но больше не пыталось вернуть ее...
[Groups.stalkers.:main].Spy1-Name;Новичок
[Groups.stalkers.:main].Spy2-Name;Опытный
[Groups.stalkers.:main].Spy3-Name;Ветеран
[Groups.stalkers.:main].Spy4-Name;Мастер
[Groups.stalkers.:main].Name;Одиночки
[Groups.stalkers.:main].Description;Одиночки не имеют четкой иерархии и лидера. Преимуществом можно считать их предрасположенность к поиску артефактов, что благоприятно скажется на финансовом положении в умелых руках. Однако подконтрольные им территории разбросаны по локациям, что несет за собой большую сложность в плане их удержания. Группировке необходимо определиться с приоритетами в своем развитии.
[Groups.stalkers.:main].DiplomacyText-Question-War;Мы объявляем вам войну!
[Groups.stalkers.:main].DiplomacyText-Question-Neutral;Пора закончить эту бойню, мы готовы к миру, а Вы?
[Groups.stalkers.:main].DiplomacyText-Question-Alliance;Мы хотим заключить с вами союз. Вы согласны?
[Groups.stalkers.:main].DiplomacyText-Question-BreakAlliance;Мы расторгаем союз!
[Groups.stalkers.:main].DiplomacyText-RequestMoney-Ask;У нас тут финансовые затруднения возникли. Нам бы помощь не помешала. Нас интересует сумма в таком вот размере:
[Groups.stalkers.:main].DiplomacyText-Ans-0-Down;Ну ты и крыса! Война, так война!
[Groups.stalkers.:main].DiplomacyText-Ans-1-Down;Да будет так.
[Groups.stalkers.:main].DiplomacyText-Ans-1-No;На данный момент мы не видим в этом необходимости.
[Groups.stalkers.:main].DiplomacyText-Ans-1-Yes;Да, мы согласны на прекращение огня.
[Groups.stalkers.:main].DiplomacyText-Ans-2-No;Мы не уверены, что нам сейчас это нужно.
[Groups.stalkers.:main].DiplomacyText-Ans-2-Yes;Да, мы согласны на сотрудничество.
[Groups.stalkers.:main].DiplomacyText-RequestMoney-Ans-No;Увы, но сейчас мы не в состоянии помочь такой суммой.
[Groups.stalkers.:main].DiplomacyText-RequestMoney-Ans-Yes;Ладно, мы перечислим вам эту сумму.
[Groups.stalkers.:main].DiplomacyText-Question-Neutral-No;Очень жаль, что Вы отказались!
[Groups.stalkers.:main].DiplomacyText-Question-Neutral-Yes;Хорошо! Мы рады, что Вы согласны!
[Groups.stalkers.:main].DiplomacyText-Question-Alliance-No;Очень жаль, что Вы отказались!
[Groups.stalkers.:main].DiplomacyText-Question-Alliance-Yes;Хорошо! Мы рады, что Вы согласны!
[Groups.stalkers.:main].Text-End-Step-Victory;Вы выжили! Победа!
[Groups.stalkers.:main].Text-End-EventFlag-Victory;Победа по ивент флагу!
[Groups.stalkers.:main].Text-End-Standart-Lose;Группировка была полностью уничтожена, теперь Зону буду делить другие группировки. Поражение!
[Groups.stalkers.:main].Text-End-Step-Lose;Время истекло, Вы не смогли добиться контроля над Зоной. Поражение!
[Groups.stalkers.:main].Text-End-EventFlag-Lose;Поражение по ивент флагу!
[Groups.stalkers.Anarchy].Text-End-Standart-Victory;Победа! Вскоре единая группировка сталкеров разработала ряд правил похожих на тех, что были у группировки Свобода, но с некоторыми явными отличиями. Упор делался на деньги, а не на идею. Через некоторое время внутри группировки стали образовываться «отдельные» группы по «интересам», что привело к расколу в верхах. Многие заговорили, что скоро начнется новый этап «Войны в Зоне»…
[Groups.stalkers.AntiZone].Text-End-Standart-Victory;Победа! Вскоре единая группировка сталкеров разработала ряд правил похожих на тех, что были у группировки Долг, но без армейского уклона. Не всем это понравилось, но несогласные молчали, так как новое руководство всеми силами боролась с любыми проявлениями Зоны, что позволяло безопаснее собирать артефакты и не бояться за бандитов. Охота на мутантов была поставлена на поток, так что даже слепых псов на юге было не встретить. Командование группировки активно сотрудничала с Учеными и старалось не конфликтовать с Военными, что привело к новому этапу изучения Зоны, но ее тайны крайне неохотно раскрывались общественности.
[Groups.stalkers.Control].Text-End-Standart-Victory;Победа! Вскоре сталкеры разработали ряд правил, которые были призваны наладить порядок в Зоне. Даже воинские звания заменили ранги. От старой неразберихи в командовании ни осталось не следа. Была налажена четкая система подчинения и командования, новые люди в Зоне принудительно включались в эту иерархию, а тех, кто был не согласен, сразу сдавали Военным за Кордон без лишних разговоров. Ходили слухи, что в верхах группировки сидели люди из военного руководства, но ни кто не смог это доказать. Или, возможно, не успевал опубликовать доказательства, так как его забирали Военные в неизвестном направлении. Зона стала менее открытой, но более безопасной, особенно для правительственных организаций.
[Groups.stalkers.Crime].Text-End-Standart-Victory;Победа! Вскоре сталкеры создали правило, что в Зоне будет только одна группировка, и каждый человек обязан платить долю, а с торговцев стали собирать пошлину. Тех, кто не мог платить - сдавали военным за Кордон. Зона стала менее открытой для изучения правительственными силами и криминальность порядков снизило приток новых людей на охраняемую сталкерами территорию.
[Groups.stalkers.Exploring].Text-End-Standart-Victory;Победа! Вскоре группировка вольных сталкеров стала активно сотрудничать со всеми учеными внутри Зоны. Добыча частей тел мутантов, артефактов, замеры аномальной активности… Все стали таким образом зарабатывать себе на жизнь. За любыми документами из подземных лабораторий началась настоящая охота. Мало их добыть… Нужно еще как-то донести эти бумажки до ближайшего бункера Ученых. И не помогал тот факт, что бункеров стало на порядок больше. Охотники за головами – вот новый бич Зоны. Если кто-то узнает, что у какого-то сталкера хоть одна бумажка из лаборатории или, на крайний случай, мало-мальски ценный для ученых предмет… Его смело можно записывать в покойники. Он не дойдет ни до одного бункера. Люди в Зоне разделились на две группы – тот, кто добывает и тот, кто охотится на тех, кому удалось что-либо добыть. Повсюду стреляли. Постепенно в Зоне становилось всё опаснее и опаснее…
[Groups.stalkers.Growth].Text-End-Standart-Victory;Победа! Вскоре вольные сталкеры создали правило, что в Зоне больше не будет каких-либо группировок, а тех, кто решал заняться бандитизмом - сдавали военным за Кордон. Зона стала открыта для изучения всем желающим. И менее опасна.
[Groups.stalkers.Growth].Text-End-Standart-Lose;Одиночки были полностью уничтожены, теперь Зону буду делить только группировки. Вольных сталкеров не осталось! Поражение!
[Groups.stalkers.Mercenary].Text-End-Standart-Victory;Победа! Вскоре группировка вольных сталкеров стала всё больше и больше походить на обычных наёмников. Четкая иерархия разваливалась, группировка дробилась. «Заказы» стали править нынешним порядком. Убийства участились на столько, что Зона стала полна «профессиональными киллерами». Но пока люди грызлись между собой за так любимые ими деньги, Зона стала намного более опасной, так как на монстров обращали на много меньше внимания, чем следует. Поговаривали, что на Кордоне уже несколько раз видели новых неизвестных ранее и крайней опасных монстров.
[Groups.stalkers.Sectarianism].Text-End-Standart-Victory;Победа! Вскоре группировка вольных сталкеров стала всё больше и больше походить на сектантов. В «низах» ходили слухи, что «верхушка» находится под влиянием «некоторых сил с севера». В словах командиров всё больше мелькали фразы религиозного характера. Велись активные боевые действия с правительственными силами, чтобы расширить своё влияние за пределы периметра. С каждым днём всё больше и больше велась промывка мозгов среди участников группировки, но нашлись и те, кто смог устоять и защитить свой разум. Большинство из них находилось на юге, так как они не подпадали под воздействие пси установок, которые были снова включены. Назревал новый этап «Войны в Зоне»…
[Groups.stalkers.Stability].Text-End-Standart-Victory;Победа! Вскоре группировка вольных сталкеров из-за отсутствия внешних врагов стало искать их внутри себя. Интриги, скандалы, расстрелы… Вот во что превратилась группировка. Задачи сталкеров скатились к охране и зачистке основных маршрутов в Зоне, а отдалённым участкам внимание практически не уделялось. Это привело к увеличению числа мутантов и тех, кто сбежал туда от всей этой внутренней грызни. С Учеными и Военными группировка сотрудничала, но не особо охотно, что наводило государственные силы на мысль о создании новой базы внутри периметра, что могло привести к новым столкновениям внутри периметра Зоны…
[Groups.stalkers.Stalkers].Text-End-Standart-Victory;Победа! Вскоре вольные сталкеры создали правило, что в Зоне больше не будет каких-либо группировок, а тех, кто решал заняться бандитизмом - сдавали военным за Кордон. Зона стала открыта для изучения всем желающим. И менее опасна.
[Groups.stalkers.Stalkers].Text-End-Standart-Lose;Одиночки были полностью уничтожены, теперь Зону буду делить только группировки. Вольных сталкеров не осталось! Поражение!
[Groups.stalkers.Unknow].Text-End-Standart-Victory;Победа! Вскоре вольные сталкеры создали правило, что в Зоне больше не будет каких-либо группировок, а тех, кто решал заняться бандитизмом - сдавали военным за Кордон. Зона стала открыта для изучения всем желающим. И менее опасна.
[Groups.stalkers.Unknow].Text-End-Standart-Lose;Одиночки были полностью уничтожены, теперь Зону буду делить только группировки. Вольных сталкеров не осталось! Поражение!
[Groups.stalkers.Zombie].Text-End-Standart-Victory;Победа! Теперь О-Сознание в безопасности. Вскоре пси-излучение покрыло всю Зону благодаря увеличению числа излучателей. Даже Кордон стал опасен. Правительство хоть и не выпускало мутантов из Зоны, но больше не пыталось вернуть ее...
