[Form_ScenarioSettings].Text3;События обучения:
[Advisors.Advisor-Mutants-1].Name;Неизвестно
[Advisors.Advisor-Stalkers-1].Name;Неизвестно
[Advisors.Advisor-Bandits-1].Name;Неизвестно
[Advisors.Advisor-Soldiers-1].Name;Неизвестно
[Advisors.Advisor-Monolith-1].Name;Неизвестно
[Advisors.Advisor-Mercenaries-1].Name;Неизвестно
[Advisors.Advisor-Zombie-1].Name;Неизвестно
[Advisors.Advisor-Mutants-KolRazum].Name;Коллективный разум
[Advisors.Advisor-Stalkers-Wolf].Name;Волк
[Advisors.Advisor-Stalkers-Shustriy].Name;Шустрый
[Advisors.Advisor-Stalkers-Fanat].Name;Фанат
[Advisors.Advisor-Stalkers-Bes].Name;Бес
[Advisors.Advisor-Stalkers-Urik].Name;Юрик
[Advisors.Advisor-Stalkers-Seriy].Name;Серый
[Advisors.Advisor-Stalkers-Demon].Name;Олег «Демон» Гусаров
[Advisors.Advisor-Stalkers-Upir].Name;Упырь
[Advisors.Advisor-Stalkers-Arni].Name;Арни
[Advisors.Advisor-Stalkers-Krot].Name;Крот
[Advisors.Advisor-Stalkers-Lis].Name;Лис
[Advisors.Advisor-Stalkers-Diodor].Name;Отец Диодор
[Advisors.Advisor-Stalkers-Chuchelo].Name;Чучело
[Advisors.Advisor-Stalkers-Provodnik].Name;Проводник
[Advisors.Advisor-Stalkers-Doctor].Name;Доктор
[Advisors.Advisor-Bandits-Kaban].Name;Вася Кабан
[Advisors.Advisor-Bandits-Fraer].Name;Фраер
[Advisors.Advisor-Bandits-Kocherga].Name;Кочерга
[Advisors.Advisor-Bandits-Babtist].Name;Баптист
[Advisors.Advisor-Bandits-Chugun].Name;Чугун
[Advisors.Advisor-Soldiers-Kuznecov].Name;Майор Кузнецов
[Advisors.Advisor-Soldiers-Capitan].Name;Капитан
[Advisors.Advisor-Soldiers-Chuguykin].Name;Лейтенант Чугуйкин
[Advisors.Advisor-Soldiers-Specialist].Name;Специалист
[Advisors.Advisor-Soldiers-Poproshayko].Name;Майор Попрошайко
[Advisors.Advisor-Monolith-Propovednik].Name;Проповедник
[Advisors.Advisor-Monolith-Molitvennik].Name;Молитвенник
[Advisors.Advisor-Monolith-Messiya].Name;Мессия
[Advisors.Advisor-Mercenaries-Ara].Name;Ара
[Advisors.Advisor-Mercenaries-Tancpol].Name;Витя Танцпол
[Advisors.Advisor-Mercenaries-Avtobus].Name;Лёха Автобус
[Advisors.Advisor-Mercenaries-Rzhaviy].Name;Валера Ржавый
[Advisors.Advisor-Mercenaries-Shtirlic].Name;Толян Штирлиц
[Advisors.Advisor-Mercenaries-Dollar].Name;"Иван ""Один доллар"""
[Advisors.Advisor-Mercenaries-Plintus].Name;Тимур Плинтус
[Advisors.Advisor-Zombie-Kontroler].Name;Контролер
[Achievements.Achiv-1].Name;Мастер обучения!
[Achievements.Achiv-1].Desc;Получено новое достижение! Пройти сценарий на уровне сложности Мастер.
[Achievements.Achiv-1].Desc-Logo;Пройти сценарий на уровне сложности Мастер.
[Achievements.Achiv-2].Name;Точно в срок!
[Achievements.Achiv-2].Desc;Получено новое достижение! Пройти сценарий за 1 ход на любом уровне сложности.
[Achievements.Achiv-2].Desc-Logo;Пройти сценарий за 1 ход на любом уровне сложности.
[Tutorial.Page-1].Text;Приветствую тебя, сталкер! Это третья часть обучения. В ней я познакомлю тебя с передислокацией бойцов и зачисткой твоей территории от мутантов. Для перехода на следующую страницу нажми на зелёные стрелки внизу (стрелки на клавиатуре тоже можешь использовать).
[Tutorial.Page-2].Text;"Но начнем с такой темы, как ""Пси излучение"". Про ""псишку"" стоит упомянуть. ""Поласкает мозги"" сталкерам эта тема мощно. Зомбируются и начинают во всех подряд стрелять. Будь осторожен. В обучении этого пси изучения нет, но про него забывать нельзя. Если нажать на соответствующий фильтр карты (Метка №1), то закрасятся те территории, на которых есть пси излучение. В окне, которое появляется после нажатия на территорию, есть вся инфа о пси. Там даже будет написано про источник, если он есть (Метка №2). Пси излучение можно отключить, если захватить территорию с этим источником и вызвать меню отключения/включения нажатием кнопки ""Излучатель"" (Метка №3)."
[Tutorial.Page-3].Text;А теперь давай к насущным делам. Есть такая проблема, как появление мутантов на подконтрольных территориях. Её можно отслеживать через % активности мутантов на территории. Чем выше %, тем больше мутантов появляется из хода в ход, и тем выше вероятность, что они нападут на гарнизон. Для того, чтобы узнать текущий % активности мутантов на своих территориях, есть три способа. Первый - просто кликнуть на территорию и посмотреть на соответствующий параметр (Метка №1).  Второй - включить фильтр карты на активность мутантов (Метка №2). Третий - открыть отчёт и в соответствующей колонке увидеть число активности (Метка №3).
[Tutorial.Page-4].Text;"Теперь к передислокации. Перемести половину своих бойцов с территории «Малая свалка», на которой ты в предыдущем обучении искал артефакты, на соседнюю территорию, так как там была обнаружена активность мутантов. Для этого выбери сначала территорию, из которой хочешь переместить бойцов, и нажми кнопку ""Передислокация"" (Метка №1). Затем следуй подсказкам на экране. После успешной передислокации снова открой окно обучения через ""?"" в нижнем левом углу экрана."
[Tutorial.Page-5].Text;Кстати, есть улучшение, которое удешевляет зачистку мутантов на территориях. Если хочешь, то можешь его купить, но это необязательно. А ещё есть улучшение, увеличивающее добычу с тел мутантов, которое тоже можешь приобрести при желании.
[Tutorial.Page-6].Text;"Что ж, после успешной передислокации пора зачистить территорию от мутантов. Для этого выбери территорию, куда передислоцировал бойцов, и нажми кнопку ""Зачистка мутантов"" (Метка №1). Затем укажи бойцов, которых хочешь послать для зачистки, и нажми кнопку ""Отправить"". После того, как успешно зачистишь территорию, нажми ""Конец хода"" (Метка №2), чтобы успешно завершить сценарий."
[StoryEvents.Event-EveryStep-CheckVictory].Name;Техническое событие
[StoryEvents.Event-EveryStep-CheckVictory].Desc-Owner;Техническое событие на изменение победного ивентного флага
[StoryEvents.Event-EveryStep-CheckVictory].Desc-NonOwner;Техническое событие на изменение победного ивентного флага
ScenarioName;Часть 3. Обучение
ScenarioDescription;Это обучающий сценарий, в котором вы научитесь передислоцировать войска и зачищать свои территории от мутантов.
ScenarioVictoryDescription;Условия победы: выполнить задание из обучения.
ScenarioLoseDescription;Условия поражения: потерять все подконтрольные территории или провалить задание из обучения.
[Groups.Bandits.:main].Spy1-Name;Новичок
[Groups.Bandits.:main].Spy2-Name;Опытный
[Groups.Bandits.:main].Spy3-Name;Ветеран
[Groups.Bandits.:main].Spy4-Name;Мастер
[Groups.Bandits.:main].Name;Бандиты
[Groups.Bandits.:main].Description;Бандиты – криминальная сторона Зоны. Имеют под своим контролем значительные территории ближе к югу Зоны. Несмотря на неплохое расположение, обороняться будет не так просто, так как конфликтуют практически со всеми. Не имеют достойного вооружения и большого числа умеющих воевать в своих рядах. Группировке необходимо провести реорганизацию, как во внутренних делах, так и во внешних.
[Groups.Bandits.:main].DiplomacyText-Question-War;Ну, че фраер, допрыгался? Расчихляй валыну! Братва к тебе уже катит!
[Groups.Bandits.:main].DiplomacyText-Question-Neutral;Э-э-э! Братела, не суетись, а? Пора перестать шмалять друг-друга, лады?
[Groups.Bandits.:main].DiplomacyText-Question-Alliance;Э, Братела, давай союзничками будем? А? Там... шмалять вместе гавриков... Всё такое.. М? Лады?
[Groups.Bandits.:main].DiplomacyText-Question-BreakAlliance;Не, ну ты фраер, ну ты конкретный лох, теперь дальше каждый сам за себя!
[Groups.Bandits.:main].DiplomacyText-RequestMoney-Ask;Э, сышишь кореш, мелочи не подкинешь, а? Нам бы вот столько:
[Groups.Bandits.:main].DiplomacyText-Ans-0-Down;Ты на кого батон крошишь? Бычара, ты труп, ты понял?!
[Groups.Bandits.:main].DiplomacyText-Ans-1-Down;Ну ты это вообще не о чем, мля...
[Groups.Bandits.:main].DiplomacyText-Ans-1-No;Найдем - на меха порежем!
[Groups.Bandits.:main].DiplomacyText-Ans-1-Yes;Сышишь, мы тя не тронем, в натуре за базар отвечаю!
[Groups.Bandits.:main].DiplomacyText-Ans-2-No;Не, не, это нифига не то, ты гонишь!
[Groups.Bandits.:main].DiplomacyText-Ans-2-Yes;Держись, кореш, щас все будет пучком...
[Groups.Bandits.:main].DiplomacyText-RequestMoney-Ans-No;Ты че головой ударился? Откуда у нас такое бабло! Нам самим не помешало бы...
[Groups.Bandits.:main].DiplomacyText-RequestMoney-Ans-Yes;Братела, держи баблишко!
[Groups.Bandits.:main].DiplomacyText-Question-Neutral-No;Братела, ты, конечно, это зря! Не надо было так...
[Groups.Bandits.:main].DiplomacyText-Question-Neutral-Yes;А чо, братела, порадовал! Молодца...
[Groups.Bandits.:main].DiplomacyText-Question-Alliance-No;Братела, ты, конечно, это зря! Не надо было так...
[Groups.Bandits.:main].DiplomacyText-Question-Alliance-Yes;О, братела, отлично! Теперь вместе фраеров шмалять будем!
[Groups.Bandits.:main].Text-End-Step-Victory;Вы выжили! Победа!
[Groups.Bandits.:main].Text-End-EventFlag-Victory;Победа по ивент флагу!
[Groups.Bandits.:main].Text-End-Standart-Lose;Группировка была полностью уничтожена, теперь Зону буду делить другие группировки. Поражение!
[Groups.Bandits.:main].Text-End-Step-Lose;Время истекло, Вы не смогли добиться контроля над Зоной. Поражение!
[Groups.Bandits.:main].Text-End-EventFlag-Lose;Время истекло, Вы не смогли добиться контроля над Зоной. Поражение!
[Groups.Bandits.Anarchy].Text-End-Standart-Victory;Победа! Группировка вскоре всё меньше и меньше по своему поведению походила на то, чем являлась изначально. Да, криминал остался, но его стало меньше. Верхушка пыталась продвигать тему, которая была близка с тем, что пропагандировала группировка «Свобода», а низы, не торопились принимать эти новые идеалы, так как старые способы в виде грабежа и мародерства казались более простыми и понятными. Группировка раскалывалась прямо на глазах. Каждый новый день – новое не подчинение приказов отдельными группами. Вот-вот начнётся новый конфликт в Зоне…
[Groups.Bandits.AntiZone].Text-End-Standart-Victory;Победа! Группировка вскоре всё меньше и меньше по своему поведению походила на то, чем являлась изначально. Криминала стало значительно меньше. Верхушка продвигала всё больше и больше тему борьбы с Зоной. Да, многие понимали, что грабить теперь некого, кругом все свои и в принципе, были согласны, но поскольку в группировке были и настоящие уголовники, то образовались отдельные группы, которые грабили тех самых «своих». Кругом вспыхивали локальные бои. Зона снова оказалась в шаге от масштабной войны всех против всех…
[Groups.Bandits.Control].Text-End-Standart-Victory;Победа! Группировка вскоре всё меньше и меньше по своему поведению походила на то, чем являлась изначально. Криминала стало значительно меньше. Вводилась жесткая иерархия. Ситуацию наиболее точно описывало название «Штрафбат». Среди участников группировки ходили слухи, что верхушка прогнулась под государственные силы. Многие приняли этот факт, но нашлись и те «паханы» с «буграми», которые с таким порядком не были согласны. Назревал новый масштабный конфликт, но уже внутри группировки...
[Groups.Bandits.Crime].Text-End-Standart-Victory;"Победа! Зона превратилась в криминальное квазигосударство. Зона стала жить ""по понятиям"". Вскоре грабить стало некого и группировка погрязла в распрях. Вместо того чтобы отстреливать монстров и добывать артефакты Бандиты стреляли друг в друга..."
[Groups.Bandits.Crime].Text-End-Standart-Lose;Последний бандит поймал маслину. В Зоне больше нет места криминальному миру... Поражение!
[Groups.Bandits.Crime].Text-End-Step-Lose;"Время истекло. Пацаны говорят, что ""бугор"" из тебя никакой... Поражение!"
[Groups.Bandits.Exploring].Text-End-Standart-Victory;Победа! Группировка контролирует всю территорию. Грабить больше некого. Мародерствовать тоже вскоре будет негде… Верхушка уже активно переключается на выгодные контракты, идущие от правительства. В Зоне теперь часто можно встретить группы Ученых делающих свои замеры анимальной активности под чуткой охраной местных «братков». Вчерашние бандиты уже ходили и занимались тем, делом, что когда-то считали слишком грязным для себя – искали артефакты, добывали части тел мутантов, делали какие-то не понятные замеры не менее не понятными приборами. Не всем это нравилось, поэтому находились отдельные группы людей, которые организовывали нападение на «своих». С ними старались активно бороться, но таких «несогласных», находилось всё больше и больше, так как далеко немногие нашли себя в новой реальности работы по изучению Зоны…
[Groups.Bandits.Growth].Text-End-Standart-Victory;"Победа! Зона превратилась в криминальное квазигосударство. Зона стала жить ""по понятиям"". Вскоре грабить стало некого и группировка погрязла в распрях. Вместо того чтобы отстреливать монстров и добывать артефакты Бандиты стреляли друг в друга..."
[Groups.Bandits.Growth].Text-End-Standart-Lose;Последний бандит поймал маслину. В Зоне больше нет места криминальному миру... Поражение!
[Groups.Bandits.Growth].Text-End-Step-Lose;"Время истекло. Пацаны говорят, что ""бугор"" из тебя никакой... Поражение!"
[Groups.Bandits.Mercenary].Text-End-Standart-Victory;Победа! Группировка контролирует всю территорию. Грабить больше некого. Мародерствовать тоже вскоре будет негде… Верхушка уже активно переключается на выгодные контракты, идущие с внешнего мира. Но акцент ставился на более криминальные контракты, поэтому Ученых в Зоне, которых охраняли местные бойцы, было практически не встретить, что значительно ограничило изучение Зоны. Правительство планировало предпринять несколько боевых операций, чтобы вернуть контроль над ключевыми объектами Зоны. Скоро снова будет «Война в Зоне»…
[Groups.Bandits.Sectarianism].Text-End-Standart-Victory;Победа! Но не смотря на то, что группировка заняла все территории, так такого контроля над силами не было. Кругом царила неразбериха. Странные речи верхушки, странное поведения всех кто находился на севере Зоны, вновь вскоре включенные пси установки… Все это обеспокоило тех, кто находился на юге. Юг стал вооружаться и формировать собственную иерархию с командирами. Вот-вот начнётся новый этап «Войны в Зоне»…
[Groups.Bandits.Stability].Text-End-Standart-Victory;Победа! Группировка контролирует всю территорию. Грабить больше некого. Мародерствовать тоже вскоре будет негде… Верхушка активно пытается найти новые способы обогащения. Бойцов начали разделять на подгруппы. Кого-то в поиски артефактов, кого-то на охоту за частями тел мутантов, третьих использовали как наёмников для выполнения внешних заказов. Но нашлись и те, кому не подходило что-либо из «мирного» ремесла. Вскоре начались первые конфликты и последовавшие за ними бои. Внутреннюю иерархию группировки штормило и неизвестно чем всё закончится…
[Groups.Bandits.Stalkers].Text-End-Standart-Victory;Победа! Группировка вскоре всё меньше и меньше по своему поведению походила на то, чем являлась изначально. Криминала действительно стало меньше. Платишь долю – можешь ходить и добывать артефакты. Никто мешать не должен. А если кто-то и будет, то тех ребят найдут. Быстро найдут. Но если у них найдутся покровители в верхах, то отпустят словесно попугав. Поэтому в скорее внутри группировки образовались отдельные группы со своими лидерами, которые тянули группировку к вооруженному внутреннему конфликту…
[Groups.Bandits.Unknow].Text-End-Standart-Victory;"Победа! Зона превратилась в криминальное квазигосударство. Зона стала жить ""по понятиям"". Вскоре грабить стало некого и группировка погрязла в распрях. Вместо того чтобы отстреливать монстров и добывать артефакты Бандиты стреляли друг в друга..."
[Groups.Bandits.Unknow].Text-End-Standart-Lose;Последний бандит поймал маслину. В Зоне больше нет места криминальному миру... Поражение!
[Groups.Bandits.Unknow].Text-End-Step-Lose;"Время истекло. Пацаны говорят, что ""бугор"" из тебя никакой... Поражение!"
[Groups.Bandits.Zombie].Text-End-Standart-Victory;Победа! Теперь О-Сознание в безопасности. Вскоре пси-излучение покрыло всю Зону благодаря увеличению числа излучателей. Даже Кордон стал опасен. Правительство хоть и не выпускало мутантов из Зоны, но больше не пыталось вернуть ее...
[Groups.Mercenaries.:main].Spy1-Name;Новичок
[Groups.Mercenaries.:main].Spy2-Name;Опытный
[Groups.Mercenaries.:main].Spy3-Name;Ветеран
[Groups.Mercenaries.:main].Spy4-Name;Мастер
[Groups.Mercenaries.:main].Name;Наёмники
[Groups.Mercenaries.:main].Description;Наёмники – достаточно скрытная военизированная группировка со специализацией на выполнении каких-либо заказов поступивших как из самой Зоны, так и извне. Имеет не самое удобное расположение для контроля своих территорий, поэтому целью лидера скорее всего станет смена базы группировки на более продуманную и удобную.
[Groups.Mercenaries.:main].DiplomacyText-Question-War;На вас поступил заказ. Ничего личного. Только бизнес.
[Groups.Mercenaries.:main].DiplomacyText-Question-Neutral;Нам обоим эта война не выгодна. Как на счет мира?
[Groups.Mercenaries.:main].DiplomacyText-Question-Alliance;Нам было бы выгодно более тесное сотрудничество с вами. Согласны?
[Groups.Mercenaries.:main].DiplomacyText-Question-BreakAlliance;Мы больше не будем сотрудничать с вами.
[Groups.Mercenaries.:main].DiplomacyText-RequestMoney-Ask;У нас тут парочка накладок вышла с кое-какими контрактами. Нам бы финансовую помощь в таком вот размере:
[Groups.Mercenaries.:main].DiplomacyText-Ans-0-Down;Больше дел с вами вести не будем!
[Groups.Mercenaries.:main].DiplomacyText-Ans-1-Down;Печально, вы упускаете свою выгоду.
[Groups.Mercenaries.:main].DiplomacyText-Ans-1-No;Сейчас нам это не выгодно.
[Groups.Mercenaries.:main].DiplomacyText-Ans-1-Yes;Хорошо, надеемся на взаимовыгодное партнерство.
[Groups.Mercenaries.:main].DiplomacyText-Ans-2-No;В данный момент нам это не выгодно.
[Groups.Mercenaries.:main].DiplomacyText-Ans-2-Yes;Ок, нам это выгодно.
[Groups.Mercenaries.:main].DiplomacyText-RequestMoney-Ans-No;У нас сейчас не так много премиальных с контрактов, так что помочь не сможем.
[Groups.Mercenaries.:main].DiplomacyText-RequestMoney-Ans-Yes;Ладно, перевели.
[Groups.Mercenaries.:main].DiplomacyText-Question-Neutral-No;Отказались? Ну и ладно.
[Groups.Mercenaries.:main].DiplomacyText-Question-Neutral-Yes;Отлично, хорошо что Вы согласились!
[Groups.Mercenaries.:main].DiplomacyText-Question-Alliance-No;Отказались? Ну и ладно.
[Groups.Mercenaries.:main].DiplomacyText-Question-Alliance-Yes;Отлично, хорошо что Вы согласились!
[Groups.Mercenaries.:main].Text-End-Step-Victory;Вы выжили! Победа!
[Groups.Mercenaries.:main].Text-End-EventFlag-Victory;Победа по ивент флагу!
[Groups.Mercenaries.:main].Text-End-Standart-Lose;Группировка была полностью уничтожена, теперь Зону буду делить другие группировки. Поражение!
[Groups.Mercenaries.:main].Text-End-Step-Lose;Время истекло, Вы не смогли добиться контроля над Зоной. Поражение!
[Groups.Mercenaries.:main].Text-End-EventFlag-Lose;Время истекло, Вы не смогли добиться контроля над Зоной. Поражение!
[Groups.Mercenaries.Anarchy].Text-End-Standart-Victory;Победа! Вскоре верхушка группировки открыто стала идти на конфликт с правительством. Множество различных документов активно сливалась в СМИ за хорошие для наёмников деньги. Государственные силы уже готовят новый план по штурму ключевых территорий. Похоже, уже совсем скоро начнётся новая «Война в Зоне»…
[Groups.Mercenaries.AntiZone].Text-End-Standart-Victory;Победа! Вскоре верхушка группировки договорилась с правительством. Часть территорий была передана под контроль Военных. Множество наёмников решили покинуть Зону, так как всё скатилось к контрактам на поиск артефактов и охоте на мутантов. Похоже на территории отчуждения не стоит ожидать новых крупных войн…
[Groups.Mercenaries.Control].Text-End-Standart-Victory;Победа! Вскоре верхушка группировки договорилась с правительством. Часть территорий была передана под контроль Военных. Множество наёмников решили покинуть Зону, так как всё скатилось к контрактам на поиск артефактов и охоте на мутантов. Похоже на территории отчуждения не стоит ожидать новых крупных войн…
[Groups.Mercenaries.Crime].Text-End-Standart-Victory;Победа! Вскоре Зона стала крупной базой для наёмников со всего мира. Криминального элемента становилось всё больше. Численность мутантов плохо контролировалась. По всей территории отчуждения постоянно вспыхивают мелкие столкновения. Вряд ли это хорошо закончится…
[Groups.Mercenaries.Exploring].Text-End-Standart-Victory;Победа! Вскоре верхушка группировки договорилась с правительством. Часть территорий была передана под контроль Военных. Множество наёмников решили покинуть Зону, так как всё скатилось к контрактам на поиск артефактов и охоте на мутантов. Похоже на территории отчуждения не стоит ожидать новых крупных войн…
[Groups.Mercenaries.Growth].Text-End-Standart-Victory;"Победа! Вскоре Зона стала крупной базой для наёмников со всего мира. В ней тренировались бойцы для отправки в любые горячие точки планеты. Численность мутантов строго контролировалась. Для богатых клиентов даже организовывали ""Сафари""..."
[Groups.Mercenaries.Growth].Text-End-Standart-Lose;Ваша группировка полностью уничтожена. Последние наёмники разошлись кто куда по другим группировкам, где им предложили хорошую оплату. Поражение!
[Groups.Mercenaries.Mercenary].Text-End-Standart-Victory;"Победа! Вскоре Зона стала крупной базой для наёмников со всего мира. В ней тренировались бойцы для отправки в любые горячие точки планеты. Численность мутантов строго контролировалась. Для богатых клиентов даже организовывали ""Сафари""..."
[Groups.Mercenaries.Mercenary].Text-End-Standart-Lose;Ваша группировка полностью уничтожена. Последние наёмники разошлись кто куда по другим группировкам, где им предложили хорошую оплату. Поражение!
[Groups.Mercenaries.Sectarianism].Text-End-Standart-Victory;Победа! Вскоре Зона стала крупной базой для наёмников со всего мира. В ней тренировались бойцы для отправки в любые горячие точки планеты. Отличные бойцы, способные выполнять любые грязные приказы без лишних вопросов, у которых абсолютно отсутствует страх – клиенты таких очень любили, хотя и озадачивались их религиозными взглядами. Правительство долго тянуло с решением этой проблемы, так как все прогнозы по штурмам говорили о высоких потерях. Было решено организовать множественное внедрение для попытки контроля группировки. Посмотрим, чем это закончится…
[Groups.Mercenaries.Stability].Text-End-Standart-Victory;"Победа! Вскоре Зона стала крупной базой для наёмников со всего мира. В ней тренировались бойцы для отправки в любые горячие точки планеты. Численность мутантов строго контролировалась. Для богатых клиентов даже организовывали ""Сафари""..."
[Groups.Mercenaries.Stalkers].Text-End-Standart-Victory;"Победа! Вскоре Зона стала крупной базой для наёмников со всего мира. В ней тренировались бойцы для отправки в любые горячие точки планеты. Численность мутантов строго контролировалась. Для богатых клиентов даже организовывали ""Сафари""..."
[Groups.Mercenaries.Unknow].Text-End-Standart-Victory;"Победа! Вскоре Зона стала крупной базой для наёмников со всего мира. В ней тренировались бойцы для отправки в любые горячие точки планеты. Численность мутантов строго контролировалась. Для богатых клиентов даже организовывали ""Сафари""..."
[Groups.Mercenaries.Unknow].Text-End-Standart-Lose;Ваша группировка полностью уничтожена. Последние наёмники разошлись кто куда по другим группировкам, где им предложили хорошую оплату. Поражение!
[Groups.Mercenaries.Zombie].Text-End-Standart-Victory;Победа! Теперь О-Сознание в безопасности. Вскоре пси-излучение покрыло всю Зону благодаря увеличению числа излучателей. Даже Кордон стал опасен. Правительство хоть и не выпускало мутантов из Зоны, но больше не пыталось вернуть ее...
[Groups.Monolith.:main].Spy1-Name;Новичок
[Groups.Monolith.:main].Spy2-Name;Опытный
[Groups.Monolith.:main].Spy3-Name;Ветеран
[Groups.Monolith.:main].Spy4-Name;Мастер
[Groups.Monolith.:main].Name;Монолит
[Groups.Monolith.:main].Description;Монолит – группировка, служащая щитом О-Сознания. Главная цель – защита Зоны от какого-либо внешнего вмешательства. Крайне враждебна к любым другим группировкам. Несмотря на преимущество в вооружении имеет проблемы с контролем своих территорий, так как расположена на севере Зоны.
[Groups.Monolith.:main].DiplomacyText-Question-War;Найти и искоренить!
[Groups.Monolith.:main].DiplomacyText-Question-Neutral;Монолит повелел нам заключить с вами мир. Вы согласны или как?
[Groups.Monolith.:main].DiplomacyText-Question-Alliance;Монолит велел нам стать вашими друзьями.
[Groups.Monolith.:main].DiplomacyText-Question-BreakAlliance;Монолит недоволен нашим союзом!
[Groups.Monolith.:main].DiplomacyText-RequestMoney-Ask;По воле Великого Монолита мы отправяем вам запрос на денежный перевод для наших братьев в таком вот размере:
[Groups.Monolith.:main].DiplomacyText-Ans-0-Down;Обнаружить и искоренить! *Собеседник добавил вас в черный список*
[Groups.Monolith.:main].DiplomacyText-Ans-1-Down;Такое Монолит точно не одобрит! *Собеседник удалил вас из друзей*
[Groups.Monolith.:main].DiplomacyText-Ans-1-No;Ты познаешь гнев Монолита! *Собеседник вышел из чата*
[Groups.Monolith.:main].DiplomacyText-Ans-1-Yes;И придет день, и Монолит вновь воссияет во славе своей! *Собеседник вышел из чата*
[Groups.Monolith.:main].DiplomacyText-Ans-2-No;Монолит точно не даст согласия своего. *Собеседник вышел из чата*
[Groups.Monolith.:main].DiplomacyText-Ans-2-Yes;Никому не верь кроме Монолита и братьев его, никому. *Собеседник добавил вас в друзья*
[Groups.Monolith.:main].DiplomacyText-RequestMoney-Ans-No;Монолит сказал не проявлять милосердие к неверным! *Собеседник исключил вас из чата*
[Groups.Monolith.:main].DiplomacyText-RequestMoney-Ans-Yes;Монолит велел проявить жалость к слепцам и сделать вам денежный перевод.
[Groups.Monolith.:main].DiplomacyText-Question-Neutral-No;Тогда мы вас найдем и уничтожим!
[Groups.Monolith.:main].DiplomacyText-Question-Neutral-Yes;Иначе и не могло быть. Всё по воле Великого Монолита!
[Groups.Monolith.:main].DiplomacyText-Question-Alliance-No;Зря вы не следуете воле Монолита.
[Groups.Monolith.:main].DiplomacyText-Question-Alliance-Yes;Да возрадуются братья наши и ужаснутся наши враги!
[Groups.Monolith.:main].Text-End-Step-Victory;Вы выжили! Победа!
[Groups.Monolith.:main].Text-End-EventFlag-Victory;Победа по ивент флагу!
[Groups.Monolith.:main].Text-End-Standart-Lose;Группировка была полностью уничтожена, теперь Зону буду делить другие группировки. Поражение!
[Groups.Monolith.:main].Text-End-Step-Lose;Время истекло, Вы не смогли добиться контроля над Зоной. Поражение!
[Groups.Monolith.:main].Text-End-EventFlag-Lose;Время истекло, Вы не смогли добиться контроля над Зоной. Поражение!
[Groups.Monolith.Anarchy].Text-End-Standart-Victory;Победа! О-Сознание с помощью монолитовцев надежно контролирует Зону. Но так лишь может показаться со стороны. Из-за нехватки мощности пси установок люди на юге Зоны стали постепенно приходить в себя. Ко многим из них возвращались воспоминания. Местами назревают столкновения. Проповедники уже докладывают о росте числа сопротивления. Уже целые подразделения отказываются слушаться приказов. Похоже, они собираются освободить товарищей на севере… Грядет новая «Война в Зоне»…
[Groups.Monolith.AntiZone].Text-End-Standart-Victory;Победа! О-Сознание с помощью монолитовцев надежно контролирует Зону. Но так лишь может показаться со стороны. Из-за нехватки мощности пси установок люди на юге Зоны стали постепенно приходить в себя. Ко многим из них возвращались воспоминания. Местами назревают столкновения. Проповедники уже докладывают о росте числа сопротивления. Уже целые подразделения отказываются слушаться приказов. Похоже, они собираются освободить товарищей на севере… Грядет новая «Война в Зоне»…
[Groups.Monolith.Control].Text-End-Standart-Victory;Победа! О-Сознание с помощью монолитовцев надежно контролирует Зону. Но так лишь может показаться со стороны. Из-за нехватки мощности пси установок люди на юге Зоны стали постепенно приходить в себя. Ко многим из них возвращались воспоминания. Местами назревают столкновения. Проповедники уже докладывают о росте числа сопротивления. Уже целые подразделения отказываются слушаться приказов. Похоже, они собираются освободить товарищей на севере… Грядет новая «Война в Зоне»…
[Groups.Monolith.Crime].Text-End-Standart-Victory;Победа! О-Сознание с помощью монолитовцев надежно контролирует Зону. Но так лишь может показаться со стороны. Из-за нехватки мощности пси установок люди на юге Зоны стали постепенно приходить в себя. Ко многим из них возвращались воспоминания. Местами назревают столкновения. Проповедники уже докладывают о росте числа сопротивления. Уже целые подразделения отказываются слушаться приказов. Похоже, они собираются освободить товарищей на севере… Грядет новая «Война в Зоне»…
[Groups.Monolith.Exploring].Text-End-Standart-Victory;Победа! О-Сознание с помощью монолитовцев надежно контролирует Зону. Но так лишь может показаться со стороны. Из-за нехватки мощности пси установок люди на юге Зоны стали постепенно приходить в себя. Ко многим из них возвращались воспоминания. Местами назревают столкновения. Проповедники уже докладывают о росте числа сопротивления. Уже целые подразделения отказываются слушаться приказов. Похоже, они собираются освободить товарищей на севере… Грядет новая «Война в Зоне»…
[Groups.Monolith.Growth].Text-End-Standart-Victory;Победа! О-Сознание с помощью монолитовцев надежно контролирует Зону. Теперь правительство больше не вмешивается. Монолитовцы расстреливают всех, кто пытается проникнуть в Зону. Вскоре она стала полностью закрыта для посторонних глаз...
[Groups.Monolith.Growth].Text-End-Standart-Lose;"О-сознание в панике. Ее верный пёс - группировка Монолит - полностью уничтожена! Уже разрабатывается новый план по защите важных персон ""Института"""
[Groups.Monolith.Mercenary].Text-End-Standart-Victory;Победа! О-Сознание с помощью монолитовцев надежно контролирует Зону. Но так лишь может показаться со стороны. Из-за нехватки мощности пси установок люди на юге Зоны стали постепенно приходить в себя. Ко многим из них возвращались воспоминания. Местами назревают столкновения. Проповедники уже докладывают о росте числа сопротивления. Уже целые подразделения отказываются слушаться приказов. Похоже, они собираются освободить товарищей на севере… Грядет новая «Война в Зоне»…
[Groups.Monolith.Sectarianism].Text-End-Standart-Victory;Победа! О-Сознание с помощью монолитовцев надежно контролирует Зону. Теперь правительство больше не вмешивается. Монолитовцы расстреливают всех, кто пытается проникнуть в Зону. Вскоре она стала полностью закрыта для посторонних глаз...
[Groups.Monolith.Sectarianism].Text-End-Standart-Lose;"О-сознание в панике. Ее верный пёс - группировка Монолит - полностью уничтожена! Уже разрабатывается новый план по защите важных персон ""Института"""
[Groups.Monolith.Stability].Text-End-Standart-Victory;Победа! О-Сознание с помощью монолитовцев надежно контролирует Зону. Но так лишь может показаться со стороны. Из-за нехватки мощности пси установок люди на юге Зоны стали постепенно приходить в себя. Ко многим из них возвращались воспоминания. Местами назревают столкновения. Проповедники уже докладывают о росте числа сопротивления. Уже целые подразделения отказываются слушаться приказов. Похоже, они собираются освободить товарищей на севере… Грядет новая «Война в Зоне»…
[Groups.Monolith.Stalkers].Text-End-Standart-Victory;Победа! О-Сознание с помощью монолитовцев надежно контролирует Зону. Но так лишь может показаться со стороны. Из-за нехватки мощности пси установок люди на юге Зоны стали постепенно приходить в себя. Ко многим из них возвращались воспоминания. Местами назревают столкновения. Проповедники уже докладывают о росте числа сопротивления. Уже целые подразделения отказываются слушаться приказов. Похоже, они собираются освободить товарищей на севере… Грядет новая «Война в Зоне»…
[Groups.Monolith.Unknow].Text-End-Standart-Victory;Победа! О-Сознание с помощью монолитовцев надежно контролирует Зону. Теперь правительство больше не вмешивается. Монолитовцы расстреливают всех, кто пытается проникнуть в Зону. Вскоре она стала полностью закрыта для посторонних глаз...
[Groups.Monolith.Unknow].Text-End-Standart-Lose;"О-сознание в панике. Ее верный пёс - группировка Монолит - полностью уничтожена! Уже разрабатывается новый план по защите важных персон ""Института"""
[Groups.Monolith.Zombie].Text-End-Standart-Victory;Победа! Теперь О-Сознание в безопасности. Вскоре пси-излучение покрыло всю Зону благодаря увеличению числа излучателей. Даже Кордон стал опасен. Правительство хоть и не выпускало мутантов из Зоны, но больше не пыталось вернуть ее...
[Groups.Soldiers.:main].Spy1-Name;Новичок
[Groups.Soldiers.:main].Spy2-Name;Опытный
[Groups.Soldiers.:main].Spy3-Name;Ветеран
[Groups.Soldiers.:main].Spy4-Name;Мастер
[Groups.Soldiers.:main].Name;Военные
[Groups.Soldiers.:main].Description;Военные – государственные силы на территории Зоны. Считают своими врагами всё живое внутри периметра кроме Экологов. Имеют отличную амуницию в плане борьбы с любыми сталкерами, однако, плохо приспособлены к аномальным порождениям Зоны.
[Groups.Soldiers.:main].DiplomacyText-Question-War;Ваше нахождение в Зоне теперь считается незаконным. Попадетёсь - расстрел на месте!
[Groups.Soldiers.:main].DiplomacyText-Question-Neutral;Командование считает, что нам нужно снизить оперативную активность. Как насчет перемирия?
[Groups.Soldiers.:main].DiplomacyText-Question-Alliance;Командование считает, что нам нужен союзник в Зоне для проведения операций. Вы согласны?
[Groups.Soldiers.:main].DiplomacyText-Question-BreakAlliance;Мы больше не будем сотрудничать!
[Groups.Soldiers.:main].DiplomacyText-RequestMoney-Ask;Правительственным силам требуется финансовое содействие на новый особняк генерал.. Кхм. На... На выполнение особых задач вот в таком размере. Поможите?
[Groups.Soldiers.:main].DiplomacyText-Ans-0-Down;Да мы тебя в порошок сотрём!
[Groups.Soldiers.:main].DiplomacyText-Ans-1-Down;Это еще как понимать?
[Groups.Soldiers.:main].DiplomacyText-Ans-1-No;Нет, мы не можем закрыть глаза на ваше присутствие в Зоне.
[Groups.Soldiers.:main].DiplomacyText-Ans-1-Yes;Ладно, мы закроем глаза на ваше присутствие в Зоне...
[Groups.Soldiers.:main].DiplomacyText-Ans-2-No;Нет, мы не можем закрыть глаза на ваше присутствие в Зоне.
[Groups.Soldiers.:main].DiplomacyText-Ans-2-Yes;Армии нужен союзник в Зоне. Хорошо, мы согласны.
[Groups.Soldiers.:main].DiplomacyText-RequestMoney-Ans-No;Нет, мы не оказываем финансовую помощь!
[Groups.Soldiers.:main].DiplomacyText-RequestMoney-Ans-Yes;Да, начальство согласилось помочь вам с финансами
[Groups.Soldiers.:main].DiplomacyText-Question-Neutral-No;Отказались? Ну.. Это Вы зря!
[Groups.Soldiers.:main].DiplomacyText-Question-Neutral-Yes;Отлично, хорошо что Вы согласились!
[Groups.Soldiers.:main].DiplomacyText-Question-Alliance-No;Отказались? Ну.. Это Вы зря!
[Groups.Soldiers.:main].DiplomacyText-Question-Alliance-Yes;Отлично, хорошо что Вы согласились!
[Groups.Soldiers.:main].Text-End-Step-Victory;Вы выжили! Победа!
[Groups.Soldiers.:main].Text-End-EventFlag-Victory;Победа по ивент флагу!
[Groups.Soldiers.:main].Text-End-Standart-Lose;Группировка была полностью уничтожена, теперь Зону буду делить другие группировки. Поражение!
[Groups.Soldiers.:main].Text-End-Step-Lose;Время истекло, Вы не смогли добиться контроля над Зоной. Вы разжалованы. Поражение!
[Groups.Soldiers.:main].Text-End-EventFlag-Lose;Время истекло, Вы не смогли добиться контроля над Зоной. Поражение!
[Groups.Soldiers.Anarchy].Text-End-Standart-Victory;Победа! Правительство взяло под контроль Зону и как только ознакомилось с документами из лабораторий, было принято решение всё сразу же засекретить. Но часть документации попало странным образом в руки общественности. Оружие, опыты над людьми, причина появления Зоны... Теперь многое из этого стало достояние общественности...
[Groups.Soldiers.AntiZone].Text-End-Standart-Victory;Победа! Правительство взяло под контроль Зону и как только ознакомилось с документами из лабораторий, было принято решение всё сразу же засекретить. Оружие, опыты над людьми, причина появления Зоны... Теперь это навсегда останется тайной... Новым приоритетом стало уничтожение любых проявлений Зоны. Главная цель – мутанты. Были сформированы специальные группы вооруженные дробовиками и огнемётами для уничтожения любого существа, даже если это были мелкие крысы. Убрать аномальные проявления Зоны – новый приказ правительства, который необходимо выполнить.
[Groups.Soldiers.Control].Text-End-Standart-Victory;Победа! Правительство взяло под контроль Зону и как только ознакомилось с документами из лабораторий, было принято решение всё сразу же засекретить. Оружие, опыты над людьми, причина появления Зоны... Теперь это навсегда останется тайной...
[Groups.Soldiers.Control].Text-End-Standart-Lose;Военных в Зоне не осталось... Теперь неизвестно чем всё кончится без правительственных сил. Вы разжалованы за провал! Поражение!
[Groups.Soldiers.Crime].Text-End-Standart-Victory;Победа! Правительство взяло под контроль Зону. Но коррупция и разгильдяйство процветало. На рейды против мутантов почему-то не хватало то амуниции, то из-за не годности, то из-за отсутствия нужного на складах… Охрана периметра отчуждения занималось не охраной, а сбором взяток при провозе запрещенных предметов, например, артефактов. Неизвестно к чему приведет такое не внимательное отношение к Зоне, но вряд ли к чему-то хорошему…
[Groups.Soldiers.Exploring].Text-End-Standart-Victory;Победа! Правительственные войска смогли взять под контроль всю территорию отчуждения и теперь стремительно наводят порядок. Новым приоритетом стало обеспечение безопасности исследовательских групп. Были сформированы различные мелкие отряды из солдат специального назначения для операций в особо опасных условиях. Так называли подземные комплексы и лаборатории, которых на удивление генералов, оказалось в несколько раз больше, чем предполагалось изначально. Вся добытая информация стремительно засекречивалась и общественность знала о Зоне только, что говорило им правительство.
[Groups.Soldiers.Growth].Text-End-Standart-Victory;Победа! Правительство взяло под контроль Зону и как только ознакомилось с документами из лабораторий, было принято решение всё сразу же засекретить. Оружие, опыты над людьми, причина появления Зоны... Теперь это навсегда останется тайной...
[Groups.Soldiers.Growth].Text-End-Standart-Lose;Военных в Зоне не осталось... Теперь неизвестно чем всё кончится без правительственных сил. Вы разжалованы за провал! Поражение!
[Groups.Soldiers.Mercenary].Text-End-Standart-Victory;Победа! Правительственные войска смогли взять под контроль всю территорию отчуждения и теперь стремительно наводят порядок. Но среди командиров царила коррупция. Некоторые стали промышлять подозрительными контрактами от частных фирм. Образовались различные мелкие отряды из солдат, которые занимались добычей артефактов и ловлей мутантов для частных «коллекционеров». Служба или деньги? Этим вопросом задавались все без исключений…
[Groups.Soldiers.Sectarianism].Text-End-Standart-Victory;Победа! Правительство взяло под контроль Зону, но командиры на местах всё меньше соблюдали субординацию. Ротация не помогала. СБУ докладывало о неком элементе сектантства среди командиров, но подробнее расследовать не получалось. Командиры умело заметали следы. На столько, что даже О-Сознание так и не было найдено, о котором говорилось в найденных документах…
[Groups.Soldiers.Stability].Text-End-Standart-Victory;Победа! Правительственные войска смогли взять под контроль всю территорию отчуждения и теперь стремительно наводят порядок. Были сформированы различные мелкие отряды из солдат специального назначения для операций в особо опасных условиях. Так называли подземные комплексы и лаборатории, которых на удивление генералов, оказалось в несколько раз больше, чем предполагалось изначально. Вся добытая информация стремительно засекречивалась и общественность знала о Зоне только, что говорило им правительство.
[Groups.Soldiers.Stalkers].Text-End-Standart-Victory;Победа! Правительство взяло под контроль Зону. Оно решило не только бороться с Зоной, но и скрытно на ней подзаработать. Были сформированы несколько секретных отрядов военных сталкеров для поиска особо ценных артефактов, которые потом продавались на черном рынке за рубежом для обогащения некоторых из «верхов». Таким образом, впоследствии появились так называемые «артефактные олигархи»…
[Groups.Soldiers.Unknow].Text-End-Standart-Victory;Победа! Правительство взяло под контроль Зону и как только ознакомилось с документами из лабораторий, было принято решение всё сразу же засекретить. Оружие, опыты над людьми, причина появления Зоны... Теперь это навсегда останется тайной...
[Groups.Soldiers.Unknow].Text-End-Standart-Lose;Военных в Зоне не осталось... Теперь неизвестно чем всё кончится без правительственных сил. Вы разжалованы за провал! Поражение!
[Groups.Soldiers.Zombie].Text-End-Standart-Victory;Победа! Теперь О-Сознание в безопасности. Вскоре пси-излучение покрыло всю Зону благодаря увеличению числа излучателей. Даже Кордон стал опасен. Правительство хоть и не выпускало мутантов из Зоны, но больше не пыталось вернуть ее...
[Groups.Stalkers.:main].Spy1-Name;Новичок
[Groups.Stalkers.:main].Spy2-Name;Опытный
[Groups.Stalkers.:main].Spy3-Name;Ветеран
[Groups.Stalkers.:main].Spy4-Name;Мастер
[Groups.Stalkers.:main].Name;Одиночки
[Groups.Stalkers.:main].Description;Одиночки не имеют четкой иерархии и лидера. Преимуществом можно считать их предрасположенность к поиску артефактов, что благоприятно скажется на финансовом положении в умелых руках. Однако подконтрольные им территории разбросаны по локациям, что несет за собой большую сложность в плане их удержания. Группировке необходимо определиться с приоритетами в своем развитии.
[Groups.Stalkers.:main].DiplomacyText-Question-War;Мы объявляем вам войну!
[Groups.Stalkers.:main].DiplomacyText-Question-Neutral;Пора закончить эту бойню, мы готовы к миру, а Вы?
[Groups.Stalkers.:main].DiplomacyText-Question-Alliance;Мы хотим заключить с вами союз. Вы согласны?
[Groups.Stalkers.:main].DiplomacyText-Question-BreakAlliance;Мы расторгаем союз!
[Groups.Stalkers.:main].DiplomacyText-RequestMoney-Ask;У нас тут финансовые затруднения возникли. Нам бы помощь не помешала. Нас интересует сумма в таком вот размере:
[Groups.Stalkers.:main].DiplomacyText-Ans-0-Down;Ну ты и крыса! Война, так война!
[Groups.Stalkers.:main].DiplomacyText-Ans-1-Down;Да будет так.
[Groups.Stalkers.:main].DiplomacyText-Ans-1-No;На данный момент мы не видим в этом необходимости.
[Groups.Stalkers.:main].DiplomacyText-Ans-1-Yes;Да, мы согласны на прекращение огня.
[Groups.Stalkers.:main].DiplomacyText-Ans-2-No;Мы не уверены, что нам сейчас это нужно.
[Groups.Stalkers.:main].DiplomacyText-Ans-2-Yes;Да, мы согласны на сотрудничество.
[Groups.Stalkers.:main].DiplomacyText-RequestMoney-Ans-No;Увы, но сейчас мы не в состоянии помочь такой суммой.
[Groups.Stalkers.:main].DiplomacyText-RequestMoney-Ans-Yes;Ладно, мы перечислим вам эту сумму.
[Groups.Stalkers.:main].DiplomacyText-Question-Neutral-No;Очень жаль, что Вы отказались!
[Groups.Stalkers.:main].DiplomacyText-Question-Neutral-Yes;Хорошо! Мы рады, что Вы согласны!
[Groups.Stalkers.:main].DiplomacyText-Question-Alliance-No;Очень жаль, что Вы отказались!
[Groups.Stalkers.:main].DiplomacyText-Question-Alliance-Yes;Хорошо! Мы рады, что Вы согласны!
[Groups.Stalkers.:main].Text-End-Step-Victory;Вы выжили! Победа!
[Groups.Stalkers.:main].Text-End-EventFlag-Victory;Задание выполнено! Данная часть обучания пройдена.
[Groups.Stalkers.:main].Text-End-Standart-Lose;Группировка была полностью уничтожена, теперь Зону буду делить другие группировки. Поражение!
[Groups.Stalkers.:main].Text-End-Step-Lose;Время истекло, Вы не смогли добиться контроля над Зоной. Поражение!
[Groups.Stalkers.:main].Text-End-EventFlag-Lose;Время истекло, Вы не смогли добиться контроля над Зоной. Поражение!
[Groups.Stalkers.Anarchy].Text-End-Standart-Victory;Победа! Вскоре единая группировка сталкеров разработала ряд правил похожих на тех, что были у группировки Свобода, но с некоторыми явными отличиями. Упор делался на деньги, а не на идею. Через некоторое время внутри группировки стали образовываться «отдельные» группы по «интересам», что привело к расколу в верхах. Многие заговорили, что скоро начнется новый этап «Войны в Зоне»…
[Groups.Stalkers.AntiZone].Text-End-Standart-Victory;Победа! Вскоре единая группировка сталкеров разработала ряд правил похожих на тех, что были у группировки Долг, но без армейского уклона. Не всем это понравилось, но несогласные молчали, так как новое руководство всеми силами боролась с любыми проявлениями Зоны, что позволяло безопаснее собирать артефакты и не бояться за бандитов. Охота на мутантов была поставлена на поток, так что даже слепых псов на юге было не встретить. Командование группировки активно сотрудничала с Учеными и старалось не конфликтовать с Военными, что привело к новому этапу изучения Зоны, но ее тайны крайне неохотно раскрывались общественности.
[Groups.Stalkers.Control].Text-End-Standart-Victory;Победа! Вскоре сталкеры разработали ряд правил, которые были призваны наладить порядок в Зоне. Даже воинские звания заменили ранги. От старой неразберихи в командовании ни осталось не следа. Была налажена четкая система подчинения и командования, новые люди в Зоне принудительно включались в эту иерархию, а тех, кто был не согласен, сразу сдавали Военным за Кордон без лишних разговоров. Ходили слухи, что в верхах группировки сидели люди из военного руководства, но ни кто не смог это доказать. Или, возможно, не успевал опубликовать доказательства, так как его забирали Военные в неизвестном направлении. Зона стала менее открытой, но более безопасной, особенно для правительственных организаций.
[Groups.Stalkers.Crime].Text-End-Standart-Victory;Победа! Вскоре сталкеры создали правило, что в Зоне будет только одна группировка, и каждый человек обязан платить долю, а с торговцев стали собирать пошлину. Тех, кто не мог платить - сдавали военным за Кордон. Зона стала менее открытой для изучения правительственными силами и криминальность порядков снизило приток новых людей на охраняемую сталкерами территорию.
[Groups.Stalkers.Exploring].Text-End-Standart-Victory;Победа! Вскоре группировка вольных сталкеров стала активно сотрудничать со всеми учеными внутри Зоны. Добыча частей тел мутантов, артефактов, замеры аномальной активности… Все стали таким образом зарабатывать себе на жизнь. За любыми документами из подземных лабораторий началась настоящая охота. Мало их добыть… Нужно еще как-то донести эти бумажки до ближайшего бункера Ученых. И не помогал тот факт, что бункеров стало на порядок больше. Охотники за головами – вот новый бич Зоны. Если кто-то узнает, что у какого-то сталкера хоть одна бумажка из лаборатории или, на крайний случай, мало-мальски ценный для ученых предмет… Его смело можно записывать в покойники. Он не дойдет ни до одного бункера. Люди в Зоне разделились на две группы – тот, кто добывает и тот, кто охотится на тех, кому удалось что-либо добыть. Повсюду стреляли. Постепенно в Зоне становилось всё опаснее и опаснее…
[Groups.Stalkers.Growth].Text-End-Standart-Victory;Победа! Вскоре вольные сталкеры создали правило, что в Зоне больше не будет каких-либо группировок, а тех, кто решал заняться бандитизмом - сдавали военным за Кордон. Зона стала открыта для изучения всем желающим. И менее опасна.
[Groups.Stalkers.Growth].Text-End-Standart-Lose;Одиночки были полностью уничтожены, теперь Зону буду делить только группировки. Вольных сталкеров не осталось! Поражение!
[Groups.Stalkers.Mercenary].Text-End-Standart-Victory;Победа! Вскоре группировка вольных сталкеров стала всё больше и больше походить на обычных наёмников. Четкая иерархия разваливалась, группировка дробилась. «Заказы» стали править нынешним порядком. Убийства участились на столько, что Зона стала полна «профессиональными киллерами». Но пока люди грызлись между собой за так любимые ими деньги, Зона стала намного более опасной, так как на монстров обращали на много меньше внимания, чем следует. Поговаривали, что на Кордоне уже несколько раз видели новых неизвестных ранее и крайней опасных монстров.
[Groups.Stalkers.Sectarianism].Text-End-Standart-Victory;Победа! Вскоре группировка вольных сталкеров стала всё больше и больше походить на сектантов. В «низах» ходили слухи, что «верхушка» находится под влиянием «некоторых сил с севера». В словах командиров всё больше мелькали фразы религиозного характера. Велись активные боевые действия с правительственными силами, чтобы расширить своё влияние за пределы периметра. С каждым днём всё больше и больше велась промывка мозгов среди участников группировки, но нашлись и те, кто смог устоять и защитить свой разум. Большинство из них находилось на юге, так как они не подпадали под воздействие пси установок, которые были снова включены. Назревал новый этап «Войны в Зоне»…
[Groups.Stalkers.Stability].Text-End-Standart-Victory;Победа! Вскоре группировка вольных сталкеров из-за отсутствия внешних врагов стало искать их внутри себя. Интриги, скандалы, расстрелы… Вот во что превратилась группировка. Задачи сталкеров скатились к охране и зачистке основных маршрутов в Зоне, а отдалённым участкам внимание практически не уделялось. Это привело к увеличению числа мутантов и тех, кто сбежал туда от всей этой внутренней грызни. С Учеными и Военными группировка сотрудничала, но не особо охотно, что наводило государственные силы на мысль о создании новой базы внутри периметра, что могло привести к новым столкновениям внутри периметра Зоны…
[Groups.Stalkers.Stalkers].Text-End-Standart-Victory;Победа! Вскоре вольные сталкеры создали правило, что в Зоне больше не будет каких-либо группировок, а тех, кто решал заняться бандитизмом - сдавали военным за Кордон. Зона стала открыта для изучения всем желающим. И менее опасна.
[Groups.Stalkers.Stalkers].Text-End-Standart-Lose;Одиночки были полностью уничтожены, теперь Зону буду делить только группировки. Вольных сталкеров не осталось! Поражение!
[Groups.Stalkers.Unknow].Text-End-Standart-Victory;Победа! Вскоре вольные сталкеры создали правило, что в Зоне больше не будет каких-либо группировок, а тех, кто решал заняться бандитизмом - сдавали военным за Кордон. Зона стала открыта для изучения всем желающим. И менее опасна.
[Groups.Stalkers.Unknow].Text-End-Standart-Lose;Одиночки были полностью уничтожены, теперь Зону буду делить только группировки. Вольных сталкеров не осталось! Поражение!
[Groups.Stalkers.Zombie].Text-End-Standart-Victory;Победа! Теперь О-Сознание в безопасности. Вскоре пси-излучение покрыло всю Зону благодаря увеличению числа излучателей. Даже Кордон стал опасен. Правительство хоть и не выпускало мутантов из Зоны, но больше не пыталось вернуть ее...
[Groups.zombie.:main].Spy1-Name;Новичок
[Groups.zombie.:main].Spy2-Name;Опытный
[Groups.zombie.:main].Spy3-Name;Ветеран
[Groups.zombie.:main].Spy4-Name;Мастер
[Groups.zombie.:main].Name;Зомбированные
[Groups.zombie.:main].Description;Группировка доступна только под дебагом
[Groups.zombie.:main].DiplomacyText-Question-War;М-м-м-м-а-а-а-ч-ч-и-и-и-ть!!!!!!!
[Groups.zombie.:main].DiplomacyText-Question-Neutral;М-м-м-м-И-и-и-и-Р-р-р-р!!!!!!!
[Groups.zombie.:main].DiplomacyText-Question-Alliance;C-с-с-с-с-А-а-а-а-а-Ю-ю-ю-ю-З-з-з-з-з!!!!!!!
[Groups.zombie.:main].DiplomacyText-Question-BreakAlliance;М-м-м-м-а-а-а-ч-ч-и-и-и-ть!!!!!!!
[Groups.zombie.:main].DiplomacyText-RequestMoney-Ask;Н-н-а-до де-не-е-е-г! Д-а-а-й:
[Groups.zombie.:main].DiplomacyText-Ans-0-Down;М-м-м-м-а-а-а-ч-ч-и-и-и-ть!!!!!!!
[Groups.zombie.:main].DiplomacyText-Ans-1-Down;М-м-м-м!!!
[Groups.zombie.:main].DiplomacyText-Ans-1-No;М-м-м-м-а-а-а-ч-ч-и-и-и-ть!!!!!!!
[Groups.zombie.:main].DiplomacyText-Ans-1-Yes;М-м-м-м-а-а-а-ч-ч-и-и-и-ть!!!!!!!
[Groups.zombie.:main].DiplomacyText-Ans-2-No;М-м-м-м!!!!!!!
[Groups.zombie.:main].DiplomacyText-Ans-2-Yes;Пр-р-р-и-в-э-т!
[Groups.zombie.:main].DiplomacyText-RequestMoney-Ans-No;Н-е-е-ет...
[Groups.zombie.:main].DiplomacyText-RequestMoney-Ans-Yes;Н-н-а-до де-не-е-е-г Н-а-а....
[Groups.zombie.:main].DiplomacyText-Question-Neutral-No;М-м-м-м-а-а-а-ч-ч-и-и-и-ть!!!!!!!
[Groups.zombie.:main].DiplomacyText-Question-Neutral-Yes;О-о-о-о-о-Т-т-т-т-Л-л-И-и-и-Ч-ч-ч-Н-н-н-О-о-о!!!!!!!
[Groups.zombie.:main].DiplomacyText-Question-Alliance-No;М-м-м-м-а-а-а-ч-ч-и-и-и-ть!!!!!!!
[Groups.zombie.:main].DiplomacyText-Question-Alliance-Yes;М-м-м-м-а-а-а-ч-ч-и-и-и-ть!!!!!!!
[Groups.zombie.:main].Text-End-Step-Victory;Вы выжили! Победа!
[Groups.zombie.:main].Text-End-EventFlag-Victory;Победа! Вы смогли достичь цели!
[Groups.zombie.:main].Text-End-Standart-Lose;Вас искоренили. Поражение!
[Groups.zombie.:main].Text-End-Step-Lose;Время истекло, Вы успели сгнить прежде чем смогли добиться захвата Зоны. Поражение!
[Groups.zombie.:main].Text-End-EventFlag-Lose;Вы не успели достичь цели. Поражение!
[Groups.zombie.Anarchy].Text-End-Standart-Victory;Победа! Теперь О-Сознание в безопасности. Вскоре пси-излучение покрыло всю Зону благодаря увеличению числа излучателей. Даже Кордон стал опасен. Правительство хоть и не выпускало мутантов из Зоны, но больше не пыталось вернуть ее...
[Groups.zombie.AntiZone].Text-End-Standart-Victory;Победа! Теперь О-Сознание в безопасности. Вскоре пси-излучение покрыло всю Зону благодаря увеличению числа излучателей. Даже Кордон стал опасен. Правительство хоть и не выпускало мутантов из Зоны, но больше не пыталось вернуть ее...
[Groups.zombie.Control].Text-End-Standart-Victory;Победа! Теперь О-Сознание в безопасности. Вскоре пси-излучение покрыло всю Зону благодаря увеличению числа излучателей. Даже Кордон стал опасен. Правительство хоть и не выпускало мутантов из Зоны, но больше не пыталось вернуть ее...
[Groups.zombie.Crime].Text-End-Standart-Victory;Победа! Теперь О-Сознание в безопасности. Вскоре пси-излучение покрыло всю Зону благодаря увеличению числа излучателей. Даже Кордон стал опасен. Правительство хоть и не выпускало мутантов из Зоны, но больше не пыталось вернуть ее...
[Groups.zombie.Exploring].Text-End-Standart-Victory;Победа! Теперь О-Сознание в безопасности. Вскоре пси-излучение покрыло всю Зону благодаря увеличению числа излучателей. Даже Кордон стал опасен. Правительство хоть и не выпускало мутантов из Зоны, но больше не пыталось вернуть ее...
[Groups.zombie.Growth].Text-End-Standart-Victory;Победа! Теперь О-Сознание в безопасности. Вскоре пси-излучение покрыло всю Зону благодаря увеличению числа излучателей. Даже Кордон стал опасен. Правительство хоть и не выпускало мутантов из Зоны, но больше не пыталось вернуть ее...
[Groups.zombie.Mercenary].Text-End-Standart-Victory;Победа! Теперь О-Сознание в безопасности. Вскоре пси-излучение покрыло всю Зону благодаря увеличению числа излучателей. Даже Кордон стал опасен. Правительство хоть и не выпускало мутантов из Зоны, но больше не пыталось вернуть ее...
[Groups.zombie.Sectarianism].Text-End-Standart-Victory;Победа! Теперь О-Сознание в безопасности. Вскоре пси-излучение покрыло всю Зону благодаря увеличению числа излучателей. Даже Кордон стал опасен. Правительство хоть и не выпускало мутантов из Зоны, но больше не пыталось вернуть ее...
[Groups.zombie.Stability].Text-End-Standart-Victory;Победа! Теперь О-Сознание в безопасности. Вскоре пси-излучение покрыло всю Зону благодаря увеличению числа излучателей. Даже Кордон стал опасен. Правительство хоть и не выпускало мутантов из Зоны, но больше не пыталось вернуть ее...
[Groups.zombie.Stalkers].Text-End-Standart-Victory;Победа! Теперь О-Сознание в безопасности. Вскоре пси-излучение покрыло всю Зону благодаря увеличению числа излучателей. Даже Кордон стал опасен. Правительство хоть и не выпускало мутантов из Зоны, но больше не пыталось вернуть ее...
[Groups.zombie.Unknow].Text-End-Standart-Victory;Победа! Теперь О-Сознание в безопасности. Вскоре пси-излучение покрыло всю Зону благодаря увеличению числа излучателей. Даже Кордон стал опасен. Правительство хоть и не выпускало мутантов из Зоны, но больше не пыталось вернуть ее...
[Groups.zombie.Zombie].Text-End-Standart-Victory;Победа! Теперь О-Сознание в безопасности. Вскоре пси-излучение покрыло всю Зону благодаря увеличению числа излучателей. Даже Кордон стал опасен. Правительство хоть и не выпускало мутантов из Зоны, но больше не пыталось вернуть ее...
