[Leaders.Leader-4].Name;General Voronin
[Leaders.Leader-5].Name;Lukash
[Leaders.Leader-6].Name;Charon
[SpecialEvents.Burst].Name;Hyperemission!
[SpecialEvents.Burst].Desc-Yes;A major emission occurred in the Zone. Mutants became more active and appeared to be on the verge of a rampage. Our soldiers successfully survived the emission, but even in shelters they struggled, so the following amount of medical supplies were used:
[SpecialEvents.Burst].Desc-No;A major emission occurred in the Zone. Mutants became more active and appeared to be on the verge of a rampage. Some soldiers were unable to survive the emission due to a shortage of medical supplies, which they were forced to use even in shelters.
[Advisors.Advisor-Mutants-1].Name;Unknown
[Advisors.Advisor-Stalkers-1].Name;Unknown
[Advisors.Advisor-Soldiers-1].Name;Unknown
[Advisors.Advisor-Duty-1].Name;Unknown
[Advisors.Advisor-Freedom-1].Name;Unknown
[Advisors.Advisor-Monolith-1].Name;Unknown
[Advisors.Advisor-Zombie-1].Name;Unknown
[Advisors.Advisor-Mutants-KolRazum].Name;Collective mind
[Advisors.Advisor-Stalkers-Wolf].Name;Wolf
[Advisors.Advisor-Stalkers-Shustriy].Name;Nimble
[Advisors.Advisor-Stalkers-Fanat].Name;Fanatic
[Advisors.Advisor-Stalkers-Bes].Name;Bes
[Advisors.Advisor-Stalkers-Urik].Name;Yurik
[Advisors.Advisor-Stalkers-Seriy].Name;Seriy
[Advisors.Advisor-Stalkers-Demon].Name;"Oleg ""Friend"" Gusarov"
[Advisors.Advisor-Stalkers-Upir].Name;Vampire
[Advisors.Advisor-Stalkers-Arni].Name;Arnie
[Advisors.Advisor-Stalkers-Krot].Name;Mole
[Advisors.Advisor-Stalkers-Lis].Name;Fox
[Advisors.Advisor-Stalkers-Diodor].Name;Father Diodor
[Advisors.Advisor-Stalkers-Chuchelo].Name;Scarecrow
[Advisors.Advisor-Stalkers-Provodnik].Name;Guide
[Advisors.Advisor-Soldiers-Kuznecov].Name;Major Kuznetsov
[Advisors.Advisor-Soldiers-Capitan].Name;Captain
[Advisors.Advisor-Soldiers-Chuguykin].Name;Lieutenant Chuguykin
[Advisors.Advisor-Soldiers-Specialist].Name;Specialist
[Advisors.Advisor-Soldiers-Poproshayko].Name;Major Poproshaiko
[Advisors.Advisor-Duty-Petrenko].Name;Colonel Petrenko
[Advisors.Advisor-Duty-Cherep].Name;Skull
[Advisors.Advisor-Duty-Ivancov].Name;Captain Ivantsov
[Advisors.Advisor-Duty-Plichko].Name;Sergeant Plichko
[Advisors.Advisor-Duty-Kizenko].Name;Sergeant Kitsenko
[Advisors.Advisor-Duty-Prapor].Name;Warrant Officer
[Advisors.Advisor-Duty-Lohmatiy].Name;Shaggy Sergei
[Advisors.Advisor-Duty-Barin].Name;Barin
[Advisors.Advisor-Duty-Pulya].Name;Bullet
[Advisors.Advisor-Freedom-Ugrumiy].Name;Murk
[Advisors.Advisor-Freedom-Kep].Name;Cap
[Advisors.Advisor-Freedom-Skryaga].Name;Skinflint
[Advisors.Advisor-Freedom-Max].Name;Max
[Advisors.Advisor-Freedom-Povar].Name;Chef
[Advisors.Advisor-Freedom-Pavlik].Name;Pavlik
[Advisors.Advisor-Monolith-Propovednik].Name;Preacher
[Advisors.Advisor-Monolith-Molitvennik].Name;Devotee
[Advisors.Advisor-Monolith-Messiya].Name;Messiah
[Advisors.Advisor-Zombie-Kontroler].Name;Controller
[Achievements.Achiv-1].Name;
[Achievements.Achiv-1].Desc;
[Achievements.Achiv-1].Desc-Logo;
[Achievements.Achiv-2].Name;
[Achievements.Achiv-2].Desc;
[Achievements.Achiv-2].Desc-Logo;
[Achievements.Achiv-3].Name;
[Achievements.Achiv-3].Desc;
[Achievements.Achiv-3].Desc-Logo;
[Achievements.Achiv-4].Name;
[Achievements.Achiv-4].Desc;
[Achievements.Achiv-4].Desc-Logo;
[Achievements.Achiv-5].Name;
[Achievements.Achiv-5].Desc;
[Achievements.Achiv-5].Desc-Logo;
[Achievements.Achiv-6].Name;
[Achievements.Achiv-6].Desc;
[Achievements.Achiv-6].Desc-Logo;
[Traders.World].Name;
[Traders.World].NeedText;
[Traders.YourGroup].Name;
[Traders.YourGroup].NeedText;
[Traders.OtherGroup].Name;
[Traders.OtherGroup].NeedText;
[Traders.Trader2].Name;
[Traders.Trader2].NeedText;
[StoryEvents.Event-Radar-1].Name;
[StoryEvents.Event-Radar-1].Desc-Owner;
[StoryEvents.Event-Radar-1].Desc-NonOwner;
[StoryEvents.Event-Radar-2].Name;
[StoryEvents.Event-Radar-2].Desc-Owner;
[StoryEvents.Event-Radar-2].Desc-NonOwner;
[StoryEvents.Event-Radar-SoldiersIsDie-1].Name;
[StoryEvents.Event-Radar-SoldiersIsDie-1].Desc-Owner;
[StoryEvents.Event-Radar-SoldiersIsDie-1].Desc-NonOwner;
[StoryEvents.Event-Radar-ChangeZoneOwner-1].Name;
[StoryEvents.Event-Radar-ChangeZoneOwner-1].Desc-Owner;
[StoryEvents.Event-Radar-ChangeZoneOwner-1].Desc-NonOwner;
[StoryEvents.Event-Radar-Invasion-0].Name;
[StoryEvents.Event-Radar-Invasion-0].Desc-Owner;
[StoryEvents.Event-Radar-Invasion-0].Desc-NonOwner;
[StoryEvents.Event-Radar-Invasion-1].Name;
[StoryEvents.Event-Radar-Invasion-1].Desc-Owner;
[StoryEvents.Event-Radar-Invasion-1].Desc-NonOwner;
[StoryEvents.Event-Radar-Invasion-2].Name;
[StoryEvents.Event-Radar-Invasion-2].Desc-Owner;
[StoryEvents.Event-Radar-Invasion-2].Desc-NonOwner;
[StoryEvents.Event-Radar-3].Name;
[StoryEvents.Event-Radar-3].Desc-Owner;
[StoryEvents.Event-Radar-3].Desc-NonOwner;
[StoryEvents.Event-Radar-4].Name;
[StoryEvents.Event-Radar-4].Desc-Owner;
[StoryEvents.Event-Radar-4].Desc-NonOwner;
[StoryEvents.Event-Radar-AddUnits-1].Name;
[StoryEvents.Event-Radar-AddUnits-1].Desc-Owner;
[StoryEvents.Event-Radar-AddUnits-1].Desc-NonOwner;
[StoryEvents.Event-Radar-Invasion-3].Name;
[StoryEvents.Event-Radar-Invasion-3].Desc-Owner;
[StoryEvents.Event-Radar-Invasion-3].Desc-NonOwner;
[StoryEvents.Event-Radar-Invasion-4].Name;
[StoryEvents.Event-Radar-Invasion-4].Desc-Owner;
[StoryEvents.Event-Radar-Invasion-4].Desc-NonOwner;
[StoryEvents.Event-Radar-AddUnits-2].Name;
[StoryEvents.Event-Radar-AddUnits-2].Desc-Owner;
[StoryEvents.Event-Radar-AddUnits-2].Desc-NonOwner;
[StoryEvents.Event-Radar-Invasion-5].Name;
[StoryEvents.Event-Radar-Invasion-5].Desc-Owner;
[StoryEvents.Event-Radar-Invasion-5].Desc-NonOwner;
[StoryEvents.Event-Radar-5].Name;
[StoryEvents.Event-Radar-5].Desc-Owner;
[StoryEvents.Event-Radar-5].Desc-NonOwner;
[StoryEvents.Event-Radar-6].Name;
[StoryEvents.Event-Radar-6].Desc-Owner;
[StoryEvents.Event-Radar-6].Desc-NonOwner;
[StoryEvents.Event-Radar-Mickluha].Name;
[StoryEvents.Event-Radar-Mickluha].Desc-Owner;
[StoryEvents.Event-Radar-Mickluha].Desc-NonOwner;
[StoryEvents.Event-Radar-AddUnits-4].Name;
[StoryEvents.Event-Radar-AddUnits-4].Desc-Owner;
[StoryEvents.Event-Radar-AddUnits-4].Desc-NonOwner;
[StoryEvents.Event-Radar-Invasion-6].Name;
[StoryEvents.Event-Radar-Invasion-6].Desc-Owner;
[StoryEvents.Event-Radar-Invasion-6].Desc-NonOwner;
[StoryEvents.Event-Radar-7].Name;
[StoryEvents.Event-Radar-7].Desc-Owner;
[StoryEvents.Event-Radar-7].Desc-NonOwner;
[StoryEvents.Event-Radar-8].Name;
[StoryEvents.Event-Radar-8].Desc-Owner;
[StoryEvents.Event-Radar-8].Desc-NonOwner;
[StoryEvents.Event-Pripyat-SetFlag1-1].Name;
[StoryEvents.Event-Pripyat-SetFlag1-1].Desc-Owner;
[StoryEvents.Event-Pripyat-SetFlag1-1].Desc-NonOwner;
[StoryEvents.Event-Pripyat-SetFlag1-2].Name;
[StoryEvents.Event-Pripyat-SetFlag1-2].Desc-Owner;
[StoryEvents.Event-Pripyat-SetFlag1-2].Desc-NonOwner;
[StoryEvents.Event-StartOperationMonolith].Name;
[StoryEvents.Event-StartOperationMonolith].Desc-Owner;
[StoryEvents.Event-StartOperationMonolith].Desc-NonOwner;
[StoryEvents.Event-Pripyat-Invasion-1].Name;
[StoryEvents.Event-Pripyat-Invasion-1].Desc-Owner;
[StoryEvents.Event-Pripyat-Invasion-1].Desc-NonOwner;
[StoryEvents.Event-Pripyat-SetFlag4-1].Name;
[StoryEvents.Event-Pripyat-SetFlag4-1].Desc-Owner;
[StoryEvents.Event-Pripyat-SetFlag4-1].Desc-NonOwner;
[StoryEvents.Event-Pripyat-Invasion-2].Name;
[StoryEvents.Event-Pripyat-Invasion-2].Desc-Owner;
[StoryEvents.Event-Pripyat-Invasion-2].Desc-NonOwner;
[StoryEvents.Event-Pripyat-1].Name;
[StoryEvents.Event-Pripyat-1].Desc-Owner;
[StoryEvents.Event-Pripyat-1].Desc-NonOwner;
[StoryEvents.Event-Pripyat-2].Name;
[StoryEvents.Event-Pripyat-2].Desc-Owner;
[StoryEvents.Event-Pripyat-2].Desc-NonOwner;
[StoryEvents.Event-Pripyat-SetFlag2-1].Name;
[StoryEvents.Event-Pripyat-SetFlag2-1].Desc-Owner;
[StoryEvents.Event-Pripyat-SetFlag2-1].Desc-NonOwner;
[StoryEvents.Event-Pripyat-SetFlag3-1].Name;
[StoryEvents.Event-Pripyat-SetFlag3-1].Desc-Owner;
[StoryEvents.Event-Pripyat-SetFlag3-1].Desc-NonOwner;
[StoryEvents.Event-Pripyat-Invasion-3].Name;
[StoryEvents.Event-Pripyat-Invasion-3].Desc-Owner;
[StoryEvents.Event-Pripyat-Invasion-3].Desc-NonOwner;
[StoryEvents.Event-Pripyat-Invasion-4].Name;
[StoryEvents.Event-Pripyat-Invasion-4].Desc-Owner;
[StoryEvents.Event-Pripyat-Invasion-4].Desc-NonOwner;
[StoryEvents.Event-Pripyat-3].Name;
[StoryEvents.Event-Pripyat-3].Desc-Owner;
[StoryEvents.Event-Pripyat-3].Desc-NonOwner;
[StoryEvents.Event-Pripyat-4].Name;
[StoryEvents.Event-Pripyat-4].Desc-Owner;
[StoryEvents.Event-Pripyat-4].Desc-NonOwner;
[StoryEvents.Event-Pripyat-5].Name;
[StoryEvents.Event-Pripyat-5].Desc-Owner;
[StoryEvents.Event-Pripyat-5].Desc-NonOwner;
[StoryEvents.Event-Pripyat-6].Name;
[StoryEvents.Event-Pripyat-6].Desc-Owner;
[StoryEvents.Event-Pripyat-6].Desc-NonOwner;
[StoryEvents.Event-Pripyat-Helicopter].Name;
[StoryEvents.Event-Pripyat-Helicopter].Desc-Owner;
[StoryEvents.Event-Pripyat-Helicopter].Desc-NonOwner;
[StoryEvents.Event-Pripyat-7].Name;
[StoryEvents.Event-Pripyat-7].Desc-Owner;
[StoryEvents.Event-Pripyat-7].Desc-NonOwner;
[StoryEvents.Event-Pripyat-8].Name;
[StoryEvents.Event-Pripyat-8].Desc-Owner;
[StoryEvents.Event-Pripyat-8].Desc-NonOwner;
[StoryEvents.Event-Pripyat-9].Name;
[StoryEvents.Event-Pripyat-9].Desc-Owner;
[StoryEvents.Event-Pripyat-9].Desc-NonOwner;
[StoryEvents.Event-Pripyat-10].Name;
[StoryEvents.Event-Pripyat-10].Desc-Owner;
[StoryEvents.Event-Pripyat-10].Desc-NonOwner;
[StoryEvents.Event-Pripyat-11].Name;
[StoryEvents.Event-Pripyat-11].Desc-Owner;
[StoryEvents.Event-Pripyat-11].Desc-NonOwner;
[StoryEvents.Event-Pripyat-12].Name;
[StoryEvents.Event-Pripyat-12].Desc-Owner;
[StoryEvents.Event-Pripyat-12].Desc-NonOwner;
[StoryEvents.Event-Pripyat-13].Name;
[StoryEvents.Event-Pripyat-13].Desc-Owner;
[StoryEvents.Event-Pripyat-13].Desc-NonOwner;
[StoryEvents.Event-Pripyat-14].Name;
[StoryEvents.Event-Pripyat-14].Desc-Owner;
[StoryEvents.Event-Pripyat-14].Desc-NonOwner;
[StoryEvents.Event-Pripyat-SetFlag1-3].Name;
[StoryEvents.Event-Pripyat-SetFlag1-3].Desc-Owner;
[StoryEvents.Event-Pripyat-SetFlag1-3].Desc-NonOwner;
[StoryEvents.Event-Pripyat-SetFlag1-4].Name;
[StoryEvents.Event-Pripyat-SetFlag1-4].Desc-Owner;
[StoryEvents.Event-Pripyat-SetFlag1-4].Desc-NonOwner;
[StoryEvents.Event-OperationMonolith-HelicopterAttack-1].Name;
[StoryEvents.Event-OperationMonolith-HelicopterAttack-1].Desc-Owner;
[StoryEvents.Event-OperationMonolith-HelicopterAttack-1].Desc-NonOwner;
[StoryEvents.Event-OperationMonolith-Invasion-1].Name;
[StoryEvents.Event-OperationMonolith-Invasion-1].Desc-Owner;
[StoryEvents.Event-OperationMonolith-Invasion-1].Desc-NonOwner;
[StoryEvents.Event-OperationMonolith-HelicopterAttack-2].Name;
[StoryEvents.Event-OperationMonolith-HelicopterAttack-2].Desc-Owner;
[StoryEvents.Event-OperationMonolith-HelicopterAttack-2].Desc-NonOwner;
[StoryEvents.Event-OperationMonolith-HelicopterAttack-3].Name;
[StoryEvents.Event-OperationMonolith-HelicopterAttack-3].Desc-Owner;
[StoryEvents.Event-OperationMonolith-HelicopterAttack-3].Desc-NonOwner;
[StoryEvents.Event-OperationMonolith-Bridge-1].Name;
[StoryEvents.Event-OperationMonolith-Bridge-1].Desc-Owner;
[StoryEvents.Event-OperationMonolith-Bridge-1].Desc-NonOwner;
[StoryEvents.Event-CHAES-1].Name;
[StoryEvents.Event-CHAES-1].Desc-Owner;
[StoryEvents.Event-CHAES-1].Desc-NonOwner;
[StoryEvents.Event-CHAES-2].Name;
[StoryEvents.Event-CHAES-2].Desc-Owner;
[StoryEvents.Event-CHAES-2].Desc-NonOwner;
[StoryEvents.Event-OperationMonolith-HelicopterAttack-4].Name;
[StoryEvents.Event-OperationMonolith-HelicopterAttack-4].Desc-Owner;
[StoryEvents.Event-OperationMonolith-HelicopterAttack-4].Desc-NonOwner;
[StoryEvents.Event-OperationMonolith-Invasion-2].Name;
[StoryEvents.Event-OperationMonolith-Invasion-2].Desc-Owner;
[StoryEvents.Event-OperationMonolith-Invasion-2].Desc-NonOwner;
[StoryEvents.Event-OperationMonolith-HelicopterShotdown-1].Name;
[StoryEvents.Event-OperationMonolith-HelicopterShotdown-1].Desc-Owner;
[StoryEvents.Event-OperationMonolith-HelicopterShotdown-1].Desc-NonOwner;
[StoryEvents.Event-OperationMonolith-Invasion-3].Name;
[StoryEvents.Event-OperationMonolith-Invasion-3].Desc-Owner;
[StoryEvents.Event-OperationMonolith-Invasion-3].Desc-NonOwner;
[StoryEvents.Event-OperationMonolith-Reinforcement-1].Name;
[StoryEvents.Event-OperationMonolith-Reinforcement-1].Desc-Owner;
[StoryEvents.Event-OperationMonolith-Reinforcement-1].Desc-NonOwner;
[StoryEvents.Event-OperationMonolith-Invasion-4].Name;
[StoryEvents.Event-OperationMonolith-Invasion-4].Desc-Owner;
[StoryEvents.Event-OperationMonolith-Invasion-4].Desc-NonOwner;
[StoryEvents.Event-CHAES-3].Name;
[StoryEvents.Event-CHAES-3].Desc-Owner;
[StoryEvents.Event-CHAES-3].Desc-NonOwner;
[StoryEvents.Event-CHAES-4].Name;
[StoryEvents.Event-CHAES-4].Desc-Owner;
[StoryEvents.Event-CHAES-4].Desc-NonOwner;
[StoryEvents.Event-OperationMonolith-HelicopterAttack-5].Name;
[StoryEvents.Event-OperationMonolith-HelicopterAttack-5].Desc-Owner;
[StoryEvents.Event-OperationMonolith-HelicopterAttack-5].Desc-NonOwner;
[StoryEvents.Event-OperationMonolith-Invasion-5].Name;
[StoryEvents.Event-OperationMonolith-Invasion-5].Desc-Owner;
[StoryEvents.Event-OperationMonolith-Invasion-5].Desc-NonOwner;
[StoryEvents.Event-OperationMonolith-HelicopterShotdown-2].Name;
[StoryEvents.Event-OperationMonolith-HelicopterShotdown-2].Desc-Owner;
[StoryEvents.Event-OperationMonolith-HelicopterShotdown-2].Desc-NonOwner;
[StoryEvents.Event-OperationMonolith-HelicopterAttack-6].Name;
[StoryEvents.Event-OperationMonolith-HelicopterAttack-6].Desc-Owner;
[StoryEvents.Event-OperationMonolith-HelicopterAttack-6].Desc-NonOwner;
[StoryEvents.Event-OperationMonolith-Reinforcement-2].Name;
[StoryEvents.Event-OperationMonolith-Reinforcement-2].Desc-Owner;
[StoryEvents.Event-OperationMonolith-Reinforcement-2].Desc-NonOwner;
[StoryEvents.Event-OperationMonolith-Invasion-6].Name;
[StoryEvents.Event-OperationMonolith-Invasion-6].Desc-Owner;
[StoryEvents.Event-OperationMonolith-Invasion-6].Desc-NonOwner;
[StoryEvents.Event-OperationMonolith-HelicopterAttack-7].Name;
[StoryEvents.Event-OperationMonolith-HelicopterAttack-7].Desc-Owner;
[StoryEvents.Event-OperationMonolith-HelicopterAttack-7].Desc-NonOwner;
[StoryEvents.Event-OperationMonolith-Reinforcement-3].Name;
[StoryEvents.Event-OperationMonolith-Reinforcement-3].Desc-Owner;
[StoryEvents.Event-OperationMonolith-Reinforcement-3].Desc-NonOwner;
[StoryEvents.Event-OperationMonolith-Invasion-7].Name;
[StoryEvents.Event-OperationMonolith-Invasion-7].Desc-Owner;
[StoryEvents.Event-OperationMonolith-Invasion-7].Desc-NonOwner;
[StoryEvents.Event-CHAES-5].Name;
[StoryEvents.Event-CHAES-5].Desc-Owner;
[StoryEvents.Event-CHAES-5].Desc-NonOwner;
[StoryEvents.Event-CHAES-6].Name;
[StoryEvents.Event-CHAES-6].Desc-Owner;
[StoryEvents.Event-CHAES-6].Desc-NonOwner;
[StoryEvents.Event-OperationMonolith-HelicopterAttack-8].Name;
[StoryEvents.Event-OperationMonolith-HelicopterAttack-8].Desc-Owner;
[StoryEvents.Event-OperationMonolith-HelicopterAttack-8].Desc-NonOwner;
[StoryEvents.Event-OperationMonolith-Reinforcement-4].Name;
[StoryEvents.Event-OperationMonolith-Reinforcement-4].Desc-Owner;
[StoryEvents.Event-OperationMonolith-Reinforcement-4].Desc-NonOwner;
[StoryEvents.Event-OperationMonolith-Invasion-8].Name;
[StoryEvents.Event-OperationMonolith-Invasion-8].Desc-Owner;
[StoryEvents.Event-OperationMonolith-Invasion-8].Desc-NonOwner;
[StoryEvents.Event-OperationMonolith-BurstAlarm-1].Name;
[StoryEvents.Event-OperationMonolith-BurstAlarm-1].Desc-Owner;
[StoryEvents.Event-OperationMonolith-BurstAlarm-1].Desc-NonOwner;
[StoryEvents.Event-OperationMonolith-HelicopterAttack-9].Name;
[StoryEvents.Event-OperationMonolith-HelicopterAttack-9].Desc-Owner;
[StoryEvents.Event-OperationMonolith-HelicopterAttack-9].Desc-NonOwner;
[StoryEvents.Event-OperationMonolith-Reinforcement-5].Name;
[StoryEvents.Event-OperationMonolith-Reinforcement-5].Desc-Owner;
[StoryEvents.Event-OperationMonolith-Reinforcement-5].Desc-NonOwner;
[StoryEvents.Event-OperationMonolith-Invasion-9].Name;
[StoryEvents.Event-OperationMonolith-Invasion-9].Desc-Owner;
[StoryEvents.Event-OperationMonolith-Invasion-9].Desc-NonOwner;
[StoryEvents.Event-CHAES-7].Name;
[StoryEvents.Event-CHAES-7].Desc-Owner;
[StoryEvents.Event-CHAES-7].Desc-NonOwner;
[StoryEvents.Event-CHAES-8].Name;
[StoryEvents.Event-CHAES-8].Desc-Owner;
[StoryEvents.Event-CHAES-8].Desc-NonOwner;
[StoryEvents.Event-OperationMonolith-HelicopterAttack-10].Name;
[StoryEvents.Event-OperationMonolith-HelicopterAttack-10].Desc-Owner;
[StoryEvents.Event-OperationMonolith-HelicopterAttack-10].Desc-NonOwner;
[StoryEvents.Event-OperationMonolith-Reinforcement-6].Name;
[StoryEvents.Event-OperationMonolith-Reinforcement-6].Desc-Owner;
[StoryEvents.Event-OperationMonolith-Reinforcement-6].Desc-NonOwner;
[StoryEvents.Event-OperationMonolith-Invasion-10].Name;
[StoryEvents.Event-OperationMonolith-Invasion-10].Desc-Owner;
[StoryEvents.Event-OperationMonolith-Invasion-10].Desc-NonOwner;
[StoryEvents.Event-OperationMonolith-HelicopterAttack-11].Name;
[StoryEvents.Event-OperationMonolith-HelicopterAttack-11].Desc-Owner;
[StoryEvents.Event-OperationMonolith-HelicopterAttack-11].Desc-NonOwner;
[StoryEvents.Event-OperationMonolith-Reinforcement-7].Name;
[StoryEvents.Event-OperationMonolith-Reinforcement-7].Desc-Owner;
[StoryEvents.Event-OperationMonolith-Reinforcement-7].Desc-NonOwner;
[StoryEvents.Event-OperationMonolith-Invasion-11].Name;
[StoryEvents.Event-OperationMonolith-Invasion-11].Desc-Owner;
[StoryEvents.Event-OperationMonolith-Invasion-11].Desc-NonOwner;
[StoryEvents.Event-CHAES-9].Name;
[StoryEvents.Event-CHAES-9].Desc-Owner;
[StoryEvents.Event-CHAES-9].Desc-NonOwner;
[StoryEvents.Event-CHAES-10].Name;
[StoryEvents.Event-CHAES-10].Desc-Owner;
[StoryEvents.Event-CHAES-10].Desc-NonOwner;
[StoryEvents.Event-OperationMonolith-HelicopterShotdown-3].Name;
[StoryEvents.Event-OperationMonolith-HelicopterShotdown-3].Desc-Owner;
[StoryEvents.Event-OperationMonolith-HelicopterShotdown-3].Desc-NonOwner;
[StoryEvents.Event-OperationMonolith-HelicopterShotdown-4].Name;
[StoryEvents.Event-OperationMonolith-HelicopterShotdown-4].Desc-Owner;
[StoryEvents.Event-OperationMonolith-HelicopterShotdown-4].Desc-NonOwner;
[StoryEvents.Event-OperationMonolith-Clearing-1].Name;
[StoryEvents.Event-OperationMonolith-Clearing-1].Desc-Owner;
[StoryEvents.Event-OperationMonolith-Clearing-1].Desc-NonOwner;
[StoryEvents.Event-OperationMonolith-Clearing-2].Name;
[StoryEvents.Event-OperationMonolith-Clearing-2].Desc-Owner;
[StoryEvents.Event-OperationMonolith-Clearing-2].Desc-NonOwner;
[StoryEvents.Event-OperationMonolith-Clearing-3].Name;
[StoryEvents.Event-OperationMonolith-Clearing-3].Desc-Owner;
[StoryEvents.Event-OperationMonolith-Clearing-3].Desc-NonOwner;
[StoryEvents.Event-OperationMonolith-Clearing-4].Name;
[StoryEvents.Event-OperationMonolith-Clearing-4].Desc-Owner;
[StoryEvents.Event-OperationMonolith-Clearing-4].Desc-NonOwner;
[StoryEvents.Event-OperationMonolith-Clearing-5].Name;
[StoryEvents.Event-OperationMonolith-Clearing-5].Desc-Owner;
[StoryEvents.Event-OperationMonolith-Clearing-5].Desc-NonOwner;
[StoryEvents.Event-OperationMonolith-Clearing-6].Name;
[StoryEvents.Event-OperationMonolith-Clearing-6].Desc-Owner;
[StoryEvents.Event-OperationMonolith-Clearing-6].Desc-NonOwner;
[StoryEvents.Event-OperationMonolith-Clearing-7].Name;
[StoryEvents.Event-OperationMonolith-Clearing-7].Desc-Owner;
[StoryEvents.Event-OperationMonolith-Clearing-7].Desc-NonOwner;
[StoryEvents.Event-OperationMonolith-Clearing-8].Name;
[StoryEvents.Event-OperationMonolith-Clearing-8].Desc-Owner;
[StoryEvents.Event-OperationMonolith-Clearing-8].Desc-NonOwner;
[StoryEvents.Event-OperationMonolith-Clearing-9].Name;
[StoryEvents.Event-OperationMonolith-Clearing-9].Desc-Owner;
[StoryEvents.Event-OperationMonolith-Clearing-9].Desc-NonOwner;
[StoryEvents.Event-OperationMonolith-Clearing-10].Name;
[StoryEvents.Event-OperationMonolith-Clearing-10].Desc-Owner;
[StoryEvents.Event-OperationMonolith-Clearing-10].Desc-NonOwner;
[StoryEvents.Event-OperationMonolith-Clearing-11].Name;
[StoryEvents.Event-OperationMonolith-Clearing-11].Desc-Owner;
[StoryEvents.Event-OperationMonolith-Clearing-11].Desc-NonOwner;
[StoryEvents.Event-OperationMonolith-Clearing-12].Name;
[StoryEvents.Event-OperationMonolith-Clearing-12].Desc-Owner;
[StoryEvents.Event-OperationMonolith-Clearing-12].Desc-NonOwner;
[StoryEvents.Event-OperationMonolith-Clearing-13].Name;
[StoryEvents.Event-OperationMonolith-Clearing-13].Desc-Owner;
[StoryEvents.Event-OperationMonolith-Clearing-13].Desc-NonOwner;
[StoryEvents.Event-OperationMonolith-Clearing-14].Name;
[StoryEvents.Event-OperationMonolith-Clearing-14].Desc-Owner;
[StoryEvents.Event-OperationMonolith-Clearing-14].Desc-NonOwner;
[StoryEvents.Event-OperationMonolith-Clearing-15].Name;
[StoryEvents.Event-OperationMonolith-Clearing-15].Desc-Owner;
[StoryEvents.Event-OperationMonolith-Clearing-15].Desc-NonOwner;
[StoryEvents.Event-OperationMonolith-Clearing-16].Name;
[StoryEvents.Event-OperationMonolith-Clearing-16].Desc-Owner;
[StoryEvents.Event-OperationMonolith-Clearing-16].Desc-NonOwner;
[StoryEvents.Event-OperationMonolith-Clearing-17].Name;
[StoryEvents.Event-OperationMonolith-Clearing-17].Desc-Owner;
[StoryEvents.Event-OperationMonolith-Clearing-17].Desc-NonOwner;
[StoryEvents.Event-OperationMonolith-Clearing-18].Name;
[StoryEvents.Event-OperationMonolith-Clearing-18].Desc-Owner;
[StoryEvents.Event-OperationMonolith-Clearing-18].Desc-NonOwner;
[StoryEvents.Event-OperationMonolith-Clearing-19].Name;
[StoryEvents.Event-OperationMonolith-Clearing-19].Desc-Owner;
[StoryEvents.Event-OperationMonolith-Clearing-19].Desc-NonOwner;
[StoryEvents.Event-OperationMonolith-Clearing-20].Name;
[StoryEvents.Event-OperationMonolith-Clearing-20].Desc-Owner;
[StoryEvents.Event-OperationMonolith-Clearing-20].Desc-NonOwner;
[StoryEvents.Event-OperationMonolith-Clearing-21].Name;
[StoryEvents.Event-OperationMonolith-Clearing-21].Desc-Owner;
[StoryEvents.Event-OperationMonolith-Clearing-21].Desc-NonOwner;
[StoryEvents.Event-OperationMonolith-Clearing-22].Name;
[StoryEvents.Event-OperationMonolith-Clearing-22].Desc-Owner;
[StoryEvents.Event-OperationMonolith-Clearing-22].Desc-NonOwner;
[StoryEvents.Event-OperationMonolith-Finishing-Lose-1].Name;
[StoryEvents.Event-OperationMonolith-Finishing-Lose-1].Desc-Owner;
[StoryEvents.Event-OperationMonolith-Finishing-Lose-1].Desc-NonOwner;
[StoryEvents.Event-OperationMonolith-Finishing-Lose-2].Name;
[StoryEvents.Event-OperationMonolith-Finishing-Lose-2].Desc-Owner;
[StoryEvents.Event-OperationMonolith-Finishing-Lose-2].Desc-NonOwner;
[StoryEvents.Event-OperationMonolith-Finishing-Lose-3].Name;
[StoryEvents.Event-OperationMonolith-Finishing-Lose-3].Desc-Owner;
[StoryEvents.Event-OperationMonolith-Finishing-Lose-3].Desc-NonOwner;
[StoryEvents.Event-OperationMonolith-Finishing-Victory].Name;
[StoryEvents.Event-OperationMonolith-Finishing-Victory].Desc-Owner;
[StoryEvents.Event-OperationMonolith-Finishing-Victory].Desc-NonOwner;
[StoryEvents.Event-CHAES-11].Name;
[StoryEvents.Event-CHAES-11].Desc-Owner;
[StoryEvents.Event-CHAES-11].Desc-NonOwner;
[StoryEvents.Event-CHAES-12].Name;
[StoryEvents.Event-CHAES-12].Desc-Owner;
[StoryEvents.Event-CHAES-12].Desc-NonOwner;
[StoryEvents.Event-Ending-Mutants].Name;
[StoryEvents.Event-Ending-Mutants].Desc-Owner;
[StoryEvents.Event-Ending-Mutants].Desc-NonOwner;
[StoryEvents.Event-Ending-Stalkers].Name;
[StoryEvents.Event-Ending-Stalkers].Desc-Owner;
[StoryEvents.Event-Ending-Stalkers].Desc-NonOwner;
[StoryEvents.Event-Ending-Soldiers].Name;
[StoryEvents.Event-Ending-Soldiers].Desc-Owner;
[StoryEvents.Event-Ending-Soldiers].Desc-NonOwner;
[StoryEvents.Event-Ending-Duty].Name;
[StoryEvents.Event-Ending-Duty].Desc-Owner;
[StoryEvents.Event-Ending-Duty].Desc-NonOwner;
[StoryEvents.Event-Ending-Freedom].Name;
[StoryEvents.Event-Ending-Freedom].Desc-Owner;
[StoryEvents.Event-Ending-Freedom].Desc-NonOwner;
[StoryEvents.Event-CHAES-13].Name;
[StoryEvents.Event-CHAES-13].Desc-Owner;
[StoryEvents.Event-CHAES-13].Desc-NonOwner;
[StoryEvents.Event-CHAES-14].Name;
[StoryEvents.Event-CHAES-14].Desc-Owner;
[StoryEvents.Event-CHAES-14].Desc-NonOwner;
[StoryEvents.Event-Ending-Monolith].Name;
[StoryEvents.Event-Ending-Monolith].Desc-Owner;
[StoryEvents.Event-Ending-Monolith].Desc-NonOwner;
[StoryEvents.Event-Ending-Zombie].Name;
[StoryEvents.Event-Ending-Zombie].Desc-Owner;
[StoryEvents.Event-Ending-Zombie].Desc-NonOwner;
ScenarioName;
ScenarioDescription;
ScenarioVictoryDescription;
ScenarioLoseDescription;
[Groups.Duty.:main].Spy1-Name;
[Groups.Duty.:main].Spy2-Name;
[Groups.Duty.:main].Spy3-Name;
[Groups.Duty.:main].Spy4-Name;
[Groups.Duty.:main].Name;
[Groups.Duty.:main].Description;
[Groups.Duty.:main].DiplomacyText-Question-War;
[Groups.Duty.:main].DiplomacyText-Question-Neutral;
[Groups.Duty.:main].DiplomacyText-Question-Alliance;
[Groups.Duty.:main].DiplomacyText-Question-BreakAlliance;
[Groups.Duty.:main].DiplomacyText-RequestMoney-Ask;
[Groups.Duty.:main].DiplomacyText-Ans-0-Down;
[Groups.Duty.:main].DiplomacyText-Ans-1-Down;
[Groups.Duty.:main].DiplomacyText-Ans-1-No;
[Groups.Duty.:main].DiplomacyText-Ans-1-Yes;
[Groups.Duty.:main].DiplomacyText-Ans-2-No;
[Groups.Duty.:main].DiplomacyText-Ans-2-Yes;
[Groups.Duty.:main].DiplomacyText-RequestMoney-Ans-No;
[Groups.Duty.:main].DiplomacyText-RequestMoney-Ans-Yes;
[Groups.Duty.:main].DiplomacyText-Question-Neutral-No;
[Groups.Duty.:main].DiplomacyText-Question-Neutral-Yes;
[Groups.Duty.:main].DiplomacyText-Question-Alliance-No;
[Groups.Duty.:main].DiplomacyText-Question-Alliance-Yes;
[Groups.Duty.:main].Text-End-Step-Victory;
[Groups.Duty.:main].Text-End-EventFlag-Victory;
[Groups.Duty.:main].Text-End-Standart-Lose;
[Groups.Duty.:main].Text-End-Step-Lose;
[Groups.Duty.:main].Text-End-EventFlag-Lose;
[Groups.Duty.Anarchy].Text-End-Standart-Victory;
[Groups.Duty.AntiZone].Text-End-Standart-Victory;
[Groups.Duty.AntiZone].Text-End-Standart-Lose;
[Groups.Duty.Control].Text-End-Standart-Victory;
[Groups.Duty.Crime].Text-End-Standart-Victory;
[Groups.Duty.Exploring].Text-End-Standart-Victory;
[Groups.Duty.Growth].Text-End-Standart-Victory;
[Groups.Duty.Growth].Text-End-Standart-Lose;
[Groups.Duty.Mercenary].Text-End-Standart-Victory;
[Groups.Duty.Sectarianism].Text-End-Standart-Victory;
[Groups.Duty.Stability].Text-End-Standart-Victory;
[Groups.Duty.Stalkers].Text-End-Standart-Victory;
[Groups.Duty.Unknow].Text-End-Standart-Victory;
[Groups.Duty.Unknow].Text-End-Standart-Lose;
[Groups.Duty.Zombie].Text-End-Standart-Victory;
[Groups.freedom.:main].Spy1-Name;
[Groups.freedom.:main].Spy2-Name;
[Groups.freedom.:main].Spy3-Name;
[Groups.freedom.:main].Spy4-Name;
[Groups.freedom.:main].Name;
[Groups.freedom.:main].Description;
[Groups.freedom.:main].DiplomacyText-Question-War;
[Groups.freedom.:main].DiplomacyText-Question-Neutral;
[Groups.freedom.:main].DiplomacyText-Question-Alliance;
[Groups.freedom.:main].DiplomacyText-Question-BreakAlliance;
[Groups.freedom.:main].DiplomacyText-RequestMoney-Ask;
[Groups.freedom.:main].DiplomacyText-Ans-0-Down;
[Groups.freedom.:main].DiplomacyText-Ans-1-Down;
[Groups.freedom.:main].DiplomacyText-Ans-1-No;
[Groups.freedom.:main].DiplomacyText-Ans-1-Yes;
[Groups.freedom.:main].DiplomacyText-Ans-2-No;
[Groups.freedom.:main].DiplomacyText-Ans-2-Yes;
[Groups.freedom.:main].DiplomacyText-RequestMoney-Ans-No;
[Groups.freedom.:main].DiplomacyText-RequestMoney-Ans-Yes;
[Groups.freedom.:main].DiplomacyText-Question-Neutral-No;
[Groups.freedom.:main].DiplomacyText-Question-Neutral-Yes;
[Groups.freedom.:main].DiplomacyText-Question-Alliance-No;
[Groups.freedom.:main].DiplomacyText-Question-Alliance-Yes;
[Groups.freedom.:main].Text-End-Step-Victory;
[Groups.freedom.:main].Text-End-EventFlag-Victory;
[Groups.freedom.:main].Text-End-Standart-Lose;
[Groups.freedom.:main].Text-End-Step-Lose;
[Groups.freedom.:main].Text-End-EventFlag-Lose;
[Groups.freedom.Anarchy].Text-End-Standart-Victory;
[Groups.freedom.AntiZone].Text-End-Standart-Victory;
[Groups.freedom.Control].Text-End-Standart-Victory;
[Groups.freedom.Crime].Text-End-Standart-Victory;
[Groups.freedom.Exploring].Text-End-Standart-Victory;
[Groups.freedom.Growth].Text-End-Standart-Victory;
[Groups.freedom.Mercenary].Text-End-Standart-Victory;
[Groups.freedom.Sectarianism].Text-End-Standart-Victory;
[Groups.freedom.Stability].Text-End-Standart-Victory;
[Groups.freedom.Stalkers].Text-End-Standart-Victory;
[Groups.freedom.Unknow].Text-End-Standart-Victory;
[Groups.freedom.Zombie].Text-End-Standart-Victory;
[Groups.monolith.:main].Spy1-Name;
[Groups.monolith.:main].Spy2-Name;
[Groups.monolith.:main].Spy3-Name;
[Groups.monolith.:main].Spy4-Name;
[Groups.monolith.:main].Name;
[Groups.monolith.:main].Description;
[Groups.monolith.:main].DiplomacyText-Question-War;
[Groups.monolith.:main].DiplomacyText-Question-Neutral;
[Groups.monolith.:main].DiplomacyText-Question-Alliance;
[Groups.monolith.:main].DiplomacyText-Question-BreakAlliance;
[Groups.monolith.:main].DiplomacyText-RequestMoney-Ask;
[Groups.monolith.:main].DiplomacyText-Ans-0-Down;
[Groups.monolith.:main].DiplomacyText-Ans-1-Down;
[Groups.monolith.:main].DiplomacyText-Ans-1-No;
[Groups.monolith.:main].DiplomacyText-Ans-1-Yes;
[Groups.monolith.:main].DiplomacyText-Ans-2-No;
[Groups.monolith.:main].DiplomacyText-Ans-2-Yes;
[Groups.monolith.:main].DiplomacyText-RequestMoney-Ans-No;
[Groups.monolith.:main].DiplomacyText-RequestMoney-Ans-Yes;
[Groups.monolith.:main].DiplomacyText-Question-Neutral-No;
[Groups.monolith.:main].DiplomacyText-Question-Neutral-Yes;
[Groups.monolith.:main].DiplomacyText-Question-Alliance-No;
[Groups.monolith.:main].DiplomacyText-Question-Alliance-Yes;
[Groups.monolith.:main].Text-End-Step-Victory;
[Groups.monolith.:main].Text-End-EventFlag-Victory;
[Groups.monolith.:main].Text-End-Standart-Lose;
[Groups.monolith.:main].Text-End-Step-Lose;
[Groups.monolith.:main].Text-End-EventFlag-Lose;
[Groups.monolith.Anarchy].Text-End-Standart-Victory;
[Groups.monolith.AntiZone].Text-End-Standart-Victory;
[Groups.monolith.Control].Text-End-Standart-Victory;
[Groups.monolith.Crime].Text-End-Standart-Victory;
[Groups.monolith.Exploring].Text-End-Standart-Victory;
[Groups.monolith.Growth].Text-End-Standart-Victory;
[Groups.monolith.Growth].Text-End-Standart-Lose;
[Groups.monolith.Mercenary].Text-End-Standart-Victory;
[Groups.monolith.Sectarianism].Text-End-Standart-Victory;
[Groups.monolith.Sectarianism].Text-End-Standart-Lose;
[Groups.monolith.Stability].Text-End-Standart-Victory;
[Groups.monolith.Stalkers].Text-End-Standart-Victory;
[Groups.monolith.Unknow].Text-End-Standart-Victory;
[Groups.monolith.Unknow].Text-End-Standart-Lose;
[Groups.monolith.Zombie].Text-End-Standart-Victory;
[Groups.soldiers.:main].Spy1-Name;
[Groups.soldiers.:main].Spy2-Name;
[Groups.soldiers.:main].Spy3-Name;
[Groups.soldiers.:main].Spy4-Name;
[Groups.soldiers.:main].Name;
[Groups.soldiers.:main].Description;
[Groups.soldiers.:main].DiplomacyText-Question-War;
[Groups.soldiers.:main].DiplomacyText-Question-Neutral;
[Groups.soldiers.:main].DiplomacyText-Question-Alliance;
[Groups.soldiers.:main].DiplomacyText-Question-BreakAlliance;
[Groups.soldiers.:main].DiplomacyText-RequestMoney-Ask;
[Groups.soldiers.:main].DiplomacyText-Ans-0-Down;
[Groups.soldiers.:main].DiplomacyText-Ans-1-Down;
[Groups.soldiers.:main].DiplomacyText-Ans-1-No;
[Groups.soldiers.:main].DiplomacyText-Ans-1-Yes;
[Groups.soldiers.:main].DiplomacyText-Ans-2-No;
[Groups.soldiers.:main].DiplomacyText-Ans-2-Yes;
[Groups.soldiers.:main].DiplomacyText-RequestMoney-Ans-No;
[Groups.soldiers.:main].DiplomacyText-RequestMoney-Ans-Yes;
[Groups.soldiers.:main].DiplomacyText-Question-Neutral-No;
[Groups.soldiers.:main].DiplomacyText-Question-Neutral-Yes;
[Groups.soldiers.:main].DiplomacyText-Question-Alliance-No;
[Groups.soldiers.:main].DiplomacyText-Question-Alliance-Yes;
[Groups.soldiers.:main].Text-End-Step-Victory;
[Groups.soldiers.:main].Text-End-EventFlag-Victory;
[Groups.soldiers.:main].Text-End-Standart-Lose;
[Groups.soldiers.:main].Text-End-Step-Lose;
[Groups.soldiers.:main].Text-End-EventFlag-Lose;
[Groups.soldiers.Anarchy].Text-End-Standart-Victory;
[Groups.soldiers.AntiZone].Text-End-Standart-Victory;
[Groups.soldiers.Control].Text-End-Standart-Victory;
[Groups.soldiers.Control].Text-End-Standart-Lose;
[Groups.soldiers.Crime].Text-End-Standart-Victory;
[Groups.soldiers.Exploring].Text-End-Standart-Victory;
[Groups.soldiers.Growth].Text-End-Standart-Victory;
[Groups.soldiers.Growth].Text-End-Standart-Lose;
[Groups.soldiers.Mercenary].Text-End-Standart-Victory;
[Groups.soldiers.Sectarianism].Text-End-Standart-Victory;
[Groups.soldiers.Stability].Text-End-Standart-Victory;
[Groups.soldiers.Stalkers].Text-End-Standart-Victory;
[Groups.soldiers.Unknow].Text-End-Standart-Victory;
[Groups.soldiers.Unknow].Text-End-Standart-Lose;
[Groups.soldiers.Zombie].Text-End-Standart-Victory;
[Groups.stalkers.:main].Spy1-Name;
[Groups.stalkers.:main].Spy2-Name;
[Groups.stalkers.:main].Spy3-Name;
[Groups.stalkers.:main].Spy4-Name;
[Groups.stalkers.:main].Name;
[Groups.stalkers.:main].Description;
[Groups.stalkers.:main].DiplomacyText-Question-War;
[Groups.stalkers.:main].DiplomacyText-Question-Neutral;
[Groups.stalkers.:main].DiplomacyText-Question-Alliance;
[Groups.stalkers.:main].DiplomacyText-Question-BreakAlliance;
[Groups.stalkers.:main].DiplomacyText-RequestMoney-Ask;
[Groups.stalkers.:main].DiplomacyText-Ans-0-Down;
[Groups.stalkers.:main].DiplomacyText-Ans-1-Down;
[Groups.stalkers.:main].DiplomacyText-Ans-1-No;
[Groups.stalkers.:main].DiplomacyText-Ans-1-Yes;
[Groups.stalkers.:main].DiplomacyText-Ans-2-No;
[Groups.stalkers.:main].DiplomacyText-Ans-2-Yes;
[Groups.stalkers.:main].DiplomacyText-RequestMoney-Ans-No;
[Groups.stalkers.:main].DiplomacyText-RequestMoney-Ans-Yes;
[Groups.stalkers.:main].DiplomacyText-Question-Neutral-No;
[Groups.stalkers.:main].DiplomacyText-Question-Neutral-Yes;
[Groups.stalkers.:main].DiplomacyText-Question-Alliance-No;
[Groups.stalkers.:main].DiplomacyText-Question-Alliance-Yes;
[Groups.stalkers.:main].Text-End-Step-Victory;
[Groups.stalkers.:main].Text-End-EventFlag-Victory;
[Groups.stalkers.:main].Text-End-Standart-Lose;
[Groups.stalkers.:main].Text-End-Step-Lose;
[Groups.stalkers.:main].Text-End-EventFlag-Lose;
[Groups.stalkers.Anarchy].Text-End-Standart-Victory;
[Groups.stalkers.AntiZone].Text-End-Standart-Victory;
[Groups.stalkers.Control].Text-End-Standart-Victory;
[Groups.stalkers.Crime].Text-End-Standart-Victory;
[Groups.stalkers.Exploring].Text-End-Standart-Victory;
[Groups.stalkers.Growth].Text-End-Standart-Victory;
[Groups.stalkers.Growth].Text-End-Standart-Lose;
[Groups.stalkers.Mercenary].Text-End-Standart-Victory;
[Groups.stalkers.Sectarianism].Text-End-Standart-Victory;
[Groups.stalkers.Stability].Text-End-Standart-Victory;
[Groups.stalkers.Stalkers].Text-End-Standart-Victory;
[Groups.stalkers.Stalkers].Text-End-Standart-Lose;
[Groups.stalkers.Unknow].Text-End-Standart-Victory;
[Groups.stalkers.Unknow].Text-End-Standart-Lose;
[Groups.stalkers.Zombie].Text-End-Standart-Victory;
