[Form_Advisor].TitleText;Назначение нового заместителя командира отряда группировки
[Form_Advisor].Text1;Заместитель командира отряда
[Form_Advisor].BTN_Appoint;Назначить нового командира отряда заместителя группировки вместо старого. Бонусы от заместителя начинают действовать с момента назначения
[Form_Advisor].FHint1;Заместитель командира отряда группировки дает дополнительные бонусы и влияет на всю группировку
[Form_Advisor].LT_1;Назначен новый заместитель командира отряда группировки: %s
[Form_SearchArts].LHint_5;Сумма всех бонусов и штрафов от командира отряда группировки, заместителя, внутренних правил группировки, идеологии, построек, улучшений и местности.
[Common_Strings].StatsHint0;Командира отряда группировки: %s
[Other].Exeption_37;Неизвестный командир отряда: %s
[SpecialEvents.Burst].Name;Выброс!
[SpecialEvents.Burst].Desc-Yes;В Зоне произошел выброс. Мутанты стали более активными и похоже где-то могут начать буйствовать. Наши бойцы успешно пережили выброс, но даже в укрытиях им было тяжело, поэтому в расход пошло следующее число медикаментов
[SpecialEvents.Burst].Desc-No;В Зоне произошел выброс. Мутанты стали более активными и похоже где-то могут начать буйствовать. Некоторые бойцы не смогли пережить выброс, из-за нехватки медикаментов, которые они были вынуждены использовать даже в укрытиях
[Advisors.Advisor-Mutants-1].Name;Неизвестно
[Advisors.Advisor-Stalkers-1].Name;Неизвестно
[Advisors.Advisor-Bandits-1].Name;Неизвестно
[Advisors.Advisor-Duty-1].Name;Неизвестно
[Advisors.Advisor-Mutants-KolRazum].Name;Коллективный разум
[Advisors.Advisor-Stalkers-Wolf].Name;Волк
[Advisors.Advisor-Stalkers-Shustriy].Name;Шустрый
[Advisors.Advisor-Stalkers-Fanat].Name;Фанат
[Advisors.Advisor-Stalkers-Bes].Name;Бес
[Advisors.Advisor-Stalkers-Urik].Name;Юрик
[Advisors.Advisor-Stalkers-Seriy].Name;Серый
[Advisors.Advisor-Stalkers-Demon].Name;Олег «Демон» Гусаров
[Advisors.Advisor-Stalkers-Upir].Name;Упырь
[Advisors.Advisor-Stalkers-Arni].Name;Арни
[Advisors.Advisor-Stalkers-Krot].Name;Крот
[Advisors.Advisor-Stalkers-Lis].Name;Лис
[Advisors.Advisor-Stalkers-Diodor].Name;Отец Диодор
[Advisors.Advisor-Stalkers-Chuchelo].Name;Чучело
[Advisors.Advisor-Stalkers-Provodnik].Name;Проводник
[Advisors.Advisor-Stalkers-Doctor].Name;Доктор
[Advisors.Advisor-Bandits-Kaban].Name;Вася Кабан
[Advisors.Advisor-Bandits-Fraer].Name;Фраер
[Advisors.Advisor-Bandits-Kocherga].Name;Кочерга
[Advisors.Advisor-Bandits-Babtist].Name;Баптист
[Advisors.Advisor-Bandits-Chugun].Name;Чугун
[Advisors.Advisor-Duty-Petrenko].Name;Полковник Петренко
[Advisors.Advisor-Duty-Cherep].Name;Череп
[Advisors.Advisor-Duty-Ivancov].Name;Капитан Иванцов
[Advisors.Advisor-Duty-Plichko].Name;Сержант Пличко
[Advisors.Advisor-Duty-Kizenko].Name;Сержант Киценко
[Advisors.Advisor-Duty-Prapor].Name;Прапор
[Advisors.Advisor-Duty-Lohmatiy].Name;Сергей Лохматый
[Advisors.Advisor-Duty-Barin].Name;Барин
[Advisors.Advisor-Duty-Pulya].Name;Пуля
[Achievements.Achiv-1].Name;Гоп-стоп!
[Achievements.Achiv-1].Desc;Получено новое достижение! Захватить локацию за группировку Бандиты на уровне сложности Мастер и удерживать её в течении 1 хода.
[Achievements.Achiv-1].Desc-Logo;Захватить локацию за группировку Бандиты на уровне сложности Мастер и удерживать её в течении 1 хода.
[Achievements.Achiv-2].Name;Вынести мусор!
[Achievements.Achiv-2].Desc;Получено новое достижение! Захватить локацию за группировку Долг на уровне сложности Ветеран или выше и удерживать её в течении 1 хода.
[Achievements.Achiv-2].Desc-Logo;Захватить локацию за группировку Долг на уровне сложности Ветеран или выше и удерживать её в течении 1 хода.
[Achievements.Achiv-3].Name;Бесовщина!
[Achievements.Achiv-3].Desc;Получено новое достижение! Захватить локацию за Сталкеров на уровне сложности Опытный или выше и удерживать её в течении 1 хода.
[Achievements.Achiv-3].Desc-Logo;Захватить локацию за Сталкеров на уровне сложности Опытный или выше и удерживать её в течении 1 хода.
[Achievements.Achiv-4].Name;Сверхзвуковой!
[Achievements.Achiv-4].Desc;Получено новое достижение! Захватить локацию за любую группировку на любом уровне сложности за 20 ходов.
[Achievements.Achiv-4].Desc-Logo;Захватить локацию за любую группировку на любом уровне сложности за 20 ходов.
[Achievements.Achiv-5].Name;Чистильщик!
[Achievements.Achiv-5].Desc;Получено новое достижение! Принять идеологию Борьба с Зоной за группировку Одиночки на Мастере и продержаться 1 ход.
[Achievements.Achiv-5].Desc-Logo;Принять идеологию Борьба с Зоной за группировку Одиночки на Мастере и продержаться 1 ход.
[Achievements.Achiv-6].Name;Кругом одна анархия!
[Achievements.Achiv-6].Desc;Получено новое достижение! Принять идеологию Анархия за группировку Одиночки на уровне сложности Ветеран до 30 хода или ранее и продержаться 1 ход.
[Achievements.Achiv-6].Desc-Logo;Принять идеологию Анархия за группировку Одиночки на уровне сложности Мастер до 30 хода или ранее и продержаться 1 ход.
[Traders.YourGroup].Name;Торговец вашей группировки
[Traders.YourGroup].NeedText;Вы всегда можете поторговать со своим торговцем. Цена:
[Traders.OtherGroup].Name;Торговец чужой группировки
[Traders.OtherGroup].NeedText;Чтобы торговать с чужими группировками сначала выберите на карте чужую территорию
[Traders.Trader1].Name;Сидорович
[Traders.Trader1].NeedText;Торговать с ним можно при условии контролирования территории Деревня на Кордоне. Цена:
[Traders.Trader2].Name;Бармен
[Traders.Trader2].NeedText;Бармен будет доступен для торговли при условии контролирования территории Бар 100 рентген. Цена:
[StoryEvents.Event-Dump-1].Name;Меченый продолжает идти
[StoryEvents.Event-Dump-1].Desc-Owner;На нашей территории %0:s на локации %1:s замечен сталкер Меченый. Наш гарнизон пропустил его.
[StoryEvents.Event-Dump-1].Desc-NonOwner;Ходят слухи, что сталкер Меченый был замечен на территории %0:s локации %1:s
[StoryEvents.Event-Dump-2].Name;Меченый напал на гарнизон территории
[StoryEvents.Event-Dump-2].Desc-Owner;Наши патрули наткнулись на сталкера с прозвищем Меченый. Мы проиграли бой на территории %0:s локации %1:s... Наши потери:
[StoryEvents.Event-Dump-2].Desc-NonOwner;Ходят слухи, что сталкер Меченый был замечен на территории %0:s локации %1:s
[StoryEvents.Event-Dump-ChangeOwner-1].Name;Потеря территории
[StoryEvents.Event-Dump-ChangeOwner-1].Desc-Owner;Мы потеряли контроль над территорией %0:s локации %1:s
[StoryEvents.Event-Dump-ChangeOwner-1].Desc-NonOwner;Если вы это видите, то это баг ивента Event-Dump-ChangeOwner-1
[StoryEvents.Event-Dump-Advisor-1].Name;Юрик спасен
[StoryEvents.Event-Dump-Advisor-1].Desc-Owner;Юрик теперь доступен как кандидат в заместители!
[StoryEvents.Event-Dump-Advisor-1].Desc-NonOwner;Если вы это видите, то это баг ивента Event-Dump-Advisor-1
[StoryEvents.Event-Dump-ChangeOwner-2].Name;Потеря территории
[StoryEvents.Event-Dump-ChangeOwner-2].Desc-Owner;Если вы это видите, то это баг ивента Event-Cordon-ChangeOwner-2
[StoryEvents.Event-Dump-ChangeOwner-2].Desc-NonOwner;Если вы это видите, то это баг ивента Event-Cordon-ChangeOwner-2
[StoryEvents.Event-Dump-AddUnit-1].Name;Технический ивент
[StoryEvents.Event-Dump-AddUnit-1].Desc-Owner;Если вы это видите, то это баг ивента Event-Dump-AddUnit-1
[StoryEvents.Event-Dump-AddUnit-1].Desc-NonOwner;Если вы это видите, то это баг ивента Event-Dump-AddUnit-1
[StoryEvents.Event-Dump-3].Name;Меченый продолжает идти
[StoryEvents.Event-Dump-3].Desc-Owner;На нашей территории %0:s на локации %1:s замечен сталкер Меченый. Наш гарнизон пропустил его.
[StoryEvents.Event-Dump-3].Desc-NonOwner;Ходят слухи, что сталкер Меченый был замечен на территории %0:s локации %1:s
[StoryEvents.Event-Dump-4].Name;Меченый напал на гарнизон территории
[StoryEvents.Event-Dump-4].Desc-Owner;Наши патрули наткнулись на сталкера с прозвищем Меченый. Мы проиграли бой на территории %0:s локации %1:s... Наши потери:
[StoryEvents.Event-Dump-4].Desc-NonOwner;Ходят слухи, что сталкер Меченый был замечен на территории %0:s локации %1:s
[StoryEvents.Event-Dump-5].Name;Меченый продолжает идти
[StoryEvents.Event-Dump-5].Desc-Owner;На нашей территории %0:s на локации %1:s замечен сталкер Меченый. Наш гарнизон пропустил его.
[StoryEvents.Event-Dump-5].Desc-NonOwner;Ходят слухи, что сталкер Меченый был замечен на территории %0:s локации %1:s
[StoryEvents.Event-Dump-6].Name;Меченый напал на гарнизон территории
[StoryEvents.Event-Dump-6].Desc-Owner;Наши патрули наткнулись на сталкера с прозвищем Меченый. Мы проиграли бой на территории %0:s локации %1:s... Наши потери:
[StoryEvents.Event-Dump-6].Desc-NonOwner;Ходят слухи, что сталкер Меченый был замечен на территории %0:s локации %1:s
[StoryEvents.Event-Dump-7].Name;Меченый продолжает идти
[StoryEvents.Event-Dump-7].Desc-Owner;На нашей территории %0:s на локации %1:s замечен сталкер Меченый. Наш гарнизон пропустил его.
[StoryEvents.Event-Dump-7].Desc-NonOwner;Ходят слухи, что сталкер Меченый был замечен на территории %0:s локации %1:s
[StoryEvents.Event-Dump-8].Name;Меченый напал на гарнизон территории
[StoryEvents.Event-Dump-8].Desc-Owner;Наши патрули наткнулись на сталкера с прозвищем Меченый. Мы проиграли бой на территории %0:s локации %1:s... Наши потери:
[StoryEvents.Event-Dump-8].Desc-NonOwner;Ходят слухи, что сталкер Меченый был замечен на территории %0:s локации %1:s
[StoryEvents.Event-Dump-9].Name;Меченый продолжает идти
[StoryEvents.Event-Dump-9].Desc-Owner;На нашей территории %0:s на локации %1:s замечен сталкер Меченый. Наш гарнизон пропустил его.
[StoryEvents.Event-Dump-9].Desc-NonOwner;Ходят слухи, что сталкер Меченый был замечен на территории %0:s локации %1:s
[StoryEvents.Event-Dump-10].Name;Меченый напал на гарнизон территории
[StoryEvents.Event-Dump-10].Desc-Owner;Наши патрули наткнулись на сталкера с прозвищем Меченый. Мы проиграли бой на территории %0:s локации %1:s... Наши потери:
[StoryEvents.Event-Dump-10].Desc-NonOwner;Ходят слухи, что сталкер Меченый был замечен на территории %0:s локации %1:s
[StoryEvents.Event-Dump-11].Name;Меченый продолжает идти
[StoryEvents.Event-Dump-11].Desc-Owner;На нашей территории %0:s на локации %1:s замечен сталкер Меченый. Наш гарнизон пропустил его.
[StoryEvents.Event-Dump-11].Desc-NonOwner;Ходят слухи, что сталкер Меченый был замечен на территории %0:s локации %1:s
[StoryEvents.Event-Dump-12].Name;Меченый напал на гарнизон территории
[StoryEvents.Event-Dump-12].Desc-Owner;Наши патрули наткнулись на сталкера с прозвищем Меченый. Мы проиграли бой на территории %0:s локации %1:s... Наши потери:
[StoryEvents.Event-Dump-12].Desc-NonOwner;Ходят слухи, что сталкер Меченый был замечен на территории %0:s локации %1:s
[StoryEvents.Event-Dump-13].Name;Меченый продолжает идти
[StoryEvents.Event-Dump-13].Desc-Owner;На нашей территории %0:s на локации %1:s замечен сталкер Меченый. Наш гарнизон пропустил его.
[StoryEvents.Event-Dump-13].Desc-NonOwner;Ходят слухи, что сталкер Меченый был замечен на территории %0:s локации %1:s
[StoryEvents.Event-Dump-14].Name;Меченый напал на гарнизон территории
[StoryEvents.Event-Dump-14].Desc-Owner;Наши патрули наткнулись на сталкера с прозвищем Меченый. Мы проиграли бой на территории %0:s локации %1:s... Наши потери:
[StoryEvents.Event-Dump-14].Desc-NonOwner;Ходят слухи, что сталкер Меченый был замечен на территории %0:s локации %1:s
[StoryEvents.Event-Agroprom-Advisor-1].Name;Крот
[StoryEvents.Event-Agroprom-Advisor-1].Desc-Owner;Крот теперь доступен как кандидат в заместители!
[StoryEvents.Event-Agroprom-Advisor-1].Desc-NonOwner;Если вы это видите, то это баг ивента Event-Agroprom-Advisor-1
[StoryEvents.Event-Agroprom-Documents].Name;Меченый продолжает идти
[StoryEvents.Event-Agroprom-Documents].Desc-Owner;К нам поступила информация, что сталкер Меченый выкрал какие-то важные документы с базы Военных на территории %0:s локации %1:s
[StoryEvents.Event-Agroprom-Documents].Desc-NonOwner;Ходят слухи, что сталкер Меченый выкрал какие-то важные документы с базы Военных на территории %0:s локации %1:s
[StoryEvents.Event-Dump2-1].Name;Меченый продолжает идти
[StoryEvents.Event-Dump2-1].Desc-Owner;На нашей территории %0:s на локации %1:s замечен сталкер Меченый. Наш гарнизон пропустил его.
[StoryEvents.Event-Dump2-1].Desc-NonOwner;Ходят слухи, что сталкер Меченый был замечен на территории %0:s локации %1:s
[StoryEvents.Event-Dump2-2].Name;Меченый напал на гарнизон территории
[StoryEvents.Event-Dump2-2].Desc-Owner;Наши патрули наткнулись на сталкера с прозвищем Меченый. Мы проиграли бой на территории %0:s локации %1:s... Наши потери:
[StoryEvents.Event-Dump2-2].Desc-NonOwner;Ходят слухи, что сталкер Меченый был замечен на территории %0:s локации %1:s
[StoryEvents.Event-Dump2-3].Name;Меченый продолжает идти
[StoryEvents.Event-Dump2-3].Desc-Owner;На нашей территории %0:s на локации %1:s замечен сталкер Меченый. Наш гарнизон пропустил его.
[StoryEvents.Event-Dump2-3].Desc-NonOwner;Ходят слухи, что сталкер Меченый был замечен на территории %0:s локации %1:s
[StoryEvents.Event-Dump2-4].Name;Меченый напал на гарнизон территории
[StoryEvents.Event-Dump2-4].Desc-Owner;Наши патрули наткнулись на сталкера с прозвищем Меченый. Мы проиграли бой на территории %0:s локации %1:s... Наши потери:
[StoryEvents.Event-Dump2-4].Desc-NonOwner;Ходят слухи, что сталкер Меченый был замечен на территории %0:s локации %1:s
[StoryEvents.Event-Dump2-5].Name;Меченый продолжает идти
[StoryEvents.Event-Dump2-5].Desc-Owner;На нашей территории %0:s на локации %1:s замечен сталкер Меченый. Наш гарнизон пропустил его.
[StoryEvents.Event-Dump2-5].Desc-NonOwner;Ходят слухи, что сталкер Меченый был замечен на территории %0:s локации %1:s
[StoryEvents.Event-Dump2-6].Name;Меченый напал на гарнизон территории
[StoryEvents.Event-Dump2-6].Desc-Owner;Наши патрули наткнулись на сталкера с прозвищем Меченый. Мы проиграли бой на территории %0:s локации %1:s... Наши потери:
[StoryEvents.Event-Dump2-6].Desc-NonOwner;Ходят слухи, что сталкер Меченый был замечен на территории %0:s локации %1:s
[StoryEvents.Event-Dump2-7].Name;Меченый продолжает идти
[StoryEvents.Event-Dump2-7].Desc-Owner;На нашей территории %0:s на локации %1:s замечен сталкер Меченый. Наш гарнизон пропустил его.
[StoryEvents.Event-Dump2-7].Desc-NonOwner;Ходят слухи, что сталкер Меченый был замечен на территории %0:s локации %1:s
[StoryEvents.Event-Dump2-8].Name;Меченый напал на гарнизон территории
[StoryEvents.Event-Dump2-8].Desc-Owner;Наши патрули наткнулись на сталкера с прозвищем Меченый. Мы проиграли бой на территории %0:s локации %1:s... Наши потери:
[StoryEvents.Event-Dump2-8].Desc-NonOwner;Ходят слухи, что сталкер Меченый был замечен на территории %0:s локации %1:s
[StoryEvents.Event-Dump2-9].Name;Меченый продолжает идти
[StoryEvents.Event-Dump2-9].Desc-Owner;На нашей территории %0:s на локации %1:s замечен сталкер Меченый. Наш гарнизон пропустил его.
[StoryEvents.Event-Dump2-9].Desc-NonOwner;Ходят слухи, что сталкер Меченый был замечен на территории %0:s локации %1:s
[StoryEvents.Event-Dump2-10].Name;Меченый напал на гарнизон территории
[StoryEvents.Event-Dump2-10].Desc-Owner;Наши патрули наткнулись на сталкера с прозвищем Меченый. Мы проиграли бой на территории %0:s локации %1:s... Наши потери:
[StoryEvents.Event-Dump2-10].Desc-NonOwner;Ходят слухи, что сталкер Меченый был замечен на территории %0:s локации %1:s
[StoryEvents.Event-Rostok-Barmen].Name;Меченый продолжает идти
[StoryEvents.Event-Rostok-Barmen].Desc-Owner;Cталкер Меченый встретился с Барменом и отправляется в Тёмную долину.
[StoryEvents.Event-Rostok-Barmen].Desc-NonOwner;Cталкер Меченый встретился с Барменом и отправляется в Тёмную долину.
[StoryEvents.Event-Dump3-1].Name;Меченый продолжает идти
[StoryEvents.Event-Dump3-1].Desc-Owner;На нашей территории %0:s на локации %1:s замечен сталкер Меченый. Наш гарнизон пропустил его.
[StoryEvents.Event-Dump3-1].Desc-NonOwner;Ходят слухи, что сталкер Меченый был замечен на территории %0:s локации %1:s
[StoryEvents.Event-Dump3-2].Name;Меченый напал на гарнизон территории
[StoryEvents.Event-Dump3-2].Desc-Owner;Наши патрули наткнулись на сталкера с прозвищем Меченый. Мы проиграли бой на территории %0:s локации %1:s... Наши потери:
[StoryEvents.Event-Dump3-2].Desc-NonOwner;Ходят слухи, что сталкер Меченый был замечен на территории %0:s локации %1:s
[StoryEvents.Event-Dump3-3].Name;Меченый продолжает идти
[StoryEvents.Event-Dump3-3].Desc-Owner;На нашей территории %0:s на локации %1:s замечен сталкер Меченый. Наш гарнизон пропустил его.
[StoryEvents.Event-Dump3-3].Desc-NonOwner;Ходят слухи, что сталкер Меченый был замечен на территории %0:s локации %1:s
[StoryEvents.Event-Dump3-4].Name;Меченый напал на гарнизон территории
[StoryEvents.Event-Dump3-4].Desc-Owner;Наши патрули наткнулись на сталкера с прозвищем Меченый. Мы проиграли бой на территории %0:s локации %1:s... Наши потери:
[StoryEvents.Event-Dump3-4].Desc-NonOwner;Ходят слухи, что сталкер Меченый был замечен на территории %0:s локации %1:s
[StoryEvents.Event-Dump3-5].Name;Меченый продолжает идти
[StoryEvents.Event-Dump3-5].Desc-Owner;На нашей территории %0:s на локации %1:s замечен сталкер Меченый. Наш гарнизон пропустил его.
[StoryEvents.Event-Dump3-5].Desc-NonOwner;Ходят слухи, что сталкер Меченый был замечен на территории %0:s локации %1:s
[StoryEvents.Event-Dump3-6].Name;Меченый напал на гарнизон территории
[StoryEvents.Event-Dump3-6].Desc-Owner;Наши патрули наткнулись на сталкера с прозвищем Меченый. Мы проиграли бой на территории %0:s локации %1:s... Наши потери:
[StoryEvents.Event-Dump3-6].Desc-NonOwner;Ходят слухи, что сталкер Меченый был замечен на территории %0:s локации %1:s
[StoryEvents.Event-DarkVallery-Advisor-1].Name;Пуля
[StoryEvents.Event-DarkVallery-Advisor-1].Desc-Owner;Пуля теперь доступен как кандидат в заместители!
[StoryEvents.Event-DarkVallery-Advisor-1].Desc-NonOwner;Если вы это видите, то это баг ивента Event-DarkVallery-Advisor-1
[StoryEvents.Event-DarkVallery-Advisor-2].Name;Сергей Лохматый
[StoryEvents.Event-DarkVallery-Advisor-2].Desc-Owner;Сергей Лохматый теперь доступен как кандидат в заместители!
[StoryEvents.Event-DarkVallery-Advisor-2].Desc-NonOwner;Если вы это видите, то это баг ивента Event-DarkVallery-Advisor-2
[StoryEvents.Event-DarkVallery-ChangeLeader].Name;Смерть Борова
[StoryEvents.Event-DarkVallery-ChangeLeader].Desc-Owner;"В результате нападения Меченого погиб глава группировки. Ряд ""авторитетов"" организовали сходку, на которой решили временно управлять группировкой через коллективные решения. Несмотря на сохранение единства группировки, это привело к некоторому ухудшению ее управляемости."
[StoryEvents.Event-DarkVallery-ChangeLeader].Desc-NonOwner;"В результате нападения Меченого погиб глава группировки. Ряд ""авторитетов"" организовали сходку, на которой решили временно управлять группировкой через коллективные решения. Несмотря на сохранение единства группировки, это привело к некоторому ухудшению ее управляемости."
[StoryEvents.Event-Cordon2-1].Name;Меченый продолжает идти
[StoryEvents.Event-Cordon2-1].Desc-Owner;К нам поступила информация, что Меченый обнаружен на Кордоне и движется в сторону локации %1:s
[StoryEvents.Event-Cordon2-1].Desc-NonOwner;Ходят слухи, что сталкер Меченый был замечен на Кордоне и движется в сторону локации %1:s
[StoryEvents.Event-Dump4-1].Name;Меченый продолжает идти
[StoryEvents.Event-Dump4-1].Desc-Owner;На нашей территории %0:s на локации %1:s замечен сталкер Меченый. Наш гарнизон пропустил его.
[StoryEvents.Event-Dump4-1].Desc-NonOwner;Ходят слухи, что сталкер Меченый был замечен на территории %0:s локации %1:s
[StoryEvents.Event-Dump4-2].Name;Меченый напал на гарнизон территории
[StoryEvents.Event-Dump4-2].Desc-Owner;Наши патрули наткнулись на сталкера с прозвищем Меченый. Мы проиграли бой на территории %0:s локации %1:s... Наши потери:
[StoryEvents.Event-Dump4-2].Desc-NonOwner;Ходят слухи, что сталкер Меченый был замечен на территории %0:s локации %1:s
[StoryEvents.Event-Dump4-3].Name;Меченый продолжает идти
[StoryEvents.Event-Dump4-3].Desc-Owner;На нашей территории %0:s на локации %1:s замечен сталкер Меченый. Наш гарнизон пропустил его.
[StoryEvents.Event-Dump4-3].Desc-NonOwner;Ходят слухи, что сталкер Меченый был замечен на территории %0:s локации %1:s
[StoryEvents.Event-Dump4-4].Name;Меченый напал на гарнизон территории
[StoryEvents.Event-Dump4-4].Desc-Owner;Наши патрули наткнулись на сталкера с прозвищем Меченый. Мы проиграли бой на территории %0:s локации %1:s... Наши потери:
[StoryEvents.Event-Dump4-4].Desc-NonOwner;Ходят слухи, что сталкер Меченый был замечен на территории %0:s локации %1:s
[StoryEvents.Event-Dump4-5].Name;Меченый продолжает идти
[StoryEvents.Event-Dump4-5].Desc-Owner;На нашей территории %0:s на локации %1:s замечен сталкер Меченый. Наш гарнизон пропустил его.
[StoryEvents.Event-Dump4-5].Desc-NonOwner;Ходят слухи, что сталкер Меченый был замечен на территории %0:s локации %1:s
[StoryEvents.Event-Dump4-6].Name;Меченый напал на гарнизон территории
[StoryEvents.Event-Dump4-6].Desc-Owner;Наши патрули наткнулись на сталкера с прозвищем Меченый. Мы проиграли бой на территории %0:s локации %1:s... Наши потери:
[StoryEvents.Event-Dump4-6].Desc-NonOwner;Ходят слухи, что сталкер Меченый был замечен на территории %0:s локации %1:s
[StoryEvents.Event-Dump4-7].Name;Меченый продолжает идти
[StoryEvents.Event-Dump4-7].Desc-Owner;На нашей территории %0:s на локации %1:s замечен сталкер Меченый. Наш гарнизон пропустил его.
[StoryEvents.Event-Dump4-7].Desc-NonOwner;Ходят слухи, что сталкер Меченый был замечен на территории %0:s локации %1:s
[StoryEvents.Event-Dump4-8].Name;Меченый напал на гарнизон территории
[StoryEvents.Event-Dump4-8].Desc-Owner;Наши патрули наткнулись на сталкера с прозвищем Меченый. Мы проиграли бой на территории %0:s локации %1:s... Наши потери:
[StoryEvents.Event-Dump4-8].Desc-NonOwner;Ходят слухи, что сталкер Меченый был замечен на территории %0:s локации %1:s
[StoryEvents.Event-Dump4-9].Name;Меченый продолжает идти
[StoryEvents.Event-Dump4-9].Desc-Owner;На нашей территории %0:s на локации %1:s замечен сталкер Меченый. Наш гарнизон пропустил его.
[StoryEvents.Event-Dump4-9].Desc-NonOwner;Ходят слухи, что сталкер Меченый был замечен на территории %0:s локации %1:s
[StoryEvents.Event-Dump4-10].Name;Меченый напал на гарнизон территории
[StoryEvents.Event-Dump4-10].Desc-Owner;Наши патрули наткнулись на сталкера с прозвищем Меченый. Мы проиграли бой на территории %0:s локации %1:s... Наши потери:
[StoryEvents.Event-Dump4-10].Desc-NonOwner;Ходят слухи, что сталкер Меченый был замечен на территории %0:s локации %1:s
[StoryEvents.Event-Dump4-11].Name;Меченый продолжает идти
[StoryEvents.Event-Dump4-11].Desc-Owner;На нашей территории %0:s на локации %1:s замечен сталкер Меченый. Наш гарнизон пропустил его.
[StoryEvents.Event-Dump4-11].Desc-NonOwner;Ходят слухи, что сталкер Меченый был замечен на территории %0:s локации %1:s
[StoryEvents.Event-Dump4-12].Name;Меченый напал на гарнизон территории
[StoryEvents.Event-Dump4-12].Desc-Owner;Наши патрули наткнулись на сталкера с прозвищем Меченый. Мы проиграли бой на территории %0:s локации %1:s... Наши потери:
[StoryEvents.Event-Dump4-12].Desc-NonOwner;Ходят слухи, что сталкер Меченый был замечен на территории %0:s локации %1:s
[StoryEvents.Event-Rostok-PreEnd].Name;Меченый уже на заводе Росток!
[StoryEvents.Event-Rostok-PreEnd].Desc-Owner;Меченый уже на другой локации. Мы не успеваем захватить локацию!
[StoryEvents.Event-Rostok-PreEnd].Desc-NonOwner;Меченый уже на другой локации. Мы не успеваем захватить локацию!
[StoryEvents.Event-End].Name;Меченый в Баре!
[StoryEvents.Event-End].Desc-Owner;Что ж. Меченый больше не вернётся на локацию %1:s. Ваша групировка так и не успела взять все территории локации...
[StoryEvents.Event-End].Desc-NonOwner;Меченый больше не вернётся на локацию %1:s. Ваша групировка так и не успела взять все территории локации...
ScenarioName;Битва за Свалку. Тень Чернобыля
ScenarioDescription;Данный сценарий имеет ограничение по количеству ходов. Вам необходимо захватить всю Свалку до того, как Меченый доберется c Темной долины через Кордон на Завод Росток. Дипломатия между группировками близка к канону.
ScenarioVictoryDescription;Условия победы: захватить все территории на карте и удержать их 1 ход.
ScenarioLoseDescription;Условия поражения: потерять все подконтрольные территории или не выполнить условия победы примерно за 57 ходов.
[Groups.bandits.:main].Spy1-Name;Новичок
[Groups.bandits.:main].Spy2-Name;Опытный
[Groups.bandits.:main].Spy3-Name;Ветеран
[Groups.bandits.:main].Spy4-Name;Мастер
[Groups.bandits.:main].Name;Бандиты
[Groups.bandits.:main].Description;Бандиты – криминальная сторона Зоны. Имеют под своим контролем несколько территорий на Свалке. Большинство подконтрольных точек не связаны между собой, что ведет к ряду проблем. Не имеют достойного вооружения и большого числа умеющих воевать в своих рядах. Группировке необходимо объединить отряды на локации для успешного противостоянию другим.
[Groups.bandits.:main].DiplomacyText-Question-War;Ну, че фраер, допрыгался? Расчихляй валыну! Братва к тебе уже катит!
[Groups.bandits.:main].DiplomacyText-Question-Neutral;Э-э-э! Братела, не суетись, а? Пора перестать шмалять друг-друга, лады?
[Groups.bandits.:main].DiplomacyText-Question-Alliance;Э, Братела, давай союзничками будем? А? Там... шмалять вместе гавриков... Всё такое.. М? Лады?
[Groups.bandits.:main].DiplomacyText-Question-BreakAlliance;Не, ну ты фраер, ну ты конкретный лох, теперь дальше каждый сам за себя!
[Groups.bandits.:main].DiplomacyText-RequestMoney-Ask;Э, сышишь кореш, мелочи не подкинешь, а? Нам бы вот столько:
[Groups.bandits.:main].DiplomacyText-Ans-0-Down;Ты на кого батон крошишь? Бычара, ты труп, ты понял?!
[Groups.bandits.:main].DiplomacyText-Ans-1-Down;Ну ты это вообще не о чем, мля...
[Groups.bandits.:main].DiplomacyText-Ans-1-No;Найдем - на меха порежем!
[Groups.bandits.:main].DiplomacyText-Ans-1-Yes;Сышишь, мы тя не тронем, в натуре за базар отвечаю!
[Groups.bandits.:main].DiplomacyText-Ans-2-No;Не, не, это нифига не то, ты гонишь!
[Groups.bandits.:main].DiplomacyText-Ans-2-Yes;Держись, кореш, щас все будет пучком...
[Groups.bandits.:main].DiplomacyText-RequestMoney-Ans-No;Ты че головой ударился? Откуда у нас такое бабло! Нам самим не помешало бы...
[Groups.bandits.:main].DiplomacyText-RequestMoney-Ans-Yes;Братела, держи баблишко!
[Groups.bandits.:main].DiplomacyText-Question-Neutral-No;Братела, ты, конечно, это зря! Не надо было так...
[Groups.bandits.:main].DiplomacyText-Question-Neutral-Yes;А чо, братела, порадовал! Молодца...
[Groups.bandits.:main].DiplomacyText-Question-Alliance-No;Братела, ты, конечно, это зря! Не надо было так...
[Groups.bandits.:main].DiplomacyText-Question-Alliance-Yes;О, братела, отлично! Теперь вместе фраеров шмалять будем!
[Groups.bandits.:main].Text-End-Step-Victory;Вы выжили! Победа!
[Groups.bandits.:main].Text-End-EventFlag-Victory;Победа по ивент флагу!
[Groups.bandits.:main].Text-End-Standart-Lose;Группировка была полностью уничтоженана локации, теперь Свалку буду делить другие группировки. Поражение!
[Groups.bandits.:main].Text-End-Step-Lose;Время истекло, Вы не смогли добиться контроля над Свалкой. Поражение!
[Groups.bandits.:main].Text-End-EventFlag-Lose;Время истекло, Вы не смогли добиться контроля над Свалкой. Поражение!
[Groups.bandits.Anarchy].Text-End-Standart-Victory;Победа! Внутри группировки назревал конфликт. Отряды на Свалке имели иные принципы, чем остальные бандиты и решили сформировать отдельную группировку с удобной базой на Свалке в Депо, где когда-то давно была база группировки Бандиты. После смерти Борова Бандиты не смогли организовать централизованную власть, поэтому отрядам на Свалке ни кто не смог помешать. Но одно дело отделиться, а другое дело удержать захваченное. С Одиночками и Долгом удалось помириться, но контролируемая локация - слишком лакомый кусок и перемирие вряд ли продлится долго...
[Groups.bandits.AntiZone].Text-End-Standart-Victory;Победа! Внутри группировки назревал конфликт. Отряды на Свалке имели иные принципы, чем остальные бандиты и решили сформировать отдельную группировку с удобной базой на Свалке в Депо, где когда-то давно была база группировки Бандиты. После смерти Борова Бандиты не смогли организовать централизованную власть, поэтому отрядам на Свалке ни кто не смог помешать. Но одно дело отделиться, а другое дело удержать захваченное. С Одиночками и Долгом удалось помириться, но контролируемая локация - слишком лакомый кусок. Бандиты точно захотят вернуть себе Свалку, Одиночки тоже не останутся в стороне. Появилась информация, что даже кто-то договаривается с Наёмниками, чтобы они тоже поучаствовали в конфликте. Скоро на Свалке точно будет «жарко».
[Groups.bandits.Control].Text-End-Standart-Victory;Победа! Отряды на Свалке вскоре всё меньше и меньше по своему поведению походили на то, чем являлись изначально. Криминала стало значительно меньше. Вводилась жесткая иерархия. Ситуацию наиболее точно описывало название «Штрафбат». Было решено сформировать отдельную группировку с удобной базой на Свалке в Депо, где когда-то давно была база группировки Бандиты. После смерти Борова Бандиты не смогли организовать централизованную власть, поэтому отрядам на Свалке ни кто не смог помешать. Но одно дело отделиться, а другое дело удержать захваченное. С Одиночками и Долгом удалось помириться, но контролируемая локация - слишком лакомый кусок. Новому «бугру» удалось договориться с Военными, поэтому внезапного десанта точно можно было не ожидать, но Бандиты и Одиночки постоянно накаляли обстановку…
[Groups.bandits.Crime].Text-End-Standart-Victory;Победа! Группировка вновь контролировала Свалку, но гибель Борова привела к децентрализации власти. Свалку под себя подмял местный новый «бугор», которой решил собирать бандитов вокруг себя с удобной базой на Свалке в Депо, где когда-то давно была база группировки Бандиты. Одно дело захватить локацию, а другое дело удержать. Одиночки и Долг готовились к новой битве за Свалку…
[Groups.bandits.Crime].Text-End-Step-Lose;"Время истекло. Пацаны говорят, что ""бугор"" из тебя никакой... Поражение!"
[Groups.bandits.Exploring].Text-End-Standart-Victory;Внутри группировки назревал конфликт. Отряды на Свалке имели иные принципы, чем остальные бандиты и решили сформировать отдельную группировку с удобной базой на Свалке в Депо, где когда-то давно была база группировки Бандиты. После смерти Борова Бандиты не смогли организовать централизованную власть, поэтому отрядам на Свалке ни кто не смог помешать. Но одно дело отделиться, а другое дело удержать захваченное. С Одиночками и Долгом удалось помириться, но контролируемая локация - слишком лакомый кусок и перемирие вряд ли продлится долго...
[Groups.bandits.Growth].Text-End-Standart-Victory;Внутри группировки назревал конфликт. Отряды на Свалке имели иные принципы, чем остальные бандиты и решили сформировать отдельную группировку с удобной базой на Свалке в Депо, где когда-то давно была база группировки Бандиты. После смерти Борова Бандиты не смогли организовать централизованную власть, поэтому отрядам на Свалке ни кто не смог помешать. Но одно дело отделиться, а другое дело удержать захваченное. С Одиночками и Долгом удалось помириться, но контролируемая локация - слишком лакомый кусок и перемирие вряд ли продлится долго...
[Groups.bandits.Growth].Text-End-Step-Lose;"Время истекло. Пацаны говорят, что ""бугор"" из тебя никакой... Поражение!"
[Groups.bandits.Mercenary].Text-End-Standart-Victory;Внутри группировки назревал конфликт. Отряды на Свалке имели иные принципы, чем остальные бандиты и решили сформировать отдельную группировку с удобной базой на Свалке в Депо, где когда-то давно была база группировки Бандиты. После смерти Борова Бандиты не смогли организовать централизованную власть, поэтому отрядам на Свалке ни кто не смог помешать. Но одно дело отделиться, а другое дело удержать захваченное. С Одиночками и Долгом удалось помириться, но контролируемая локация - слишком лакомый кусок и перемирие вряд ли продлится долго...
[Groups.bandits.Sectarianism].Text-End-Standart-Victory;Внутри группировки назревал конфликт. Отряды на Свалке имели иные принципы, чем остальные бандиты и решили сформировать отдельную группировку с удобной базой на Свалке в Депо, где когда-то давно была база группировки Бандиты. После смерти Борова Бандиты не смогли организовать централизованную власть, поэтому отрядам на Свалке ни кто не смог помешать. Но одно дело отделиться, а другое дело удержать захваченное. С Одиночками и Долгом удалось помириться, но контролируемая локация - слишком лакомый кусок и перемирие вряд ли продлится долго...
[Groups.bandits.Stability].Text-End-Standart-Victory;Внутри группировки назревал конфликт. Отряды на Свалке имели иные принципы, чем остальные бандиты и решили сформировать отдельную группировку с удобной базой на Свалке в Депо, где когда-то давно была база группировки Бандиты. После смерти Борова Бандиты не смогли организовать централизованную власть, поэтому отрядам на Свалке ни кто не смог помешать. Но одно дело отделиться, а другое дело удержать захваченное. С Одиночками и Долгом удалось помириться, но контролируемая локация - слишком лакомый кусок и перемирие вряд ли продлится долго...
[Groups.bandits.Stalkers].Text-End-Standart-Victory;Внутри группировки назревал конфликт. Отряды на Свалке имели иные принципы, чем остальные бандиты и решили сформировать отдельную группировку с удобной базой на Свалке в Депо, где когда-то давно была база группировки Бандиты. После смерти Борова Бандиты не смогли организовать централизованную власть, поэтому отрядам на Свалке ни кто не смог помешать. Но одно дело отделиться, а другое дело удержать захваченное. С Одиночками и Долгом удалось помириться, но контролируемая локация - слишком лакомый кусок и перемирие вряд ли продлится долго...
[Groups.bandits.Unknow].Text-End-Standart-Victory;Внутри группировки назревал конфликт. Отряды на Свалке имели иные принципы, чем остальные бандиты и решили сформировать отдельную группировку с удобной базой на Свалке в Депо, где когда-то давно была база группировки Бандиты. После смерти Борова Бандиты не смогли организовать централизованную власть, поэтому отрядам на Свалке ни кто не смог помешать. Но одно дело отделиться, а другое дело удержать захваченное. С Одиночками и Долгом удалось помириться, но контролируемая локация - слишком лакомый кусок и перемирие вряд ли продлится долго...
[Groups.bandits.Unknow].Text-End-Step-Lose;"Время истекло. Пацаны говорят, что ""бугор"" из тебя никакой... Поражение!"
[Groups.bandits.Zombie].Text-End-Standart-Victory;Внутри группировки назревал конфликт. Отряды на Свалке имели иные принципы, чем остальные бандиты и решили сформировать отдельную группировку с удобной базой на Свалке в Депо, где когда-то давно была база группировки Бандиты. После смерти Борова Бандиты не смогли организовать централизованную власть, поэтому отрядам на Свалке ни кто не смог помешать. Но одно дело отделиться, а другое дело удержать захваченное. С Одиночками и Долгом удалось помириться, но контролируемая локация - слишком лакомый кусок и перемирие вряд ли продлится долго...
[Groups.Duty.:main].Spy1-Name;Новичок
[Groups.Duty.:main].Spy2-Name;Опытный
[Groups.Duty.:main].Spy3-Name;Ветеран
[Groups.Duty.:main].Spy4-Name;Мастер
[Groups.Duty.:main].Name;Долг
[Groups.Duty.:main].Description;Долг – цель группировки защитить мир от заразы Зоны. Достаточно мощная военизированная группировка. Занимает лишь одну точку на локации Свалка, но при этом имеет хорошее вооружение и предрасположенность к борьбе с мутантами, а это гарантируют успех в умелых руках.
[Groups.Duty.:main].DiplomacyText-Question-War;Вы и ваша шайка угроза миру, пора с вами разобраться!
[Groups.Duty.:main].DiplomacyText-Question-Neutral;Мы хотим заключить с вами перемирие, Вы cогласны?
[Groups.Duty.:main].DiplomacyText-Question-Alliance;Мы предлагаем союз. Вместе мы сможем провернуть пару операций против наших врагов. Вы согласны?
[Groups.Duty.:main].DiplomacyText-Question-BreakAlliance;Мы больше не будем сотрудничать!
[Groups.Duty.:main].DiplomacyText-RequestMoney-Ask;Лишних денег не найдется? А то времена у нас тяжелые. Нам бы вот столько:
[Groups.Duty.:main].DiplomacyText-Ans-0-Down;Понятно. И от тебя Зону отчистим!
[Groups.Duty.:main].DiplomacyText-Ans-1-Down;Жа-а-аль, но раз Вы настаиваете, значит будет так.
[Groups.Duty.:main].DiplomacyText-Ans-1-No;Нет, сейчас мы точно на это не пойдем.
[Groups.Duty.:main].DiplomacyText-Ans-1-Yes;Мы надеемся на дальнейшее сотрудничество.
[Groups.Duty.:main].DiplomacyText-Ans-2-No;Нет, сейчас мы точно на это не пойдем.
[Groups.Duty.:main].DiplomacyText-Ans-2-Yes;Та-а-ак, отлично, по рукам!
[Groups.Duty.:main].DiplomacyText-RequestMoney-Ans-No;Нет, мы пока не можем помогать.
[Groups.Duty.:main].DiplomacyText-RequestMoney-Ans-Yes;Хорошо, мы Вам поможем.
[Groups.Duty.:main].DiplomacyText-Question-Neutral-No;Ох и зря Вы отказались!
[Groups.Duty.:main].DiplomacyText-Question-Neutral-Yes;Хорошо, это радует!
[Groups.Duty.:main].DiplomacyText-Question-Alliance-No;Ох и зря Вы отказались!
[Groups.Duty.:main].DiplomacyText-Question-Alliance-Yes;Хорошо, это радует!
[Groups.Duty.:main].Text-End-Step-Victory;Вы выжили! Победа!
[Groups.Duty.:main].Text-End-EventFlag-Victory;Победа по ивент флагу!
[Groups.Duty.:main].Text-End-Standart-Lose;Группировка была полностью уничтожена на локации, теперь Свалку буду делить другие группировки. Поражение!
[Groups.Duty.:main].Text-End-Step-Lose;Время истекло, Вы не смогли добиться контроля над Свалкой. Поражение!
[Groups.Duty.:main].Text-End-EventFlag-Lose;Время истекло, Вы не смогли добиться контроля над Свалкой. Поражение!
[Groups.Duty.Anarchy].Text-End-Standart-Victory;Победа! Группировка контролирует локацию, но отряды на Свалке теперь имеют иные идеологические взгляды, которые крайне приветствовались группировкой Свобода. Начался обмен разведанными и торговые сделки. Долг точно не будет терпеть такого противника на юге и захочет вернуть себе локацию. Но не стоит забывать про Бандитов и Одиночек, которые так же хотят вернуться на Свалку…
[Groups.Duty.AntiZone].Text-End-Standart-Victory;Победа! Группировка контролирует локацию. Приток артефактов и рекрутов значительно возрос, а мутанты истреблялись. Расширение группировки на Свалку значительно усилило Долг и укрепило мнение руководства, что надо продолжить экспансию на юге. Теперь следующей на очереди оказалась Тёмная Долина…
[Groups.Duty.Control].Text-End-Standart-Victory;Победа! Группировка контролирует локацию, но отряды на Свалке теперь имеют иные идеологические взгляды, которые были на руку Военным. Долг связан другими направлениями, по этому до этой локации ему пока что нет дела в отличии от Бандитов и Одиночек, которые явно еще устроят новую «Битву за Свалку»…
[Groups.Duty.Crime].Text-End-Standart-Victory;Победа! Группировка контролирует локацию, но отряды на Свалке теперь имеют иные идеологические взгляды, которые носили криминальный характер. Долг уже готовит карательные отряды для похода на юг, чтобы вернуть себе локацию, а Бандиты и Одиночки, открыто говорят о предстоящей попытке возврата ранее утерянных территорий…
[Groups.Duty.Exploring].Text-End-Standart-Victory;Победа! Группировка контролирует локацию, но отряды на свалки теперь имеют иные идеологические взгляды. Назревает конфликт между Долгом и отрядами на Свалке. Но не стоит забывать про Бандитов и Одиночек, которые так же хотят вернуться на локацию…
[Groups.Duty.Growth].Text-End-Standart-Victory;Победа! Группировка контролирует локацию, но отряды на свалки теперь имеют иные идеологические взгляды. Назревает конфликт между Долгом и отрядами на Свалке. Но не стоит забывать про Бандитов и Одиночек, которые так же хотят вернуться на локацию…
[Groups.Duty.Mercenary].Text-End-Standart-Victory;Победа! Группировка контролирует локацию, но отряды на свалки теперь имеют иные идеологические взгляды. Назревает конфликт между Долгом и отрядами на Свалке. Но не стоит забывать про Бандитов и Одиночек, которые так же хотят вернуться на локацию…
[Groups.Duty.Sectarianism].Text-End-Standart-Victory;Победа! Группировка контролирует локацию, но отряды на свалки теперь имеют иные идеологические взгляды. Назревает конфликт между Долгом и отрядами на Свалке. Но не стоит забывать про Бандитов и Одиночек, которые так же хотят вернуться на локацию…
[Groups.Duty.Stability].Text-End-Standart-Victory;Победа! Группировка контролирует локацию, но отряды на свалки теперь имеют иные идеологические взгляды. Назревает конфликт между Долгом и отрядами на Свалке. Но не стоит забывать про Бандитов и Одиночек, которые так же хотят вернуться на локацию…
[Groups.Duty.Stalkers].Text-End-Standart-Victory;Победа! Группировка контролирует локацию, но отряды на свалки теперь имеют иные идеологические взгляды. Назревает конфликт между Долгом и отрядами на Свалке. Но не стоит забывать про Бандитов и Одиночек, которые так же хотят вернуться на локацию…
[Groups.Duty.Unknow].Text-End-Standart-Victory;Победа! Группировка контролирует локацию, но отряды на свалки теперь имеют иные идеологические взгляды. Назревает конфликт между Долгом и отрядами на Свалке. Но не стоит забывать про Бандитов и Одиночек, которые так же хотят вернуться на локацию…
[Groups.Duty.Zombie].Text-End-Standart-Victory;Победа! Группировка контролирует локацию, но отряды на свалки теперь имеют иные идеологические взгляды. Назревает конфликт между Долгом и отрядами на Свалке. Но не стоит забывать про Бандитов и Одиночек, которые так же хотят вернуться на локацию…
[Groups.stalkers.:main].Spy1-Name;Новичок
[Groups.stalkers.:main].Spy2-Name;Опытный
[Groups.stalkers.:main].Spy3-Name;Ветеран
[Groups.stalkers.:main].Spy4-Name;Мастер
[Groups.stalkers.:main].Name;Одиночки
[Groups.stalkers.:main].Description;Слабая группировка с сильным потенциалом. На Свалке наиболее влиятельным сталкером считается Бес, который контролирует одну из важнейших территорий на локации. Отряд Серого же, второго по влиянию на Свалке, пытается защитить Депо от Бандитов. В случае, если сталкерам удастся реорганизоваться и объединиться, то есть возможность реализовать свой сильный потенциал и выдавить другие группировки с локации.
[Groups.stalkers.:main].DiplomacyText-Question-War;Мы объявляем вам войну!
[Groups.stalkers.:main].DiplomacyText-Question-Neutral;Пора закончить эту бойню, мы готовы к миру, а Вы?
[Groups.stalkers.:main].DiplomacyText-Question-Alliance;Мы хотим заключить с вами союз. Вы согласны?
[Groups.stalkers.:main].DiplomacyText-Question-BreakAlliance;Мы расторгаем союз!
[Groups.stalkers.:main].DiplomacyText-RequestMoney-Ask;У нас тут финансовые затруднения возникли. Нам бы помощь не помешала. Нас интересует сумма в таком вот размере:
[Groups.stalkers.:main].DiplomacyText-Ans-0-Down;Ну ты и крыса! Война, так война!
[Groups.stalkers.:main].DiplomacyText-Ans-1-Down;Да будет так.
[Groups.stalkers.:main].DiplomacyText-Ans-1-No;На данный момент мы не видим в этом необходимости.
[Groups.stalkers.:main].DiplomacyText-Ans-1-Yes;Да, мы согласны на прекращение огня.
[Groups.stalkers.:main].DiplomacyText-Ans-2-No;Мы не уверены, что нам сейчас это нужно.
[Groups.stalkers.:main].DiplomacyText-Ans-2-Yes;Да, мы согласны на сотрудничество.
[Groups.stalkers.:main].DiplomacyText-RequestMoney-Ans-No;Увы, но сейчас мы не в состоянии помочь такой суммой.
[Groups.stalkers.:main].DiplomacyText-RequestMoney-Ans-Yes;Ладно, мы перечислим вам эту сумму.
[Groups.stalkers.:main].DiplomacyText-Question-Neutral-No;Очень жаль, что Вы отказались!
[Groups.stalkers.:main].DiplomacyText-Question-Neutral-Yes;Хорошо! Мы рады, что Вы согласны!
[Groups.stalkers.:main].DiplomacyText-Question-Alliance-No;Очень жаль, что Вы отказались!
[Groups.stalkers.:main].DiplomacyText-Question-Alliance-Yes;Хорошо! Мы рады, что Вы согласны!
[Groups.stalkers.:main].Text-End-Step-Victory;Вы выжили! Победа!
[Groups.stalkers.:main].Text-End-EventFlag-Victory;Победа по ивент флагу!
[Groups.stalkers.:main].Text-End-Standart-Lose;Группировка была полностью уничтожена на локации, теперь Свалку буду делить другие группировки. Поражение!
[Groups.stalkers.:main].Text-End-Step-Lose;Время истекло, Вы не смогли добиться контроля над Свалкой. Поражение!
[Groups.stalkers.:main].Text-End-EventFlag-Lose;Время истекло, Вы не смогли добиться контроля над Свалкой. Поражение!
[Groups.stalkers.Anarchy].Text-End-Standart-Victory;Победа! Вскоре единая группировка сталкеров на Свалке разработала ряд правил похожих на тех, что были у группировки Свобода, но с некоторыми явными отличиями. Упор делался на деньги, а не на идею из-за большого потока артефактов и ключевого местоположения. Но Долг уже объявил о предстоящем походе на Свалку, чтобы убрать опасного соседа, который открыто дружит с их главным врагом. Ходят слухи даже о растущем внимании Военных к Свалке. Поможет ли поддержка Свободы, когда Бандиты и Одиночки тоже заявят о своих интересах на локацию?
[Groups.stalkers.AntiZone].Text-End-Standart-Victory;Победа! Вскоре единая группировка сталкеров на Свалке разработала ряд правил похожих на тех, что были у группировки Долг, но с некоторыми явными отличиями. Упор делался на деньги, а не на идею из-за большого потока артефактов и ключевого местоположения. Но Бандиты уже объявили о предстоящем походе на Свалку, чтобы вернуть себе «золотую жилу». Ходят слухи даже о растущем внимании Наёмников к Свалке. Поможет ли поддержка Долга, когда и Одиночки тоже заявят о своих интересах на локацию?
[Groups.stalkers.Control].Text-End-Standart-Victory;Победа! Вскоре единая группировка сталкеров на Свалке стала походить на частное военное формирование. Звания, четкая иерархия, мелькание людей из Военных привели к ограничениям прохода других группировок, в том числе обычных сталкеров. Долгу хоть и не нравится ситуация, но каких-либо действий не предпринимает. А вот Одиночки и Бандиты не готовы мириться с потерей ключевых маршрутов и уже объявили о предстоящих рейдах на локацию. Грядёт новая «Битва за Свалку»…
[Groups.stalkers.Crime].Text-End-Standart-Victory;Победа! Вскоре единая группировка сталкеров на Свалке распалась из-за «грызни» за власть. Произошло несколько перестрелок, которые привели к жертвам и оттоку сталкеров с локации, остатки уже совсем ушли в сторону криминала и бандитизма. Долг и Одиночки уже объявили, что будут наводить порядок на Свалке. Скоро будет очередная «Битва за Свалку»…
[Groups.stalkers.Exploring].Text-End-Standart-Victory;Победа! Вскоре единая группировка сталкеров на Свалке разработала ряд правил похожих на тех, что были у группировки Ученые, но с некоторыми явными отличиями. Упор делался на деньги, а не на идею из-за большого потока артефактов и ключевого местоположения. Но Наёмники уже объявил о предстоящем походе на Свалку, чтобы взять себе «золотую жилу». Ходят слухи даже о растущем внимании Свободы к Свалке. Что может помочь, когда Бандиты, не смотря на смерть Борова, тоже заявят о своих интересах на локацию?
[Groups.stalkers.Growth].Text-End-Standart-Victory;Победа! Вскоре вольные сталкеры создали правило, что на Свалке больше не будет каких-либо группировок, а тех, кто решал заняться бандитизмом - сдавали военным за Кордон. Зона стала открыта для изучения всем желающим. И менее опасна.
[Groups.stalkers.Mercenary].Text-End-Standart-Victory;Победа! Вскоре единая группировка сталкеров на Свалке разработала ряд правил похожих на тех, что были у группировки Наёмники. Но Военные уже объявили о предстоящем рейде на Свалку, чтобы уничтожить новую растущую группировку. Ходят слухи даже о растущем внимании Свободы к Свалке. Что может помочь, когда Бандиты, не смотря на смерть Борова, тоже заявят о своих интересах на локацию?
[Groups.stalkers.Sectarianism].Text-End-Standart-Victory;Победа! Вскоре единая группировка сталкеров на Свалке разработала ряд правил похожих на тех, что чаще всего встречается у секты. Но Долг уже объявили о предстоящем рейде на Свалку, чтобы уничтожить новую растущую группировку. Ходят слухи даже о растущем внимании Военных к Свалке. Что может помочь, когда Бандиты и Одиночки тоже заявят о своих интересах на локацию?
[Groups.stalkers.Stability].Text-End-Standart-Victory;Победа! Вскоре единая группировка сталкеров на Свалке разработала ряд правил похожих на тех, что были у давно забытого «Чистого неба». Но Бандиты, не смотря на смерть Борова, уже объявили о предстоящем рейде на Свалку, чтобы вернуть себе «золотую жилу». Ходят слухи даже о растущем внимании Военных к Свалке. Что может помочь, когда Бандиты и Одиночки тоже заявят о своих интересах на локацию?
[Groups.stalkers.Stalkers].Text-End-Standart-Victory;Победа! Вскоре единая группировка сталкеров на Свалке распалась из-за «грызни» за власть. Произошло несколько перестрелок, которые привели к жертвам и оттоку сталкеров с локации, чем сразу же воспользовались Бандиты и Долг, объявив о своих интересах на Свалку…
[Groups.stalkers.Unknow].Text-End-Standart-Victory;Победа! Вскоре вольные сталкеры создали правило, что на Свалке больше не будет каких-либо группировок, а тех, кто решал заняться бандитизмом - сдавали военным за Кордон. Зона стала открыта для изучения всем желающим. И менее опасна.
[Groups.stalkers.Zombie].Text-End-Standart-Victory;Победа! Теперь О-Сознание в безопасности. Вскоре пси-излучение покрыло всю Свалку благодаря увеличению числа излучателей. Даже Кордон стал опасен. Правительство хоть и не выпускало мутантов из Зоны, но больше не пыталось вернуть ее...
